transaction_id,transaction_date,vendor_name,category,amount,transaction_year
5,2020-01-01,"American Airlines",Travel,2019.68,2020
6,2020-01-01,Expensify,Software,50.00,2020
4,2020-01-01,Mailchimp,Marketing,NULL,2020
3,2020-01-01,Notion,Software,NULL,2020
7,2020-01-01,"Office Depot","Office Supplies",408.00,2020
1,2020-01-01,Slack,Software,87.00,2020
8,2020-01-01,Stripe,Software,59.00,2020
2,2020-01-01,Zoom,Software,149.00,2020
10,2020-01-02,Asana,Software,NULL,2020
11,2020-01-02,HubSpot,Marketing,499.86,2020
9,2020-01-02,WeWork,Rent,3200.00,2020
17,2020-01-03,"American Airlines",Travel,2822.63,2020
16,2020-01-03,"Google Ads",Marketing,1799.00,2020
18,2020-01-03,HubSpot,Marketing,983.30,2020
14,2020-01-03,Mailchimp,Marketing,299.00,2020
12,2020-01-03,Microsoft,Software,440.00,2020
13,2020-01-03,Notion,Software,NULL,2020
15,2020-01-03,Slack,Software,87.00,2020
22,2020-01-04,"American Airlines",Travel,1081.10,2020
20,2020-01-04,"Office Depot","Office Supplies",394.72,2020
23,2020-01-04,QuickBooks,Software,109.65,2020
19,2020-01-04,QuickBooks,Software,139.00,2020
21,2020-01-04,Salesforce,Software,NULL,2020
28,2020-01-05,Asana,Software,34.50,2020
30,2020-01-05,DHL,Shipping,187.00,2020
29,2020-01-05,Dropbox,Software,17.51,2020
26,2020-01-05,Dropbox,Software,19.94,2020
24,2020-01-05,HubSpot,Marketing,831.20,2020
25,2020-01-05,Notion,Software,16.00,2020
31,2020-01-05,"Office Depot","Office Supplies",NULL,2020
27,2020-01-05,Zoom,Software,149.00,2020
33,2020-01-06,Dropbox,Software,22.62,2020
32,2020-01-06,Expensify,Software,50.00,2020
34,2020-01-06,QuickBooks,Software,88.80,2020
35,2020-01-06,Zoom,Software,149.00,2020
41,2020-01-07,HubSpot,Marketing,1004.00,2020
37,2020-01-07,Microsoft,Software,233.81,2020
36,2020-01-07,Salesforce,Software,NULL,2020
42,2020-01-07,Staples,"Office Supplies",398.30,2020
40,2020-01-07,Stripe,Software,59.00,2020
38,2020-01-07,WeWork,Rent,3200.00,2020
39,2020-01-07,Zoom,Software,149.00,2020
45,2020-01-08,Amazon,"Office Supplies",234.89,2020
44,2020-01-08,Amazon,"Office Supplies",1217.79,2020
47,2020-01-08,Dropbox,Software,17.38,2020
43,2020-01-08,Expensify,Software,50.00,2020
48,2020-01-08,HubSpot,Marketing,505.90,2020
49,2020-01-08,Mailchimp,Marketing,299.00,2020
46,2020-01-08,WeWork,Rent,3200.00,2020
51,2020-01-09,Expensify,Software,NULL,2020
52,2020-01-09,QuickBooks,Software,62.00,2020
50,2020-01-09,Slack,Software,87.00,2020
55,2020-01-10,Expensify,Software,50.00,2020
54,2020-01-10,"LinkedIn Ads",Marketing,775.23,2020
53,2020-01-10,Mailchimp,Marketing,299.00,2020
58,2020-01-11,AWS,Software,1225.99,2020
57,2020-01-11,"Office Depot","Office Supplies",428.90,2020
56,2020-01-11,QuickBooks,Software,179.91,2020
60,2020-01-12,Microsoft,Software,298.10,2020
62,2020-01-12,Notion,Software,NULL,2020
59,2020-01-12,Staples,"Office Supplies",50.80,2020
61,2020-01-12,Zoom,Software,149.00,2020
64,2020-01-13,Uber,Travel,NULL,2020
63,2020-01-13,Uber,Travel,187.73,2020
65,2020-01-13,WeWork,Rent,3200.00,2020
71,2020-01-14,Amazon,"Office Supplies",970.74,2020
67,2020-01-14,Asana,Software,35.00,2020
70,2020-01-14,Expensify,Software,50.00,2020
66,2020-01-14,Slack,Software,87.00,2020
68,2020-01-14,Stripe,Software,59.00,2020
74,2020-01-15,Expensify,Software,50.00,2020
72,2020-01-15,HubSpot,Marketing,570.00,2020
73,2020-01-15,WeWork,Rent,3200.00,2020
78,2020-01-16,"Delta Airlines",Travel,1812.50,2020
82,2020-01-16,"Google Ads",Marketing,2801.30,2020
75,2020-01-16,HubSpot,Marketing,639.50,2020
80,2020-01-16,QuickBooks,Software,105.06,2020
81,2020-01-16,Salesforce,Software,800.00,2020
76,2020-01-16,Stripe,Software,NULL,2020
79,2020-01-16,Stripe,Software,59.00,2020
77,2020-01-16,Zoom,Software,149.00,2020
83,2020-01-17,Amazon,"Office Supplies",312.56,2020
88,2020-01-17,Asana,Software,82.46,2020
86,2020-01-17,FedEx,Shipping,94.62,2020
87,2020-01-17,FedEx,Shipping,242.80,2020
89,2020-01-17,"Google Ads",Marketing,3435.80,2020
84,2020-01-17,HubSpot,Marketing,428.82,2020
85,2020-01-17,"LinkedIn Ads",Marketing,691.17,2020
91,2020-01-18,DHL,Shipping,219.00,2020
92,2020-01-18,"Google Ads",Marketing,NULL,2020
90,2020-01-18,"Google Ads",Marketing,2788.70,2020
93,2020-01-19,AWS,Software,1267.70,2020
94,2020-01-19,FedEx,Shipping,119.35,2020
95,2020-01-19,Mailchimp,Marketing,299.00,2020
97,2020-01-20,DHL,Shipping,245.76,2020
100,2020-01-20,"LinkedIn Ads",Marketing,1409.30,2020
98,2020-01-20,Slack,Software,87.00,2020
99,2020-01-20,Uber,Travel,59.00,2020
96,2020-01-20,WeWork,Rent,3200.00,2020
106,2020-01-21,"American Airlines",Travel,1027.80,2020
104,2020-01-21,Asana,Software,51.00,2020
101,2020-01-21,"Delta Airlines",Travel,860.39,2020
107,2020-01-21,DHL,Shipping,236.58,2020
105,2020-01-21,Dropbox,Software,18.10,2020
102,2020-01-21,Dropbox,Software,24.26,2020
103,2020-01-21,FedEx,Shipping,152.00,2020
114,2020-01-22,Amazon,"Office Supplies",187.81,2020
113,2020-01-22,DHL,Shipping,94.84,2020
112,2020-01-22,DHL,Shipping,167.41,2020
110,2020-01-22,Expensify,Software,50.00,2020
111,2020-01-22,Marriott,Travel,NULL,2020
109,2020-01-22,Microsoft,Software,250.00,2020
108,2020-01-22,Notion,Software,16.00,2020
116,2020-01-23,AWS,Software,2118.33,2020
120,2020-01-23,Expensify,Software,50.00,2020
115,2020-01-23,"LinkedIn Ads",Marketing,1829.20,2020
118,2020-01-23,Mailchimp,Marketing,299.00,2020
117,2020-01-23,"Office Depot","Office Supplies",434.40,2020
119,2020-01-23,Uber,Travel,180.50,2020
121,2020-01-24,Asana,Software,87.00,2020
123,2020-01-24,Expensify,Software,50.00,2020
122,2020-01-24,HubSpot,Marketing,756.70,2020
124,2020-01-24,"Office Depot","Office Supplies",395.51,2020
125,2020-01-24,Stripe,Software,59.00,2020
129,2020-01-25,"LinkedIn Ads",Marketing,593.40,2020
130,2020-01-25,"Office Depot","Office Supplies",304.50,2020
128,2020-01-25,WeWork,Rent,3200.00,2020
127,2020-01-25,Zoom,Software,149.00,2020
131,2020-01-26,Amazon,"Office Supplies",1891.20,2020
136,2020-01-26,Asana,Software,67.39,2020
133,2020-01-26,AWS,Software,1253.22,2020
132,2020-01-26,"LinkedIn Ads",Marketing,1307.33,2020
135,2020-01-26,Marriott,Travel,224.27,2020
134,2020-01-26,Staples,"Office Supplies",167.70,2020
137,2020-01-27,QuickBooks,Software,105.72,2020
139,2020-01-27,Salesforce,Software,800.00,2020
138,2020-01-27,Uber,Travel,100.20,2020
143,2020-01-28,Amazon,"Office Supplies",1280.50,2020
145,2020-01-28,"American Airlines",Travel,917.48,2020
144,2020-01-28,DHL,Shipping,50.70,2020
141,2020-01-28,FedEx,Shipping,NULL,2020
140,2020-01-28,Stripe,Software,59.00,2020
142,2020-01-28,Uber,Travel,233.64,2020
148,2020-01-29,"American Airlines",Travel,755.32,2020
146,2020-01-29,Microsoft,Software,NULL,2020
147,2020-01-29,Notion,Software,16.00,2020
149,2020-01-29,Slack,Software,87.00,2020
153,2020-01-30,"American Airlines",Travel,628.00,2020
154,2020-01-30,Asana,Software,86.60,2020
152,2020-01-30,AWS,Software,706.60,2020
155,2020-01-30,Expensify,Software,50.00,2020
156,2020-01-30,Salesforce,Software,800.00,2020
150,2020-01-30,Uber,Travel,123.00,2020
151,2020-01-30,WeWork,Rent,3200.00,2020
159,2020-01-31,AWS,Software,1218.00,2020
157,2020-01-31,Expensify,Software,50.00,2020
161,2020-01-31,HubSpot,Marketing,408.12,2020
158,2020-01-31,Salesforce,Software,800.00,2020
160,2020-01-31,Stripe,Software,59.00,2020
164,2020-02-01,Amazon,"Office Supplies",276.80,2020
163,2020-02-01,"American Airlines",Travel,1533.10,2020
162,2020-02-01,Marriott,Travel,332.89,2020
165,2020-02-01,Microsoft,Software,382.00,2020
169,2020-02-02,"Delta Airlines",Travel,776.00,2020
171,2020-02-02,"Google Ads",Marketing,1616.12,2020
166,2020-02-02,Marriott,Travel,397.70,2020
168,2020-02-02,Salesforce,Software,800.00,2020
170,2020-02-02,Slack,Software,87.00,2020
167,2020-02-02,Stripe,Software,59.00,2020
175,2020-02-03,"Google Ads",Marketing,3406.80,2020
174,2020-02-03,Notion,Software,16.00,2020
173,2020-02-03,QuickBooks,Software,162.90,2020
176,2020-02-03,Slack,Software,87.00,2020
172,2020-02-03,Uber,Travel,293.06,2020
179,2020-02-04,"LinkedIn Ads",Marketing,1409.48,2020
181,2020-02-04,Microsoft,Software,451.00,2020
182,2020-02-04,Notion,Software,16.00,2020
183,2020-02-04,"Office Depot","Office Supplies",127.66,2020
180,2020-02-04,"Office Depot","Office Supplies",275.60,2020
177,2020-02-04,QuickBooks,Software,139.00,2020
178,2020-02-04,WeWork,Rent,NULL,2020
185,2020-02-05,"LinkedIn Ads",Marketing,1175.00,2020
184,2020-02-05,Mailchimp,Marketing,NULL,2020
186,2020-02-05,Uber,Travel,92.50,2020
187,2020-02-05,WeWork,Rent,3200.00,2020
193,2020-02-06,Asana,Software,32.00,2020
190,2020-02-06,Asana,Software,82.00,2020
191,2020-02-06,Expensify,Software,50.00,2020
188,2020-02-06,Slack,Software,87.00,2020
192,2020-02-06,Stripe,Software,59.00,2020
189,2020-02-06,Zoom,Software,149.00,2020
200,2020-02-07,"American Airlines",Travel,1587.30,2020
199,2020-02-07,DHL,Shipping,48.50,2020
195,2020-02-07,"Office Depot","Office Supplies",345.97,2020
196,2020-02-07,"Office Depot","Office Supplies",385.40,2020
194,2020-02-07,Stripe,Software,59.00,2020
198,2020-02-07,WeWork,Rent,3200.00,2020
204,2020-02-08,"Delta Airlines",Travel,1440.60,2020
203,2020-02-08,DHL,Shipping,220.61,2020
206,2020-02-08,HubSpot,Marketing,504.80,2020
205,2020-02-08,QuickBooks,Software,NULL,2020
202,2020-02-08,Slack,Software,87.00,2020
201,2020-02-08,Uber,Travel,152.00,2020
211,2020-02-09,AWS,Software,4676.00,2020
210,2020-02-09,Expensify,Software,50.00,2020
208,2020-02-09,"Google Ads",Marketing,NULL,2020
212,2020-02-09,"LinkedIn Ads",Marketing,1752.09,2020
215,2020-02-09,Salesforce,Software,800.00,2020
209,2020-02-09,WeWork,Rent,3200.00,2020
219,2020-02-10,"Delta Airlines",Travel,2457.70,2020
218,2020-02-10,HubSpot,Marketing,1010.00,2020
220,2020-02-10,Mailchimp,Marketing,299.00,2020
216,2020-02-10,Marriott,Travel,284.40,2020
217,2020-02-10,Zoom,Software,149.00,2020
225,2020-02-11,Amazon,"Office Supplies",1472.64,2020
227,2020-02-11,Asana,Software,78.00,2020
221,2020-02-11,AWS,Software,3585.10,2020
223,2020-02-11,AWS,Software,4831.00,2020
222,2020-02-11,DHL,Shipping,203.29,2020
228,2020-02-11,DHL,Shipping,218.00,2020
224,2020-02-11,Slack,Software,87.00,2020
226,2020-02-11,WeWork,Rent,3200.00,2020
229,2020-02-12,"American Airlines",Travel,2684.83,2020
230,2020-02-12,Asana,Software,34.00,2020
236,2020-02-12,"Google Ads",Marketing,1272.70,2020
233,2020-02-12,"Google Ads",Marketing,2673.80,2020
235,2020-02-12,"LinkedIn Ads",Marketing,718.35,2020
231,2020-02-12,Mailchimp,Marketing,299.00,2020
232,2020-02-12,"Office Depot","Office Supplies",327.90,2020
234,2020-02-12,Salesforce,Software,800.00,2020
243,2020-02-13,AWS,Software,711.00,2020
240,2020-02-13,DHL,Shipping,NULL,2020
239,2020-02-13,DHL,Shipping,27.00,2020
237,2020-02-13,DHL,Shipping,79.19,2020
242,2020-02-13,Expensify,Software,50.00,2020
238,2020-02-13,Mailchimp,Marketing,299.00,2020
241,2020-02-13,Notion,Software,16.00,2020
246,2020-02-14,Asana,Software,82.00,2020
248,2020-02-14,Mailchimp,Marketing,299.00,2020
250,2020-02-14,Microsoft,Software,NULL,2020
244,2020-02-14,Microsoft,Software,497.40,2020
247,2020-02-14,"Office Depot","Office Supplies",405.00,2020
249,2020-02-14,QuickBooks,Software,62.63,2020
245,2020-02-14,Stripe,Software,59.00,2020
253,2020-02-15,Dropbox,Software,20.02,2020
252,2020-02-15,"Google Ads",Marketing,1342.00,2020
257,2020-02-15,HubSpot,Marketing,692.62,2020
255,2020-02-15,Marriott,Travel,541.70,2020
254,2020-02-15,Stripe,Software,59.00,2020
256,2020-02-15,WeWork,Rent,3200.00,2020
251,2020-02-15,Zoom,Software,149.00,2020
260,2020-02-16,DHL,Shipping,NULL,2020
265,2020-02-16,HubSpot,Marketing,508.50,2020
264,2020-02-16,Microsoft,Software,NULL,2020
263,2020-02-16,QuickBooks,Software,103.08,2020
262,2020-02-16,QuickBooks,Software,157.00,2020
261,2020-02-16,Salesforce,Software,800.00,2020
259,2020-02-16,Staples,"Office Supplies",337.85,2020
267,2020-02-17,AWS,Software,3155.00,2020
272,2020-02-17,Expensify,Software,50.00,2020
270,2020-02-17,FedEx,Shipping,181.00,2020
269,2020-02-17,Mailchimp,Marketing,NULL,2020
266,2020-02-17,Marriott,Travel,476.97,2020
271,2020-02-17,Uber,Travel,137.50,2020
268,2020-02-17,Uber,Travel,216.40,2020
275,2020-02-18,Mailchimp,Marketing,299.00,2020
273,2020-02-18,Salesforce,Software,800.00,2020
274,2020-02-18,WeWork,Rent,3200.00,2020
279,2020-02-19,Amazon,"Office Supplies",NULL,2020
278,2020-02-19,FedEx,Shipping,245.00,2020
280,2020-02-19,"LinkedIn Ads",Marketing,1289.10,2020
277,2020-02-19,Slack,Software,NULL,2020
276,2020-02-19,Zoom,Software,149.00,2020
282,2020-02-20,Dropbox,Software,17.00,2020
283,2020-02-20,Expensify,Software,NULL,2020
281,2020-02-20,"Office Depot","Office Supplies",200.20,2020
284,2020-02-20,Staples,"Office Supplies",NULL,2020
286,2020-02-20,Zoom,Software,149.00,2020
287,2020-02-21,Asana,Software,67.10,2020
291,2020-02-21,Expensify,Software,50.00,2020
292,2020-02-21,"LinkedIn Ads",Marketing,968.79,2020
290,2020-02-21,"LinkedIn Ads",Marketing,1177.00,2020
289,2020-02-21,QuickBooks,Software,164.10,2020
288,2020-02-21,Slack,Software,NULL,2020
293,2020-02-22,AWS,Software,522.24,2020
296,2020-02-22,DHL,Shipping,52.50,2020
299,2020-02-22,DHL,Shipping,133.00,2020
298,2020-02-22,FedEx,Shipping,66.94,2020
295,2020-02-22,HubSpot,Marketing,447.00,2020
300,2020-02-22,HubSpot,Marketing,694.05,2020
294,2020-02-22,"LinkedIn Ads",Marketing,644.85,2020
297,2020-02-22,Marriott,Travel,173.00,2020
303,2020-02-23,Amazon,"Office Supplies",442.00,2020
302,2020-02-23,Asana,Software,95.00,2020
301,2020-02-23,HubSpot,Marketing,1179.64,2020
305,2020-02-23,Notion,Software,NULL,2020
306,2020-02-23,QuickBooks,Software,NULL,2020
304,2020-02-23,Salesforce,Software,800.00,2020
310,2020-02-24,DHL,Shipping,43.40,2020
308,2020-02-24,Microsoft,Software,402.56,2020
307,2020-02-24,Staples,"Office Supplies",196.00,2020
309,2020-02-24,Uber,Travel,72.01,2020
314,2020-02-25,Asana,Software,33.83,2020
311,2020-02-25,Asana,Software,60.94,2020
313,2020-02-25,Dropbox,Software,NULL,2020
312,2020-02-25,FedEx,Shipping,151.80,2020
315,2020-02-25,"Office Depot","Office Supplies",94.00,2020
316,2020-02-25,Slack,Software,87.00,2020
319,2020-02-26,Amazon,"Office Supplies",NULL,2020
320,2020-02-26,Notion,Software,16.00,2020
317,2020-02-26,Staples,"Office Supplies",236.00,2020
318,2020-02-26,WeWork,Rent,3200.00,2020
322,2020-02-27,Asana,Software,62.00,2020
325,2020-02-27,Microsoft,Software,411.03,2020
324,2020-02-27,Notion,Software,NULL,2020
321,2020-02-27,Slack,Software,87.00,2020
323,2020-02-27,WeWork,Rent,NULL,2020
326,2020-02-28,Dropbox,Software,21.33,2020
328,2020-02-28,Mailchimp,Marketing,299.00,2020
327,2020-02-28,"Office Depot","Office Supplies",194.21,2020
331,2020-02-29,DHL,Shipping,232.00,2020
333,2020-02-29,Expensify,Software,50.00,2020
334,2020-02-29,FedEx,Shipping,171.90,2020
330,2020-02-29,"Office Depot","Office Supplies",325.10,2020
332,2020-02-29,QuickBooks,Software,91.10,2020
335,2020-02-29,Uber,Travel,45.36,2020
329,2020-02-29,Zoom,Software,149.00,2020
341,2020-03-01,"American Airlines",Travel,436.12,2020
338,2020-03-01,Expensify,Software,50.00,2020
343,2020-03-01,FedEx,Shipping,136.90,2020
342,2020-03-01,Mailchimp,Marketing,299.00,2020
337,2020-03-01,Notion,Software,16.00,2020
339,2020-03-01,Salesforce,Software,800.00,2020
336,2020-03-01,WeWork,Rent,3200.00,2020
344,2020-03-02,DHL,Shipping,159.00,2020
346,2020-03-02,Microsoft,Software,238.20,2020
348,2020-03-02,Microsoft,Software,488.70,2020
347,2020-03-02,Salesforce,Software,800.00,2020
345,2020-03-02,WeWork,Rent,3200.00,2020
349,2020-03-03,Asana,Software,NULL,2020
351,2020-03-03,DHL,Shipping,183.14,2020
352,2020-03-03,QuickBooks,Software,137.16,2020
350,2020-03-03,Staples,"Office Supplies",275.22,2020
354,2020-03-04,"Delta Airlines",Travel,798.39,2020
357,2020-03-04,DHL,Shipping,100.77,2020
356,2020-03-04,HubSpot,Marketing,1068.10,2020
355,2020-03-04,Microsoft,Software,NULL,2020
353,2020-03-04,Microsoft,Software,213.10,2020
362,2020-03-05,"Delta Airlines",Travel,1109.20,2020
360,2020-03-05,Expensify,Software,50.00,2020
364,2020-03-05,"Google Ads",Marketing,3005.61,2020
361,2020-03-05,Mailchimp,Marketing,299.00,2020
359,2020-03-05,Marriott,Travel,346.95,2020
358,2020-03-05,Staples,"Office Supplies",103.99,2020
366,2020-03-06,"American Airlines",Travel,2568.00,2020
369,2020-03-06,FedEx,Shipping,281.90,2020
368,2020-03-06,"LinkedIn Ads",Marketing,637.60,2020
365,2020-03-06,Uber,Travel,203.12,2020
367,2020-03-06,WeWork,Rent,3200.00,2020
373,2020-03-07,"American Airlines",Travel,2527.10,2020
374,2020-03-07,Expensify,Software,50.00,2020
370,2020-03-07,FedEx,Shipping,101.00,2020
371,2020-03-07,Mailchimp,Marketing,299.00,2020
376,2020-03-07,Slack,Software,87.00,2020
375,2020-03-07,Stripe,Software,59.00,2020
372,2020-03-07,Zoom,Software,149.00,2020
377,2020-03-08,Mailchimp,Marketing,299.00,2020
379,2020-03-08,QuickBooks,Software,117.00,2020
378,2020-03-08,WeWork,Rent,3200.00,2020
384,2020-03-09,FedEx,Shipping,NULL,2020
381,2020-03-09,"Google Ads",Marketing,NULL,2020
380,2020-03-09,"LinkedIn Ads",Marketing,502.40,2020
383,2020-03-09,Staples,"Office Supplies",NULL,2020
382,2020-03-09,WeWork,Rent,3200.00,2020
385,2020-03-10,FedEx,Shipping,102.69,2020
386,2020-03-10,"Office Depot","Office Supplies",303.49,2020
387,2020-03-10,Uber,Travel,125.12,2020
393,2020-03-11,"Delta Airlines",Travel,929.44,2020
388,2020-03-11,Expensify,Software,50.00,2020
392,2020-03-11,HubSpot,Marketing,NULL,2020
395,2020-03-11,"LinkedIn Ads",Marketing,1834.20,2020
394,2020-03-11,QuickBooks,Software,93.00,2020
390,2020-03-11,Uber,Travel,NULL,2020
391,2020-03-11,Uber,Travel,115.20,2020
389,2020-03-11,Zoom,Software,149.00,2020
396,2020-03-12,"Google Ads",Marketing,2139.00,2020
398,2020-03-12,"Google Ads",Marketing,2272.78,2020
400,2020-03-12,"Google Ads",Marketing,2662.36,2020
399,2020-03-12,Salesforce,Software,800.00,2020
397,2020-03-12,WeWork,Rent,NULL,2020
403,2020-03-13,Amazon,"Office Supplies",371.30,2020
406,2020-03-13,DHL,Shipping,126.20,2020
405,2020-03-13,FedEx,Shipping,139.54,2020
401,2020-03-13,FedEx,Shipping,199.86,2020
407,2020-03-13,"Office Depot","Office Supplies",66.00,2020
408,2020-03-13,Staples,"Office Supplies",160.03,2020
404,2020-03-13,Uber,Travel,64.00,2020
402,2020-03-13,WeWork,Rent,3200.00,2020
411,2020-03-14,Asana,Software,50.00,2020
409,2020-03-14,Marriott,Travel,233.72,2020
410,2020-03-14,Stripe,Software,59.00,2020
413,2020-03-15,"American Airlines",Travel,NULL,2020
415,2020-03-15,Microsoft,Software,447.98,2020
414,2020-03-15,Salesforce,Software,800.00,2020
412,2020-03-15,Slack,Software,NULL,2020
420,2020-03-16,"American Airlines",Travel,2212.80,2020
419,2020-03-16,Asana,Software,NULL,2020
416,2020-03-16,Dropbox,Software,17.24,2020
417,2020-03-16,Mailchimp,Marketing,NULL,2020
418,2020-03-16,Notion,Software,16.00,2020
426,2020-03-17,"American Airlines",Travel,831.00,2020
425,2020-03-17,Dropbox,Software,16.00,2020
422,2020-03-17,Expensify,Software,50.00,2020
424,2020-03-17,"LinkedIn Ads",Marketing,1254.30,2020
423,2020-03-17,"Office Depot","Office Supplies",289.11,2020
421,2020-03-17,WeWork,Rent,3200.00,2020
430,2020-03-18,Notion,Software,16.00,2020
428,2020-03-18,QuickBooks,Software,89.37,2020
431,2020-03-18,Uber,Travel,286.00,2020
437,2020-03-19,Asana,Software,40.00,2020
434,2020-03-19,AWS,Software,1375.40,2020
433,2020-03-19,AWS,Software,4467.00,2020
432,2020-03-19,"Delta Airlines",Travel,1987.31,2020
436,2020-03-19,Expensify,Software,50.00,2020
438,2020-03-19,Marriott,Travel,594.60,2020
435,2020-03-19,Microsoft,Software,308.74,2020
439,2020-03-19,Zoom,Software,149.00,2020
442,2020-03-20,Asana,Software,59.27,2020
440,2020-03-20,Mailchimp,Marketing,299.00,2020
444,2020-03-20,"Office Depot","Office Supplies",104.90,2020
443,2020-03-20,Salesforce,Software,800.00,2020
441,2020-03-20,Zoom,Software,149.00,2020
446,2020-03-21,Dropbox,Software,19.00,2020
450,2020-03-21,FedEx,Shipping,NULL,2020
445,2020-03-21,Microsoft,Software,NULL,2020
448,2020-03-21,Microsoft,Software,337.80,2020
447,2020-03-21,Uber,Travel,43.60,2020
449,2020-03-21,Zoom,Software,149.00,2020
452,2020-03-22,Expensify,Software,50.00,2020
451,2020-03-22,FedEx,Shipping,NULL,2020
454,2020-03-22,HubSpot,Marketing,1151.16,2020
453,2020-03-22,Zoom,Software,149.00,2020
460,2020-03-23,"American Airlines",Travel,1776.19,2020
458,2020-03-23,Asana,Software,52.00,2020
455,2020-03-23,Dropbox,Software,NULL,2020
461,2020-03-23,FedEx,Shipping,NULL,2020
459,2020-03-23,Notion,Software,16.00,2020
456,2020-03-23,Zoom,Software,149.00,2020
463,2020-03-24,Asana,Software,63.22,2020
466,2020-03-24,"Delta Airlines",Travel,341.66,2020
467,2020-03-24,"LinkedIn Ads",Marketing,1535.80,2020
464,2020-03-24,Marriott,Travel,173.10,2020
468,2020-03-24,Marriott,Travel,477.33,2020
462,2020-03-24,Microsoft,Software,428.86,2020
465,2020-03-24,Zoom,Software,149.00,2020
472,2020-03-25,Asana,Software,63.00,2020
473,2020-03-25,HubSpot,Marketing,638.00,2020
471,2020-03-25,HubSpot,Marketing,683.00,2020
474,2020-03-25,"Office Depot","Office Supplies",165.80,2020
469,2020-03-25,Salesforce,Software,800.00,2020
480,2020-03-26,"Delta Airlines",Travel,2121.00,2020
479,2020-03-26,Expensify,Software,50.00,2020
477,2020-03-26,FedEx,Shipping,288.00,2020
476,2020-03-26,Slack,Software,87.00,2020
478,2020-03-26,Uber,Travel,107.00,2020
481,2020-03-27,Slack,Software,87.00,2020
483,2020-03-27,Uber,Travel,57.00,2020
482,2020-03-27,Uber,Travel,210.86,2020
489,2020-03-28,"Google Ads",Marketing,1928.29,2020
487,2020-03-28,Microsoft,Software,376.06,2020
486,2020-03-28,QuickBooks,Software,75.00,2020
488,2020-03-28,QuickBooks,Software,124.64,2020
485,2020-03-28,QuickBooks,Software,171.60,2020
490,2020-03-28,Staples,"Office Supplies",325.00,2020
491,2020-03-29,Amazon,"Office Supplies",666.00,2020
492,2020-03-29,Microsoft,Software,309.00,2020
493,2020-03-29,Zoom,Software,149.00,2020
495,2020-03-30,"American Airlines",Travel,721.00,2020
496,2020-03-30,Notion,Software,16.00,2020
494,2020-03-30,Salesforce,Software,800.00,2020
499,2020-03-31,Amazon,"Office Supplies",595.00,2020
502,2020-03-31,DHL,Shipping,51.60,2020
497,2020-03-31,Dropbox,Software,18.28,2020
498,2020-03-31,"Google Ads",Marketing,3450.55,2020
500,2020-03-31,Salesforce,Software,800.00,2020
501,2020-03-31,Stripe,Software,59.00,2020
504,2020-04-01,"American Airlines",Travel,528.00,2020
506,2020-04-01,AWS,Software,935.00,2020
509,2020-04-01,Dropbox,Software,19.47,2020
503,2020-04-01,Dropbox,Software,24.00,2020
505,2020-04-01,FedEx,Shipping,199.80,2020
507,2020-04-01,"LinkedIn Ads",Marketing,1552.91,2020
510,2020-04-01,Notion,Software,16.00,2020
508,2020-04-01,"Office Depot","Office Supplies",146.31,2020
514,2020-04-02,Expensify,Software,50.00,2020
511,2020-04-02,HubSpot,Marketing,519.90,2020
515,2020-04-02,HubSpot,Marketing,769.90,2020
517,2020-04-02,Notion,Software,16.00,2020
512,2020-04-02,Slack,Software,87.00,2020
516,2020-04-02,Staples,"Office Supplies",NULL,2020
513,2020-04-02,WeWork,Rent,3200.00,2020
521,2020-04-03,FedEx,Shipping,298.10,2020
520,2020-04-03,"Office Depot","Office Supplies",331.50,2020
523,2020-04-03,QuickBooks,Software,NULL,2020
522,2020-04-03,Staples,"Office Supplies",78.09,2020
524,2020-04-03,Staples,"Office Supplies",235.09,2020
518,2020-04-03,Uber,Travel,NULL,2020
519,2020-04-03,Uber,Travel,107.51,2020
527,2020-04-04,FedEx,Shipping,80.33,2020
526,2020-04-04,HubSpot,Marketing,703.40,2020
525,2020-04-04,"Office Depot","Office Supplies",40.70,2020
528,2020-04-05,DHL,Shipping,119.33,2020
530,2020-04-05,Expensify,Software,50.00,2020
529,2020-04-05,Mailchimp,Marketing,NULL,2020
531,2020-04-06,Marriott,Travel,169.91,2020
533,2020-04-06,Microsoft,Software,231.00,2020
534,2020-04-06,Notion,Software,16.00,2020
532,2020-04-06,"Office Depot","Office Supplies",NULL,2020
538,2020-04-07,HubSpot,Marketing,796.50,2020
536,2020-04-07,"LinkedIn Ads",Marketing,NULL,2020
537,2020-04-07,Marriott,Travel,560.20,2020
535,2020-04-07,Microsoft,Software,456.69,2020
545,2020-04-08,"Delta Airlines",Travel,413.38,2020
544,2020-04-08,Expensify,Software,NULL,2020
541,2020-04-08,Mailchimp,Marketing,299.00,2020
539,2020-04-08,Salesforce,Software,800.00,2020
540,2020-04-08,Staples,"Office Supplies",114.36,2020
543,2020-04-08,Staples,"Office Supplies",135.00,2020
542,2020-04-08,Uber,Travel,181.84,2020
548,2020-04-09,Amazon,"Office Supplies",502.43,2020
547,2020-04-09,AWS,Software,1202.00,2020
546,2020-04-09,"Delta Airlines",Travel,2070.23,2020
554,2020-04-10,"Delta Airlines",Travel,1115.55,2020
555,2020-04-10,Marriott,Travel,215.70,2020
556,2020-04-10,Microsoft,Software,203.30,2020
549,2020-04-10,"Office Depot","Office Supplies",255.09,2020
553,2020-04-10,Slack,Software,87.00,2020
551,2020-04-10,Staples,"Office Supplies",213.00,2020
550,2020-04-10,Staples,"Office Supplies",370.00,2020
552,2020-04-10,Stripe,Software,59.00,2020
561,2020-04-11,Dropbox,Software,15.34,2020
559,2020-04-11,Expensify,Software,50.00,2020
557,2020-04-11,Mailchimp,Marketing,299.00,2020
562,2020-04-11,"Office Depot","Office Supplies",33.00,2020
558,2020-04-11,Stripe,Software,59.00,2020
563,2020-04-11,WeWork,Rent,NULL,2020
560,2020-04-11,Zoom,Software,149.00,2020
568,2020-04-12,"American Airlines",Travel,2087.29,2020
565,2020-04-12,DHL,Shipping,NULL,2020
564,2020-04-12,FedEx,Shipping,55.70,2020
567,2020-04-12,HubSpot,Marketing,NULL,2020
566,2020-04-12,"LinkedIn Ads",Marketing,517.00,2020
569,2020-04-12,Slack,Software,87.00,2020
570,2020-04-13,Asana,Software,66.00,2020
573,2020-04-13,DHL,Shipping,NULL,2020
572,2020-04-13,Notion,Software,16.00,2020
571,2020-04-13,Staples,"Office Supplies",77.70,2020
580,2020-04-14,HubSpot,Marketing,NULL,2020
575,2020-04-14,HubSpot,Marketing,780.80,2020
578,2020-04-14,Mailchimp,Marketing,299.00,2020
577,2020-04-14,Notion,Software,16.00,2020
574,2020-04-14,"Office Depot","Office Supplies",44.90,2020
581,2020-04-14,Salesforce,Software,800.00,2020
579,2020-04-14,Stripe,Software,NULL,2020
576,2020-04-14,WeWork,Rent,3200.00,2020
588,2020-04-15,Amazon,"Office Supplies",1304.80,2020
589,2020-04-15,AWS,Software,1295.10,2020
585,2020-04-15,Dropbox,Software,22.45,2020
586,2020-04-15,"LinkedIn Ads",Marketing,NULL,2020
583,2020-04-15,Notion,Software,16.00,2020
587,2020-04-15,"Office Depot","Office Supplies",318.00,2020
584,2020-04-15,Staples,"Office Supplies",314.46,2020
582,2020-04-15,Staples,"Office Supplies",375.11,2020
594,2020-04-16,Amazon,"Office Supplies",1891.00,2020
590,2020-04-16,"Google Ads",Marketing,2635.18,2020
593,2020-04-16,Marriott,Travel,325.33,2020
591,2020-04-16,"Office Depot","Office Supplies",320.75,2020
595,2020-04-16,Slack,Software,87.00,2020
592,2020-04-16,WeWork,Rent,3200.00,2020
597,2020-04-17,FedEx,Shipping,184.00,2020
596,2020-04-17,HubSpot,Marketing,NULL,2020
599,2020-04-17,Marriott,Travel,555.51,2020
600,2020-04-17,Notion,Software,16.00,2020
598,2020-04-17,Staples,"Office Supplies",54.32,2020
602,2020-04-17,WeWork,Rent,3200.00,2020
601,2020-04-17,Zoom,Software,149.00,2020
604,2020-04-18,Asana,Software,73.17,2020
608,2020-04-18,AWS,Software,1708.00,2020
605,2020-04-18,Microsoft,Software,152.40,2020
607,2020-04-18,Microsoft,Software,262.23,2020
606,2020-04-18,Salesforce,Software,800.00,2020
603,2020-04-18,WeWork,Rent,3200.00,2020
612,2020-04-19,DHL,Shipping,NULL,2020
613,2020-04-19,Expensify,Software,50.00,2020
611,2020-04-19,FedEx,Shipping,69.61,2020
609,2020-04-19,Marriott,Travel,462.73,2020
610,2020-04-19,Salesforce,Software,800.00,2020
615,2020-04-20,DHL,Shipping,137.34,2020
621,2020-04-20,"Google Ads",Marketing,NULL,2020
619,2020-04-20,HubSpot,Marketing,429.41,2020
618,2020-04-20,HubSpot,Marketing,805.30,2020
620,2020-04-20,Slack,Software,87.00,2020
616,2020-04-20,Stripe,Software,59.00,2020
614,2020-04-20,WeWork,Rent,3200.00,2020
628,2020-04-21,"Delta Airlines",Travel,1446.45,2020
624,2020-04-21,Expensify,Software,50.00,2020
625,2020-04-21,FedEx,Shipping,299.00,2020
626,2020-04-21,"LinkedIn Ads",Marketing,NULL,2020
627,2020-04-21,Marriott,Travel,213.80,2020
622,2020-04-21,QuickBooks,Software,102.00,2020
623,2020-04-21,Slack,Software,87.00,2020
632,2020-04-22,Marriott,Travel,259.76,2020
631,2020-04-22,Salesforce,Software,800.00,2020
634,2020-04-22,Staples,"Office Supplies",270.40,2020
630,2020-04-22,Uber,Travel,NULL,2020
635,2020-04-23,Amazon,"Office Supplies",1501.00,2020
637,2020-04-23,"Delta Airlines",Travel,912.36,2020
640,2020-04-23,DHL,Shipping,219.00,2020
639,2020-04-23,FedEx,Shipping,124.00,2020
636,2020-04-23,Notion,Software,NULL,2020
638,2020-04-23,Notion,Software,16.00,2020
645,2020-04-24,"American Airlines",Travel,595.80,2020
643,2020-04-24,Asana,Software,71.00,2020
642,2020-04-24,FedEx,Shipping,259.00,2020
647,2020-04-24,HubSpot,Marketing,533.49,2020
646,2020-04-24,Notion,Software,16.00,2020
644,2020-04-24,Slack,Software,NULL,2020
641,2020-04-24,Staples,"Office Supplies",263.00,2020
649,2020-04-25,AWS,Software,855.40,2020
651,2020-04-25,AWS,Software,1002.82,2020
648,2020-04-25,Expensify,Software,50.00,2020
650,2020-04-25,"LinkedIn Ads",Marketing,1527.00,2020
652,2020-04-25,Microsoft,Software,161.00,2020
654,2020-04-26,HubSpot,Marketing,808.00,2020
653,2020-04-26,"Office Depot","Office Supplies",244.90,2020
655,2020-04-26,"Office Depot","Office Supplies",285.26,2020
656,2020-04-26,"Office Depot","Office Supplies",367.90,2020
659,2020-04-27,Expensify,Software,NULL,2020
657,2020-04-27,Marriott,Travel,523.00,2020
658,2020-04-27,Uber,Travel,151.43,2020
661,2020-04-28,"American Airlines",Travel,1908.73,2020
660,2020-04-28,"Delta Airlines",Travel,2083.00,2020
662,2020-04-28,"Delta Airlines",Travel,2089.00,2020
663,2020-04-28,HubSpot,Marketing,624.00,2020
670,2020-04-29,Expensify,Software,50.00,2020
667,2020-04-29,Mailchimp,Marketing,299.00,2020
664,2020-04-29,Microsoft,Software,251.27,2020
669,2020-04-29,Notion,Software,16.00,2020
668,2020-04-29,"Office Depot","Office Supplies",426.47,2020
671,2020-04-29,Staples,"Office Supplies",230.00,2020
666,2020-04-29,Stripe,Software,59.00,2020
665,2020-04-29,Zoom,Software,149.00,2020
672,2020-04-30,AWS,Software,NULL,2020
675,2020-04-30,"Delta Airlines",Travel,1388.00,2020
673,2020-04-30,Marriott,Travel,191.00,2020
676,2020-04-30,Salesforce,Software,800.00,2020
674,2020-04-30,WeWork,Rent,3200.00,2020
680,2020-05-01,"Delta Airlines",Travel,2490.00,2020
679,2020-05-01,"Google Ads",Marketing,NULL,2020
678,2020-05-01,QuickBooks,Software,151.91,2020
682,2020-05-02,FedEx,Shipping,212.77,2020
684,2020-05-02,"LinkedIn Ads",Marketing,1483.23,2020
683,2020-05-02,Staples,"Office Supplies",268.96,2020
681,2020-05-02,Stripe,Software,59.00,2020
686,2020-05-03,Amazon,"Office Supplies",115.32,2020
685,2020-05-03,AWS,Software,574.10,2020
687,2020-05-03,"LinkedIn Ads",Marketing,1541.05,2020
688,2020-05-03,Staples,"Office Supplies",81.27,2020
691,2020-05-04,Asana,Software,75.50,2020
693,2020-05-04,"Delta Airlines",Travel,NULL,2020
689,2020-05-04,FedEx,Shipping,269.06,2020
692,2020-05-04,QuickBooks,Software,147.30,2020
690,2020-05-04,QuickBooks,Software,179.08,2020
696,2020-05-05,Mailchimp,Marketing,299.00,2020
694,2020-05-05,Notion,Software,16.00,2020
695,2020-05-05,Salesforce,Software,800.00,2020
697,2020-05-06,Amazon,"Office Supplies",1710.00,2020
700,2020-05-06,AWS,Software,2052.25,2020
698,2020-05-06,"Delta Airlines",Travel,1439.00,2020
701,2020-05-06,Dropbox,Software,NULL,2020
703,2020-05-06,FedEx,Shipping,182.10,2020
699,2020-05-06,Microsoft,Software,376.16,2020
704,2020-05-06,"Office Depot","Office Supplies",64.31,2020
702,2020-05-06,Salesforce,Software,800.00,2020
705,2020-05-07,"Delta Airlines",Travel,NULL,2020
708,2020-05-07,HubSpot,Marketing,892.00,2020
707,2020-05-07,"LinkedIn Ads",Marketing,NULL,2020
706,2020-05-07,Staples,"Office Supplies",227.30,2020
709,2020-05-07,WeWork,Rent,3200.00,2020
715,2020-05-08,"American Airlines",Travel,NULL,2020
713,2020-05-08,Expensify,Software,NULL,2020
716,2020-05-08,FedEx,Shipping,175.00,2020
714,2020-05-08,Marriott,Travel,446.12,2020
711,2020-05-08,Microsoft,Software,394.54,2020
710,2020-05-08,Salesforce,Software,800.00,2020
712,2020-05-08,Uber,Travel,96.01,2020
717,2020-05-09,FedEx,Shipping,73.00,2020
718,2020-05-09,Marriott,Travel,548.89,2020
719,2020-05-09,Salesforce,Software,800.00,2020
720,2020-05-09,Stripe,Software,59.00,2020
724,2020-05-10,Dropbox,Software,15.03,2020
721,2020-05-10,Expensify,Software,NULL,2020
726,2020-05-10,"Google Ads",Marketing,3314.10,2020
725,2020-05-10,Mailchimp,Marketing,299.00,2020
723,2020-05-10,Notion,Software,NULL,2020
722,2020-05-10,Notion,Software,16.00,2020
729,2020-05-11,Dropbox,Software,NULL,2020
730,2020-05-11,Dropbox,Software,24.81,2020
727,2020-05-11,Salesforce,Software,800.00,2020
728,2020-05-11,Stripe,Software,59.00,2020
734,2020-05-12,Expensify,Software,50.00,2020
732,2020-05-12,HubSpot,Marketing,765.00,2020
735,2020-05-12,Marriott,Travel,555.20,2020
731,2020-05-12,Microsoft,Software,420.73,2020
733,2020-05-12,Notion,Software,16.00,2020
736,2020-05-12,Zoom,Software,149.00,2020
741,2020-05-13,"American Airlines",Travel,NULL,2020
740,2020-05-13,AWS,Software,4813.69,2020
742,2020-05-13,Dropbox,Software,19.10,2020
737,2020-05-13,FedEx,Shipping,205.34,2020
743,2020-05-13,Marriott,Travel,NULL,2020
738,2020-05-13,Salesforce,Software,800.00,2020
739,2020-05-13,Slack,Software,87.00,2020
745,2020-05-14,DHL,Shipping,241.00,2020
751,2020-05-14,Expensify,Software,50.00,2020
746,2020-05-14,Salesforce,Software,800.00,2020
749,2020-05-14,Slack,Software,87.00,2020
744,2020-05-14,Staples,"Office Supplies",76.20,2020
748,2020-05-14,Zoom,Software,149.00,2020
754,2020-05-15,"American Airlines",Travel,895.01,2020
753,2020-05-15,"Delta Airlines",Travel,2139.03,2020
752,2020-05-15,"Google Ads",Marketing,2980.51,2020
761,2020-05-16,Amazon,"Office Supplies",1994.60,2020
755,2020-05-16,Microsoft,Software,241.06,2020
760,2020-05-16,Notion,Software,16.00,2020
757,2020-05-16,Slack,Software,87.00,2020
756,2020-05-16,Staples,"Office Supplies",349.11,2020
759,2020-05-16,Zoom,Software,149.00,2020
764,2020-05-17,"LinkedIn Ads",Marketing,1732.53,2020
765,2020-05-17,Staples,"Office Supplies",289.12,2020
763,2020-05-17,Uber,Travel,NULL,2020
767,2020-05-18,Asana,Software,73.00,2020
768,2020-05-18,AWS,Software,2177.56,2020
766,2020-05-18,Stripe,Software,59.00,2020
769,2020-05-18,WeWork,Rent,3200.00,2020
774,2020-05-19,Amazon,"Office Supplies",1801.95,2020
775,2020-05-19,AWS,Software,2741.28,2020
770,2020-05-19,Dropbox,Software,17.49,2020
772,2020-05-19,FedEx,Shipping,277.30,2020
776,2020-05-19,"Google Ads",Marketing,1070.00,2020
777,2020-05-19,HubSpot,Marketing,1053.03,2020
771,2020-05-19,Staples,"Office Supplies",323.70,2020
773,2020-05-19,Stripe,Software,59.00,2020
779,2020-05-20,"Google Ads",Marketing,1275.00,2020
778,2020-05-20,Notion,Software,16.00,2020
784,2020-05-21,Amazon,"Office Supplies",730.29,2020
783,2020-05-21,Mailchimp,Marketing,NULL,2020
782,2020-05-21,Microsoft,Software,NULL,2020
787,2020-05-21,"Office Depot","Office Supplies",82.00,2020
785,2020-05-21,Salesforce,Software,800.00,2020
786,2020-05-21,Uber,Travel,35.92,2020
788,2020-05-21,WeWork,Rent,3200.00,2020
792,2020-05-22,Mailchimp,Marketing,299.00,2020
794,2020-05-22,Marriott,Travel,150.80,2020
790,2020-05-22,Marriott,Travel,576.90,2020
793,2020-05-22,Microsoft,Software,406.90,2020
795,2020-05-22,"Office Depot","Office Supplies",NULL,2020
791,2020-05-22,QuickBooks,Software,91.00,2020
789,2020-05-22,Slack,Software,87.00,2020
799,2020-05-23,"American Airlines",Travel,2076.00,2020
796,2020-05-23,Asana,Software,45.50,2020
800,2020-05-23,Expensify,Software,50.00,2020
798,2020-05-23,Salesforce,Software,800.00,2020
797,2020-05-23,Zoom,Software,NULL,2020
805,2020-05-24,"Google Ads",Marketing,2018.48,2020
803,2020-05-24,"LinkedIn Ads",Marketing,1239.60,2020
804,2020-05-24,Slack,Software,87.00,2020
802,2020-05-24,Staples,"Office Supplies",203.38,2020
801,2020-05-24,Stripe,Software,59.00,2020
806,2020-05-25,Amazon,"Office Supplies",705.56,2020
809,2020-05-25,Asana,Software,98.97,2020
808,2020-05-25,HubSpot,Marketing,1153.00,2020
810,2020-05-25,"LinkedIn Ads",Marketing,1913.70,2020
807,2020-05-25,Salesforce,Software,800.00,2020
813,2020-05-26,DHL,Shipping,88.34,2020
812,2020-05-26,"LinkedIn Ads",Marketing,1545.00,2020
814,2020-05-26,Staples,"Office Supplies",250.12,2020
811,2020-05-26,Uber,Travel,57.34,2020
817,2020-05-27,Amazon,"Office Supplies",493.21,2020
816,2020-05-27,DHL,Shipping,165.65,2020
815,2020-05-27,FedEx,Shipping,NULL,2020
819,2020-05-28,DHL,Shipping,84.60,2020
821,2020-05-28,Expensify,Software,50.00,2020
820,2020-05-28,"Google Ads",Marketing,1801.76,2020
822,2020-05-28,Mailchimp,Marketing,299.00,2020
823,2020-05-28,"Office Depot","Office Supplies",NULL,2020
818,2020-05-28,Slack,Software,87.00,2020
827,2020-05-29,AWS,Software,1634.49,2020
828,2020-05-29,Dropbox,Software,20.71,2020
825,2020-05-29,HubSpot,Marketing,448.80,2020
824,2020-05-29,HubSpot,Marketing,731.19,2020
826,2020-05-29,HubSpot,Marketing,949.65,2020
830,2020-05-30,"Delta Airlines",Travel,2078.60,2020
829,2020-05-30,"Office Depot","Office Supplies",241.05,2020
831,2020-05-30,WeWork,Rent,3200.00,2020
835,2020-05-31,"American Airlines",Travel,1944.60,2020
838,2020-05-31,HubSpot,Marketing,1104.00,2020
837,2020-05-31,Slack,Software,NULL,2020
836,2020-05-31,Slack,Software,87.00,2020
834,2020-05-31,Stripe,Software,59.00,2020
833,2020-05-31,WeWork,Rent,3200.00,2020
843,2020-06-01,Amazon,"Office Supplies",741.00,2020
840,2020-06-01,"Google Ads",Marketing,1543.60,2020
839,2020-06-01,QuickBooks,Software,113.13,2020
844,2020-06-01,Stripe,Software,59.00,2020
841,2020-06-01,Uber,Travel,136.86,2020
842,2020-06-01,Uber,Travel,231.00,2020
847,2020-06-02,"Delta Airlines",Travel,1271.80,2020
848,2020-06-02,Marriott,Travel,368.00,2020
846,2020-06-02,Stripe,Software,59.00,2020
845,2020-06-02,Zoom,Software,149.00,2020
849,2020-06-03,Dropbox,Software,NULL,2020
850,2020-06-03,Dropbox,Software,19.03,2020
851,2020-06-03,"Google Ads",Marketing,1320.46,2020
855,2020-06-04,FedEx,Shipping,167.10,2020
854,2020-06-04,QuickBooks,Software,170.00,2020
853,2020-06-04,Stripe,Software,59.00,2020
852,2020-06-04,Uber,Travel,153.24,2020
856,2020-06-05,HubSpot,Marketing,679.00,2020
859,2020-06-05,Mailchimp,Marketing,299.00,2020
857,2020-06-05,Marriott,Travel,NULL,2020
861,2020-06-05,"Office Depot","Office Supplies",350.63,2020
860,2020-06-05,QuickBooks,Software,NULL,2020
862,2020-06-05,QuickBooks,Software,72.52,2020
858,2020-06-05,Staples,"Office Supplies",67.38,2020
863,2020-06-06,Asana,Software,86.00,2020
867,2020-06-06,HubSpot,Marketing,917.00,2020
864,2020-06-06,"LinkedIn Ads",Marketing,1843.20,2020
866,2020-06-06,Notion,Software,16.00,2020
865,2020-06-06,Stripe,Software,59.00,2020
871,2020-06-07,Asana,Software,58.29,2020
870,2020-06-07,"Delta Airlines",Travel,629.84,2020
872,2020-06-07,Marriott,Travel,161.00,2020
874,2020-06-07,Notion,Software,16.00,2020
869,2020-06-07,QuickBooks,Software,92.00,2020
875,2020-06-07,Salesforce,Software,800.00,2020
868,2020-06-07,Slack,Software,87.00,2020
873,2020-06-07,Stripe,Software,59.00,2020
883,2020-06-08,AWS,Software,4469.20,2020
879,2020-06-08,DHL,Shipping,227.41,2020
880,2020-06-08,FedEx,Shipping,98.10,2020
876,2020-06-08,FedEx,Shipping,171.90,2020
878,2020-06-08,Marriott,Travel,513.75,2020
877,2020-06-08,Microsoft,Software,184.00,2020
881,2020-06-08,Salesforce,Software,800.00,2020
882,2020-06-08,Slack,Software,87.00,2020
887,2020-06-09,AWS,Software,1796.00,2020
890,2020-06-09,AWS,Software,3969.01,2020
884,2020-06-09,Microsoft,Software,294.59,2020
889,2020-06-09,"Office Depot","Office Supplies",393.56,2020
888,2020-06-09,QuickBooks,Software,57.54,2020
886,2020-06-09,Zoom,Software,149.00,2020
894,2020-06-10,Amazon,"Office Supplies",1385.82,2020
893,2020-06-10,Amazon,"Office Supplies",1794.81,2020
891,2020-06-10,"LinkedIn Ads",Marketing,1450.20,2020
895,2020-06-10,Mailchimp,Marketing,299.00,2020
896,2020-06-10,Slack,Software,87.00,2020
892,2020-06-10,Staples,"Office Supplies",51.00,2020
897,2020-06-10,WeWork,Rent,3200.00,2020
901,2020-06-11,Amazon,"Office Supplies",533.99,2020
902,2020-06-11,"Delta Airlines",Travel,1914.97,2020
899,2020-06-11,DHL,Shipping,249.00,2020
900,2020-06-11,FedEx,Shipping,235.00,2020
898,2020-06-11,Marriott,Travel,384.10,2020
903,2020-06-11,Slack,Software,87.00,2020
905,2020-06-12,Asana,Software,99.63,2020
908,2020-06-12,"Delta Airlines",Travel,1829.00,2020
909,2020-06-12,"LinkedIn Ads",Marketing,1492.00,2020
904,2020-06-12,QuickBooks,Software,83.25,2020
907,2020-06-12,Slack,Software,87.00,2020
906,2020-06-12,Uber,Travel,216.20,2020
916,2020-06-13,Amazon,"Office Supplies",1376.10,2020
915,2020-06-13,"American Airlines",Travel,2812.75,2020
910,2020-06-13,Asana,Software,79.05,2020
911,2020-06-13,Dropbox,Software,NULL,2020
913,2020-06-13,Dropbox,Software,24.70,2020
914,2020-06-13,Microsoft,Software,206.13,2020
912,2020-06-13,Slack,Software,87.00,2020
920,2020-06-14,"Google Ads",Marketing,3160.00,2020
919,2020-06-14,Microsoft,Software,NULL,2020
918,2020-06-14,Slack,Software,87.00,2020
917,2020-06-14,WeWork,Rent,NULL,2020
924,2020-06-15,Asana,Software,48.00,2020
923,2020-06-15,DHL,Shipping,170.60,2020
927,2020-06-15,"LinkedIn Ads",Marketing,1473.27,2020
922,2020-06-15,"Office Depot","Office Supplies",NULL,2020
921,2020-06-15,Salesforce,Software,NULL,2020
925,2020-06-15,Salesforce,Software,800.00,2020
926,2020-06-15,Stripe,Software,59.00,2020
928,2020-06-15,Zoom,Software,NULL,2020
932,2020-06-16,AWS,Software,NULL,2020
931,2020-06-16,DHL,Shipping,222.99,2020
930,2020-06-16,"Google Ads",Marketing,2450.57,2020
929,2020-06-16,Slack,Software,87.00,2020
938,2020-06-17,Amazon,"Office Supplies",1322.50,2020
934,2020-06-17,"American Airlines",Travel,2631.33,2020
937,2020-06-17,DHL,Shipping,177.17,2020
935,2020-06-17,DHL,Shipping,221.46,2020
936,2020-06-17,"LinkedIn Ads",Marketing,1492.00,2020
933,2020-06-17,Uber,Travel,47.10,2020
944,2020-06-18,AWS,Software,NULL,2020
939,2020-06-18,"Google Ads",Marketing,1002.14,2020
941,2020-06-18,HubSpot,Marketing,914.65,2020
940,2020-06-18,Salesforce,Software,NULL,2020
942,2020-06-18,WeWork,Rent,3200.00,2020
950,2020-06-19,"American Airlines",Travel,NULL,2020
946,2020-06-19,Asana,Software,97.42,2020
949,2020-06-19,HubSpot,Marketing,1013.00,2020
947,2020-06-19,QuickBooks,Software,137.00,2020
945,2020-06-19,Uber,Travel,NULL,2020
948,2020-06-19,Uber,Travel,250.00,2020
951,2020-06-20,Amazon,"Office Supplies",748.00,2020
953,2020-06-20,"Google Ads",Marketing,2129.50,2020
952,2020-06-20,HubSpot,Marketing,817.59,2020
954,2020-06-20,Slack,Software,87.00,2020
959,2020-06-21,AWS,Software,220.80,2020
955,2020-06-21,"Delta Airlines",Travel,1305.00,2020
957,2020-06-21,DHL,Shipping,157.50,2020
958,2020-06-21,Expensify,Software,50.00,2020
960,2020-06-21,Notion,Software,16.00,2020
956,2020-06-21,Slack,Software,NULL,2020
966,2020-06-22,"American Airlines",Travel,1733.86,2020
967,2020-06-22,"Delta Airlines",Travel,761.00,2020
968,2020-06-22,DHL,Shipping,54.85,2020
963,2020-06-22,Dropbox,Software,23.81,2020
965,2020-06-22,Expensify,Software,50.00,2020
961,2020-06-22,Notion,Software,16.00,2020
962,2020-06-22,Staples,"Office Supplies",280.00,2020
964,2020-06-22,Stripe,Software,59.00,2020
975,2020-06-23,DHL,Shipping,81.00,2020
971,2020-06-23,DHL,Shipping,193.00,2020
969,2020-06-23,HubSpot,Marketing,955.45,2020
972,2020-06-23,"LinkedIn Ads",Marketing,1712.46,2020
970,2020-06-23,"Office Depot","Office Supplies",195.60,2020
973,2020-06-23,Staples,"Office Supplies",100.86,2020
974,2020-06-23,Stripe,Software,59.00,2020
979,2020-06-24,"American Airlines",Travel,2060.60,2020
978,2020-06-24,Marriott,Travel,441.00,2020
976,2020-06-24,"Office Depot","Office Supplies",284.40,2020
977,2020-06-24,Slack,Software,87.00,2020
980,2020-06-25,DHL,Shipping,95.35,2020
985,2020-06-25,"Google Ads",Marketing,NULL,2020
982,2020-06-25,Mailchimp,Marketing,299.00,2020
981,2020-06-25,Marriott,Travel,263.10,2020
983,2020-06-25,"Office Depot","Office Supplies",306.54,2020
984,2020-06-25,"Office Depot","Office Supplies",370.70,2020
988,2020-06-26,Amazon,"Office Supplies",728.07,2020
992,2020-06-26,"American Airlines",Travel,1090.01,2020
991,2020-06-26,AWS,Software,3991.56,2020
986,2020-06-26,Dropbox,Software,NULL,2020
993,2020-06-26,Dropbox,Software,15.70,2020
987,2020-06-26,HubSpot,Marketing,611.00,2020
990,2020-06-26,"Office Depot","Office Supplies",468.00,2020
989,2020-06-26,Uber,Travel,71.50,2020
995,2020-06-27,DHL,Shipping,99.67,2020
1000,2020-06-27,Dropbox,Software,23.20,2020
994,2020-06-27,HubSpot,Marketing,722.73,2020
996,2020-06-27,"Office Depot","Office Supplies",320.59,2020
997,2020-06-27,Slack,Software,87.00,2020
999,2020-06-27,Staples,"Office Supplies",139.81,2020
998,2020-06-27,Uber,Travel,214.29,2020
1004,2020-06-28,DHL,Shipping,166.60,2020
1002,2020-06-28,Dropbox,Software,NULL,2020
1003,2020-06-28,HubSpot,Marketing,826.56,2020
1006,2020-06-28,QuickBooks,Software,NULL,2020
1005,2020-06-28,Slack,Software,87.00,2020
1001,2020-06-28,Uber,Travel,110.00,2020
1007,2020-06-29,Amazon,"Office Supplies",972.53,2020
1009,2020-06-29,Notion,Software,16.00,2020
1010,2020-06-29,Staples,"Office Supplies",207.00,2020
1008,2020-06-29,WeWork,Rent,3200.00,2020
1012,2020-06-30,"Office Depot","Office Supplies",NULL,2020
1011,2020-06-30,Staples,"Office Supplies",285.65,2020
1013,2020-06-30,WeWork,Rent,3200.00,2020
1019,2020-07-01,Amazon,"Office Supplies",1151.70,2020
1018,2020-07-01,DHL,Shipping,224.00,2020
1016,2020-07-01,"Google Ads",Marketing,2240.40,2020
1017,2020-07-01,HubSpot,Marketing,635.00,2020
1021,2020-07-01,Microsoft,Software,223.00,2020
1014,2020-07-01,Microsoft,Software,362.30,2020
1015,2020-07-01,Staples,"Office Supplies",188.30,2020
1020,2020-07-01,Uber,Travel,31.36,2020
1024,2020-07-02,"Delta Airlines",Travel,552.17,2020
1023,2020-07-02,"Google Ads",Marketing,1296.00,2020
1022,2020-07-02,"LinkedIn Ads",Marketing,1858.44,2020
1025,2020-07-02,"Office Depot","Office Supplies",468.20,2020
1031,2020-07-03,"American Airlines",Travel,1835.00,2020
1030,2020-07-03,AWS,Software,2363.00,2020
1028,2020-07-03,FedEx,Shipping,73.34,2020
1026,2020-07-03,HubSpot,Marketing,458.00,2020
1033,2020-07-03,Mailchimp,Marketing,299.00,2020
1029,2020-07-03,Microsoft,Software,366.00,2020
1032,2020-07-03,Salesforce,Software,800.00,2020
1027,2020-07-03,Slack,Software,87.00,2020
1035,2020-07-04,Expensify,Software,50.00,2020
1034,2020-07-04,FedEx,Shipping,74.90,2020
1036,2020-07-04,HubSpot,Marketing,487.07,2020
1037,2020-07-04,Stripe,Software,59.00,2020
1039,2020-07-05,Dropbox,Software,21.30,2020
1041,2020-07-05,HubSpot,Marketing,1115.19,2020
1040,2020-07-05,"Office Depot","Office Supplies",307.00,2020
1044,2020-07-06,FedEx,Shipping,170.56,2020
1046,2020-07-06,Notion,Software,16.00,2020
1045,2020-07-06,"Office Depot","Office Supplies",271.64,2020
1042,2020-07-06,Staples,"Office Supplies",128.00,2020
1043,2020-07-06,Zoom,Software,149.00,2020
1054,2020-07-07,Dropbox,Software,17.52,2020
1049,2020-07-07,Mailchimp,Marketing,299.00,2020
1052,2020-07-07,Marriott,Travel,268.49,2020
1047,2020-07-07,Marriott,Travel,367.58,2020
1048,2020-07-07,"Office Depot","Office Supplies",NULL,2020
1050,2020-07-07,Staples,"Office Supplies",214.39,2020
1053,2020-07-07,Staples,"Office Supplies",278.79,2020
1051,2020-07-07,Uber,Travel,294.00,2020
1059,2020-07-08,Asana,Software,NULL,2020
1056,2020-07-08,AWS,Software,NULL,2020
1061,2020-07-08,DHL,Shipping,132.73,2020
1057,2020-07-08,Expensify,Software,NULL,2020
1060,2020-07-08,"LinkedIn Ads",Marketing,1716.80,2020
1055,2020-07-08,Staples,"Office Supplies",173.50,2020
1058,2020-07-08,Stripe,Software,59.00,2020
1067,2020-07-09,"Delta Airlines",Travel,1288.20,2020
1065,2020-07-09,Dropbox,Software,24.58,2020
1068,2020-07-09,"Google Ads",Marketing,1392.28,2020
1062,2020-07-09,"LinkedIn Ads",Marketing,NULL,2020
1066,2020-07-09,Marriott,Travel,477.59,2020
1063,2020-07-09,Notion,Software,16.00,2020
1072,2020-07-10,"Delta Airlines",Travel,1450.00,2020
1071,2020-07-10,Mailchimp,Marketing,299.00,2020
1070,2020-07-10,Marriott,Travel,458.52,2020
1073,2020-07-10,Zoom,Software,149.00,2020
1074,2020-07-11,Dropbox,Software,NULL,2020
1079,2020-07-11,FedEx,Shipping,193.15,2020
1077,2020-07-11,FedEx,Shipping,267.40,2020
1080,2020-07-11,"LinkedIn Ads",Marketing,700.82,2020
1078,2020-07-11,Mailchimp,Marketing,299.00,2020
1076,2020-07-11,"Office Depot","Office Supplies",348.90,2020
1075,2020-07-11,Zoom,Software,149.00,2020
1082,2020-07-12,"Delta Airlines",Travel,312.03,2020
1081,2020-07-12,Microsoft,Software,359.00,2020
1083,2020-07-12,Notion,Software,16.00,2020
1087,2020-07-13,Asana,Software,49.29,2020
1084,2020-07-13,"Delta Airlines",Travel,1813.00,2020
1091,2020-07-13,DHL,Shipping,51.79,2020
1089,2020-07-13,FedEx,Shipping,185.00,2020
1088,2020-07-13,"LinkedIn Ads",Marketing,1328.16,2020
1090,2020-07-13,Notion,Software,16.00,2020
1085,2020-07-13,Slack,Software,87.00,2020
1086,2020-07-13,Stripe,Software,59.00,2020
1092,2020-07-14,"Delta Airlines",Travel,1418.36,2020
1093,2020-07-14,"Google Ads",Marketing,1850.58,2020
1094,2020-07-14,Zoom,Software,149.00,2020
1097,2020-07-15,"American Airlines",Travel,NULL,2020
1096,2020-07-15,Marriott,Travel,322.00,2020
1095,2020-07-15,Stripe,Software,NULL,2020
1101,2020-07-16,Asana,Software,NULL,2020
1099,2020-07-16,DHL,Shipping,234.42,2020
1098,2020-07-16,QuickBooks,Software,NULL,2020
1100,2020-07-16,Uber,Travel,241.67,2020
1102,2020-07-17,Amazon,"Office Supplies",NULL,2020
1109,2020-07-17,Dropbox,Software,17.00,2020
1107,2020-07-17,Expensify,Software,50.00,2020
1106,2020-07-17,FedEx,Shipping,290.45,2020
1108,2020-07-17,"Google Ads",Marketing,NULL,2020
1104,2020-07-17,Notion,Software,NULL,2020
1103,2020-07-17,"Office Depot","Office Supplies",217.70,2020
1105,2020-07-17,WeWork,Rent,3200.00,2020
1116,2020-07-18,"American Airlines",Travel,2530.10,2020
1113,2020-07-18,AWS,Software,NULL,2020
1115,2020-07-18,"LinkedIn Ads",Marketing,1933.17,2020
1114,2020-07-18,Mailchimp,Marketing,299.00,2020
1110,2020-07-18,Notion,Software,16.00,2020
1112,2020-07-18,"Office Depot","Office Supplies",245.66,2020
1122,2020-07-19,Asana,Software,54.92,2020
1118,2020-07-19,AWS,Software,1706.00,2020
1120,2020-07-19,AWS,Software,3738.14,2020
1117,2020-07-19,DHL,Shipping,193.48,2020
1119,2020-07-19,"Google Ads",Marketing,3357.22,2020
1121,2020-07-19,Stripe,Software,59.00,2020
1123,2020-07-20,DHL,Shipping,240.05,2020
1125,2020-07-20,FedEx,Shipping,201.00,2020
1124,2020-07-20,"Office Depot","Office Supplies",432.80,2020
1129,2020-07-21,Dropbox,Software,18.47,2020
1128,2020-07-21,Dropbox,Software,22.99,2020
1130,2020-07-21,Expensify,Software,50.00,2020
1126,2020-07-21,"Google Ads",Marketing,3457.00,2020
1131,2020-07-21,Salesforce,Software,NULL,2020
1127,2020-07-21,Staples,"Office Supplies",127.73,2020
1134,2020-07-22,Asana,Software,54.00,2020
1135,2020-07-22,"Delta Airlines",Travel,1222.00,2020
1133,2020-07-22,"Google Ads",Marketing,2281.10,2020
1132,2020-07-22,Notion,Software,16.00,2020
1136,2020-07-22,Staples,"Office Supplies",147.87,2020
1141,2020-07-23,AWS,Software,1640.16,2020
1138,2020-07-23,HubSpot,Marketing,745.78,2020
1140,2020-07-23,"LinkedIn Ads",Marketing,1249.00,2020
1139,2020-07-23,Marriott,Travel,217.30,2020
1145,2020-07-24,FedEx,Shipping,45.16,2020
1144,2020-07-24,Marriott,Travel,300.00,2020
1146,2020-07-24,Notion,Software,16.00,2020
1147,2020-07-24,"Office Depot","Office Supplies",163.80,2020
1142,2020-07-24,Slack,Software,NULL,2020
1143,2020-07-24,Stripe,Software,59.00,2020
1148,2020-07-25,Expensify,Software,50.00,2020
1155,2020-07-25,"Google Ads",Marketing,NULL,2020
1154,2020-07-25,Marriott,Travel,414.10,2020
1150,2020-07-25,QuickBooks,Software,155.00,2020
1152,2020-07-25,Salesforce,Software,800.00,2020
1153,2020-07-25,Stripe,Software,59.00,2020
1151,2020-07-25,WeWork,Rent,3200.00,2020
1158,2020-07-26,AWS,Software,NULL,2020
1157,2020-07-26,"Delta Airlines",Travel,NULL,2020
1156,2020-07-26,DHL,Shipping,81.62,2020
1159,2020-07-26,Dropbox,Software,NULL,2020
1163,2020-07-27,Amazon,"Office Supplies",166.00,2020
1164,2020-07-27,AWS,Software,2442.00,2020
1165,2020-07-27,HubSpot,Marketing,755.88,2020
1161,2020-07-27,Microsoft,Software,230.30,2020
1166,2020-07-27,Notion,Software,16.00,2020
1162,2020-07-27,QuickBooks,Software,66.43,2020
1160,2020-07-27,Zoom,Software,149.00,2020
1170,2020-07-28,Amazon,"Office Supplies",100.18,2020
1168,2020-07-28,AWS,Software,2790.40,2020
1171,2020-07-28,FedEx,Shipping,114.60,2020
1169,2020-07-28,Microsoft,Software,278.00,2020
1173,2020-07-28,Microsoft,Software,358.00,2020
1172,2020-07-28,"Office Depot","Office Supplies",NULL,2020
1167,2020-07-28,QuickBooks,Software,133.00,2020
1177,2020-07-29,Dropbox,Software,22.00,2020
1175,2020-07-29,"Google Ads",Marketing,2730.30,2020
1174,2020-07-29,"LinkedIn Ads",Marketing,1823.24,2020
1176,2020-07-29,Mailchimp,Marketing,299.00,2020
1181,2020-07-30,"American Airlines",Travel,1943.71,2020
1179,2020-07-30,"Delta Airlines",Travel,2177.00,2020
1178,2020-07-30,QuickBooks,Software,146.60,2020
1180,2020-07-30,Slack,Software,87.00,2020
1182,2020-07-30,Zoom,Software,149.00,2020
1184,2020-07-31,Mailchimp,Marketing,NULL,2020
1183,2020-07-31,Microsoft,Software,244.22,2020
1185,2020-07-31,Salesforce,Software,800.00,2020
1186,2020-08-01,Expensify,Software,NULL,2020
1187,2020-08-01,"Office Depot","Office Supplies",NULL,2020
1190,2020-08-01,"Office Depot","Office Supplies",365.90,2020
1188,2020-08-01,Staples,"Office Supplies",74.98,2020
1189,2020-08-01,Stripe,Software,59.00,2020
1193,2020-08-02,DHL,Shipping,241.27,2020
1192,2020-08-02,Dropbox,Software,21.70,2020
1191,2020-08-02,Marriott,Travel,597.54,2020
1194,2020-08-02,QuickBooks,Software,144.67,2020
1195,2020-08-03,AWS,Software,3264.90,2020
1196,2020-08-03,DHL,Shipping,NULL,2020
1197,2020-08-03,"LinkedIn Ads",Marketing,986.00,2020
1198,2020-08-03,Notion,Software,16.00,2020
1199,2020-08-03,Uber,Travel,186.89,2020
1201,2020-08-04,DHL,Shipping,164.20,2020
1204,2020-08-04,Expensify,Software,NULL,2020
1200,2020-08-04,"Office Depot","Office Supplies",72.06,2020
1202,2020-08-04,Uber,Travel,125.99,2020
1203,2020-08-04,Zoom,Software,149.00,2020
1206,2020-08-05,"American Airlines",Travel,1425.00,2020
1207,2020-08-05,"Delta Airlines",Travel,1546.00,2020
1205,2020-08-05,Marriott,Travel,210.60,2020
1208,2020-08-05,Marriott,Travel,360.78,2020
1209,2020-08-05,WeWork,Rent,3200.00,2020
1215,2020-08-06,Asana,Software,49.00,2020
1213,2020-08-06,DHL,Shipping,242.61,2020
1214,2020-08-06,Dropbox,Software,21.83,2020
1210,2020-08-06,FedEx,Shipping,158.10,2020
1212,2020-08-06,FedEx,Shipping,241.76,2020
1211,2020-08-06,Marriott,Travel,NULL,2020
1216,2020-08-06,Slack,Software,87.00,2020
1218,2020-08-07,"Delta Airlines",Travel,517.30,2020
1219,2020-08-07,DHL,Shipping,135.00,2020
1217,2020-08-07,"Google Ads",Marketing,3158.40,2020
1220,2020-08-07,Uber,Travel,128.92,2020
1221,2020-08-08,"Delta Airlines",Travel,1742.65,2020
1222,2020-08-08,Expensify,Software,NULL,2020
1223,2020-08-08,Marriott,Travel,572.00,2020
1230,2020-08-09,"American Airlines",Travel,2062.68,2020
1227,2020-08-09,"Delta Airlines",Travel,724.86,2020
1226,2020-08-09,Dropbox,Software,16.00,2020
1231,2020-08-09,"Google Ads",Marketing,2284.91,2020
1228,2020-08-09,HubSpot,Marketing,999.36,2020
1225,2020-08-09,Marriott,Travel,181.67,2020
1229,2020-08-09,"Office Depot","Office Supplies",330.10,2020
1224,2020-08-09,Uber,Travel,252.38,2020
1235,2020-08-10,Asana,Software,46.90,2020
1232,2020-08-10,Asana,Software,61.00,2020
1237,2020-08-10,Expensify,Software,50.00,2020
1233,2020-08-10,HubSpot,Marketing,1193.00,2020
1234,2020-08-10,"LinkedIn Ads",Marketing,1646.00,2020
1238,2020-08-10,Microsoft,Software,358.00,2020
1236,2020-08-10,"Office Depot","Office Supplies",288.00,2020
1240,2020-08-11,Amazon,"Office Supplies",1565.00,2020
1241,2020-08-11,HubSpot,Marketing,809.02,2020
1239,2020-08-11,Microsoft,Software,494.00,2020
1243,2020-08-12,FedEx,Shipping,271.00,2020
1244,2020-08-12,Microsoft,Software,182.17,2020
1242,2020-08-12,Uber,Travel,154.00,2020
1247,2020-08-13,Asana,Software,NULL,2020
1246,2020-08-13,AWS,Software,4163.39,2020
1252,2020-08-13,Dropbox,Software,15.41,2020
1249,2020-08-13,FedEx,Shipping,268.75,2020
1248,2020-08-13,Notion,Software,16.00,2020
1250,2020-08-13,"Office Depot","Office Supplies",136.56,2020
1251,2020-08-13,QuickBooks,Software,151.00,2020
1245,2020-08-13,WeWork,Rent,3200.00,2020
1253,2020-08-14,Dropbox,Software,22.00,2020
1254,2020-08-14,Expensify,Software,50.00,2020
1257,2020-08-14,HubSpot,Marketing,NULL,2020
1255,2020-08-14,Mailchimp,Marketing,299.00,2020
1256,2020-08-14,Zoom,Software,149.00,2020
1262,2020-08-15,DHL,Shipping,NULL,2020
1259,2020-08-15,HubSpot,Marketing,558.49,2020
1260,2020-08-15,HubSpot,Marketing,892.80,2020
1263,2020-08-15,"LinkedIn Ads",Marketing,1135.00,2020
1261,2020-08-15,Mailchimp,Marketing,299.00,2020
1258,2020-08-15,"Office Depot","Office Supplies",358.00,2020
1266,2020-08-16,Asana,Software,NULL,2020
1264,2020-08-16,Asana,Software,75.88,2020
1265,2020-08-16,FedEx,Shipping,200.20,2020
1267,2020-08-16,Mailchimp,Marketing,299.00,2020
1268,2020-08-16,Slack,Software,87.00,2020
1269,2020-08-17,Amazon,"Office Supplies",752.00,2020
1272,2020-08-17,Asana,Software,81.09,2020
1271,2020-08-17,"Delta Airlines",Travel,1502.10,2020
1270,2020-08-17,Expensify,Software,50.00,2020
1273,2020-08-17,Staples,"Office Supplies",254.05,2020
1274,2020-08-18,"Google Ads",Marketing,962.00,2020
1278,2020-08-18,Mailchimp,Marketing,299.00,2020
1277,2020-08-18,Slack,Software,87.00,2020
1276,2020-08-18,Staples,"Office Supplies",281.00,2020
1275,2020-08-18,Uber,Travel,155.54,2020
1282,2020-08-19,AWS,Software,2088.00,2020
1279,2020-08-19,AWS,Software,4360.51,2020
1280,2020-08-19,"Delta Airlines",Travel,1401.43,2020
1283,2020-08-19,DHL,Shipping,104.18,2020
1281,2020-08-19,Uber,Travel,96.00,2020
1285,2020-08-20,Amazon,"Office Supplies",1893.86,2020
1289,2020-08-20,Asana,Software,53.05,2020
1288,2020-08-20,"LinkedIn Ads",Marketing,860.00,2020
1290,2020-08-20,QuickBooks,Software,68.01,2020
1284,2020-08-20,Stripe,Software,59.00,2020
1287,2020-08-20,WeWork,Rent,3200.00,2020
1286,2020-08-20,Zoom,Software,149.00,2020
1292,2020-08-21,"LinkedIn Ads",Marketing,1993.53,2020
1291,2020-08-21,Microsoft,Software,390.99,2020
1293,2020-08-21,QuickBooks,Software,171.00,2020
1294,2020-08-21,WeWork,Rent,3200.00,2020
1297,2020-08-22,Microsoft,Software,305.00,2020
1296,2020-08-22,"Office Depot","Office Supplies",179.80,2020
1295,2020-08-22,Salesforce,Software,800.00,2020
1298,2020-08-22,Zoom,Software,NULL,2020
1300,2020-08-23,Asana,Software,46.00,2020
1299,2020-08-23,"Office Depot","Office Supplies",493.40,2020
1301,2020-08-23,WeWork,Rent,3200.00,2020
1307,2020-08-24,Asana,Software,64.30,2020
1303,2020-08-24,AWS,Software,860.06,2020
1304,2020-08-24,"LinkedIn Ads",Marketing,NULL,2020
1305,2020-08-24,"LinkedIn Ads",Marketing,833.83,2020
1308,2020-08-24,Mailchimp,Marketing,299.00,2020
1309,2020-08-24,Marriott,Travel,290.80,2020
1306,2020-08-24,"Office Depot","Office Supplies",126.10,2020
1302,2020-08-24,QuickBooks,Software,98.60,2020
1313,2020-08-25,"Delta Airlines",Travel,940.00,2020
1312,2020-08-25,HubSpot,Marketing,709.92,2020
1311,2020-08-25,Mailchimp,Marketing,299.00,2020
1315,2020-08-25,Microsoft,Software,NULL,2020
1314,2020-08-25,"Office Depot","Office Supplies",419.00,2020
1310,2020-08-25,Slack,Software,87.00,2020
1316,2020-08-25,Zoom,Software,149.00,2020
1321,2020-08-26,"American Airlines",Travel,NULL,2020
1317,2020-08-26,Dropbox,Software,16.13,2020
1322,2020-08-26,Expensify,Software,NULL,2020
1319,2020-08-26,Expensify,Software,50.00,2020
1324,2020-08-26,Staples,"Office Supplies",NULL,2020
1318,2020-08-26,Staples,"Office Supplies",194.75,2020
1323,2020-08-26,Staples,"Office Supplies",304.41,2020
1329,2020-08-27,"Delta Airlines",Travel,307.77,2020
1328,2020-08-27,Microsoft,Software,NULL,2020
1327,2020-08-27,Microsoft,Software,258.30,2020
1325,2020-08-27,Notion,Software,16.00,2020
1326,2020-08-27,Zoom,Software,149.00,2020
1333,2020-08-28,Amazon,"Office Supplies",564.96,2020
1331,2020-08-28,Asana,Software,91.80,2020
1330,2020-08-28,AWS,Software,4305.97,2020
1332,2020-08-28,Expensify,Software,NULL,2020
1334,2020-08-28,Uber,Travel,NULL,2020
1338,2020-08-29,Asana,Software,76.26,2020
1339,2020-08-29,Expensify,Software,50.00,2020
1337,2020-08-29,"LinkedIn Ads",Marketing,1990.00,2020
1336,2020-08-29,Microsoft,Software,NULL,2020
1342,2020-08-29,Microsoft,Software,314.00,2020
1340,2020-08-29,WeWork,Rent,3200.00,2020
1344,2020-08-30,Asana,Software,34.07,2020
1345,2020-08-30,AWS,Software,3675.00,2020
1343,2020-08-30,Dropbox,Software,19.14,2020
1346,2020-08-30,"LinkedIn Ads",Marketing,1413.00,2020
1347,2020-08-30,Zoom,Software,149.00,2020
1352,2020-08-31,Amazon,"Office Supplies",1317.00,2020
1349,2020-08-31,"Delta Airlines",Travel,NULL,2020
1348,2020-08-31,"Google Ads",Marketing,3185.00,2020
1351,2020-08-31,"LinkedIn Ads",Marketing,568.24,2020
1350,2020-08-31,Slack,Software,87.00,2020
1353,2020-08-31,WeWork,Rent,3200.00,2020
1356,2020-09-01,AWS,Software,4026.80,2020
1355,2020-09-01,"Google Ads",Marketing,1323.80,2020
1354,2020-09-01,Slack,Software,87.00,2020
1359,2020-09-02,Dropbox,Software,17.00,2020
1358,2020-09-02,Expensify,Software,50.00,2020
1360,2020-09-02,HubSpot,Marketing,828.00,2020
1357,2020-09-02,QuickBooks,Software,109.00,2020
1363,2020-09-03,Notion,Software,16.00,2020
1364,2020-09-03,"Office Depot","Office Supplies",174.89,2020
1362,2020-09-03,Salesforce,Software,800.00,2020
1365,2020-09-03,Stripe,Software,59.00,2020
1361,2020-09-03,WeWork,Rent,3200.00,2020
1369,2020-09-04,Dropbox,Software,16.50,2020
1366,2020-09-04,Expensify,Software,50.00,2020
1367,2020-09-04,"Google Ads",Marketing,1103.02,2020
1370,2020-09-04,Marriott,Travel,543.00,2020
1368,2020-09-04,WeWork,Rent,NULL,2020
1373,2020-09-05,Amazon,"Office Supplies",NULL,2020
1374,2020-09-05,Asana,Software,91.03,2020
1372,2020-09-05,"Delta Airlines",Travel,1894.06,2020
1371,2020-09-05,"Office Depot","Office Supplies",439.75,2020
1375,2020-09-06,Dropbox,Software,22.66,2020
1376,2020-09-06,Notion,Software,16.00,2020
1377,2020-09-06,Salesforce,Software,800.00,2020
1380,2020-09-07,"Delta Airlines",Travel,1493.00,2020
1378,2020-09-07,DHL,Shipping,51.00,2020
1382,2020-09-07,"Google Ads",Marketing,992.00,2020
1383,2020-09-07,HubSpot,Marketing,754.90,2020
1379,2020-09-07,Slack,Software,87.00,2020
1381,2020-09-07,Zoom,Software,149.00,2020
1389,2020-09-08,"American Airlines",Travel,1511.20,2020
1387,2020-09-08,"American Airlines",Travel,2323.53,2020
1386,2020-09-08,Asana,Software,54.89,2020
1390,2020-09-08,AWS,Software,1312.00,2020
1391,2020-09-08,FedEx,Shipping,141.00,2020
1388,2020-09-08,"Office Depot","Office Supplies",389.28,2020
1385,2020-09-08,Staples,"Office Supplies",112.60,2020
1384,2020-09-08,Uber,Travel,NULL,2020
1392,2020-09-09,Expensify,Software,NULL,2020
1393,2020-09-09,FedEx,Shipping,164.00,2020
1396,2020-09-09,HubSpot,Marketing,919.60,2020
1394,2020-09-09,"Office Depot","Office Supplies",193.85,2020
1395,2020-09-09,Staples,"Office Supplies",336.00,2020
1398,2020-09-10,AWS,Software,2042.30,2020
1402,2020-09-10,Expensify,Software,NULL,2020
1400,2020-09-10,"Google Ads",Marketing,NULL,2020
1399,2020-09-10,"LinkedIn Ads",Marketing,1350.82,2020
1401,2020-09-10,Notion,Software,NULL,2020
1397,2020-09-10,Notion,Software,16.00,2020
1406,2020-09-11,"Delta Airlines",Travel,2097.47,2020
1404,2020-09-11,DHL,Shipping,208.20,2020
1403,2020-09-11,Microsoft,Software,NULL,2020
1405,2020-09-11,Salesforce,Software,800.00,2020
1408,2020-09-12,Asana,Software,70.00,2020
1407,2020-09-12,DHL,Shipping,58.60,2020
1410,2020-09-12,"LinkedIn Ads",Marketing,1576.69,2020
1409,2020-09-12,Microsoft,Software,349.00,2020
1411,2020-09-13,Amazon,"Office Supplies",1261.83,2020
1413,2020-09-13,Amazon,"Office Supplies",1436.00,2020
1416,2020-09-13,"American Airlines",Travel,1271.81,2020
1417,2020-09-13,DHL,Shipping,64.00,2020
1415,2020-09-13,"LinkedIn Ads",Marketing,1553.00,2020
1412,2020-09-13,Microsoft,Software,171.84,2020
1414,2020-09-13,Slack,Software,87.00,2020
1422,2020-09-14,"American Airlines",Travel,1892.40,2020
1418,2020-09-14,"LinkedIn Ads",Marketing,731.40,2020
1420,2020-09-14,Marriott,Travel,548.20,2020
1421,2020-09-14,WeWork,Rent,3200.00,2020
1419,2020-09-14,Zoom,Software,149.00,2020
1423,2020-09-15,Dropbox,Software,19.20,2020
1424,2020-09-15,FedEx,Shipping,98.69,2020
1426,2020-09-15,"LinkedIn Ads",Marketing,1889.85,2020
1425,2020-09-15,Notion,Software,16.00,2020
1427,2020-09-15,Uber,Travel,183.40,2020
1433,2020-09-16,Asana,Software,33.69,2020
1434,2020-09-16,AWS,Software,2379.00,2020
1432,2020-09-16,DHL,Shipping,167.00,2020
1430,2020-09-16,Expensify,Software,50.00,2020
1435,2020-09-16,"LinkedIn Ads",Marketing,1029.00,2020
1431,2020-09-16,Mailchimp,Marketing,299.00,2020
1429,2020-09-16,Marriott,Travel,386.00,2020
1436,2020-09-16,Microsoft,Software,208.00,2020
1443,2020-09-17,"Google Ads",Marketing,1505.40,2020
1444,2020-09-17,"Google Ads",Marketing,2958.00,2020
1439,2020-09-17,Microsoft,Software,319.67,2020
1442,2020-09-17,Notion,Software,16.00,2020
1441,2020-09-17,Stripe,Software,NULL,2020
1440,2020-09-17,Stripe,Software,59.00,2020
1447,2020-09-18,DHL,Shipping,124.04,2020
1446,2020-09-18,"Office Depot","Office Supplies",496.99,2020
1445,2020-09-18,Zoom,Software,149.00,2020
1453,2020-09-19,Expensify,Software,50.00,2020
1448,2020-09-19,Marriott,Travel,NULL,2020
1449,2020-09-19,"Office Depot","Office Supplies",NULL,2020
1454,2020-09-19,Slack,Software,87.00,2020
1450,2020-09-19,Staples,"Office Supplies",216.68,2020
1451,2020-09-19,Staples,"Office Supplies",289.00,2020
1452,2020-09-19,Zoom,Software,149.00,2020
1460,2020-09-20,Amazon,"Office Supplies",881.40,2020
1458,2020-09-20,Dropbox,Software,18.37,2020
1461,2020-09-20,FedEx,Shipping,97.05,2020
1457,2020-09-20,"Office Depot","Office Supplies",347.39,2020
1455,2020-09-20,QuickBooks,Software,161.00,2020
1459,2020-09-20,Salesforce,Software,800.00,2020
1456,2020-09-20,Slack,Software,87.00,2020
1462,2020-09-21,Amazon,"Office Supplies",NULL,2020
1464,2020-09-21,"American Airlines",Travel,NULL,2020
1463,2020-09-21,DHL,Shipping,226.14,2020
1467,2020-09-22,DHL,Shipping,235.00,2020
1468,2020-09-22,"Office Depot","Office Supplies",230.00,2020
1466,2020-09-22,Slack,Software,87.00,2020
1465,2020-09-22,Staples,"Office Supplies",279.74,2020
1472,2020-09-23,Asana,Software,57.48,2020
1469,2020-09-23,"Google Ads",Marketing,2907.97,2020
1470,2020-09-23,Staples,"Office Supplies",186.00,2020
1471,2020-09-23,Stripe,Software,NULL,2020
1473,2020-09-23,Zoom,Software,149.00,2020
1474,2020-09-24,"American Airlines",Travel,NULL,2020
1476,2020-09-24,AWS,Software,914.50,2020
1479,2020-09-24,AWS,Software,2293.08,2020
1477,2020-09-24,DHL,Shipping,112.00,2020
1475,2020-09-24,Notion,Software,16.00,2020
1478,2020-09-24,Staples,"Office Supplies",251.10,2020
1484,2020-09-25,Expensify,Software,50.00,2020
1483,2020-09-25,FedEx,Shipping,179.00,2020
1485,2020-09-25,"Google Ads",Marketing,2297.08,2020
1480,2020-09-25,Mailchimp,Marketing,299.00,2020
1486,2020-09-25,Microsoft,Software,393.00,2020
1482,2020-09-25,Salesforce,Software,800.00,2020
1481,2020-09-25,Slack,Software,87.00,2020
1491,2020-09-26,Amazon,"Office Supplies",NULL,2020
1489,2020-09-26,Mailchimp,Marketing,NULL,2020
1492,2020-09-26,Marriott,Travel,NULL,2020
1490,2020-09-26,QuickBooks,Software,90.00,2020
1487,2020-09-26,WeWork,Rent,3200.00,2020
1488,2020-09-26,Zoom,Software,NULL,2020
1497,2020-09-27,Amazon,"Office Supplies",NULL,2020
1496,2020-09-27,Asana,Software,33.21,2020
1493,2020-09-27,DHL,Shipping,142.70,2020
1495,2020-09-27,Marriott,Travel,213.70,2020
1494,2020-09-27,Marriott,Travel,410.71,2020
1498,2020-09-27,Slack,Software,87.00,2020
1500,2020-09-27,WeWork,Rent,3200.00,2020
1505,2020-09-28,HubSpot,Marketing,532.00,2020
1503,2020-09-28,Notion,Software,NULL,2020
1502,2020-09-28,Salesforce,Software,800.00,2020
1501,2020-09-28,Slack,Software,87.00,2020
1504,2020-09-28,Zoom,Software,149.00,2020
1508,2020-09-29,Amazon,"Office Supplies",113.00,2020
1509,2020-09-29,"LinkedIn Ads",Marketing,1540.30,2020
1507,2020-09-29,"Office Depot","Office Supplies",104.14,2020
1506,2020-09-29,Slack,Software,87.00,2020
1514,2020-09-30,Amazon,"Office Supplies",1159.65,2020
1512,2020-09-30,Asana,Software,42.60,2020
1515,2020-09-30,Asana,Software,55.33,2020
1516,2020-09-30,Expensify,Software,50.00,2020
1511,2020-09-30,"LinkedIn Ads",Marketing,858.88,2020
1513,2020-09-30,QuickBooks,Software,157.40,2020
1517,2020-09-30,Uber,Travel,82.30,2020
1510,2020-09-30,Zoom,Software,149.00,2020
1522,2020-10-01,"Google Ads",Marketing,NULL,2020
1518,2020-10-01,"Google Ads",Marketing,1231.35,2020
1519,2020-10-01,QuickBooks,Software,97.00,2020
1520,2020-10-01,Salesforce,Software,800.00,2020
1523,2020-10-01,Slack,Software,87.00,2020
1521,2020-10-01,Uber,Travel,NULL,2020
1529,2020-10-02,"Google Ads",Marketing,1845.79,2020
1528,2020-10-02,"LinkedIn Ads",Marketing,717.40,2020
1525,2020-10-02,Mailchimp,Marketing,299.00,2020
1524,2020-10-02,Notion,Software,16.00,2020
1530,2020-10-02,QuickBooks,Software,96.00,2020
1533,2020-10-03,"Office Depot","Office Supplies",191.48,2020
1534,2020-10-03,QuickBooks,Software,173.86,2020
1532,2020-10-03,Slack,Software,87.00,2020
1531,2020-10-03,Uber,Travel,NULL,2020
1535,2020-10-04,"LinkedIn Ads",Marketing,1785.46,2020
1537,2020-10-04,Marriott,Travel,342.65,2020
1536,2020-10-04,Notion,Software,16.00,2020
1542,2020-10-05,Expensify,Software,NULL,2020
1541,2020-10-05,"LinkedIn Ads",Marketing,1296.68,2020
1538,2020-10-05,"LinkedIn Ads",Marketing,1369.20,2020
1539,2020-10-05,Notion,Software,16.00,2020
1540,2020-10-05,Uber,Travel,297.64,2020
1545,2020-10-06,Amazon,"Office Supplies",1011.60,2020
1543,2020-10-06,"American Airlines",Travel,2249.00,2020
1544,2020-10-06,FedEx,Shipping,116.91,2020
1551,2020-10-07,"American Airlines",Travel,2849.07,2020
1552,2020-10-07,DHL,Shipping,43.22,2020
1550,2020-10-07,Dropbox,Software,15.00,2020
1548,2020-10-07,FedEx,Shipping,202.97,2020
1546,2020-10-07,Marriott,Travel,412.60,2020
1547,2020-10-07,"Office Depot","Office Supplies",95.15,2020
1549,2020-10-07,QuickBooks,Software,59.00,2020
1553,2020-10-08,DHL,Shipping,NULL,2020
1554,2020-10-08,FedEx,Shipping,NULL,2020
1555,2020-10-08,"Google Ads",Marketing,2550.07,2020
1558,2020-10-08,"Office Depot","Office Supplies",380.00,2020
1557,2020-10-08,QuickBooks,Software,112.20,2020
1559,2020-10-08,Stripe,Software,59.00,2020
1556,2020-10-08,Zoom,Software,149.00,2020
1561,2020-10-09,AWS,Software,3607.00,2020
1562,2020-10-09,Expensify,Software,50.00,2020
1560,2020-10-09,FedEx,Shipping,129.76,2020
1566,2020-10-10,"Delta Airlines",Travel,1445.00,2020
1563,2020-10-10,Expensify,Software,50.00,2020
1564,2020-10-10,Microsoft,Software,NULL,2020
1565,2020-10-10,Stripe,Software,59.00,2020
1569,2020-10-11,"Delta Airlines",Travel,438.49,2020
1567,2020-10-11,DHL,Shipping,146.00,2020
1570,2020-10-11,Dropbox,Software,21.00,2020
1572,2020-10-11,Expensify,Software,50.00,2020
1568,2020-10-11,"LinkedIn Ads",Marketing,1165.00,2020
1571,2020-10-11,QuickBooks,Software,134.00,2020
1576,2020-10-12,"American Airlines",Travel,1698.89,2020
1575,2020-10-12,Expensify,Software,50.00,2020
1574,2020-10-12,"Office Depot","Office Supplies",427.00,2020
1573,2020-10-12,Stripe,Software,59.00,2020
1577,2020-10-13,"American Airlines",Travel,2733.19,2020
1580,2020-10-13,DHL,Shipping,96.00,2020
1579,2020-10-13,Expensify,Software,50.00,2020
1578,2020-10-13,Mailchimp,Marketing,299.00,2020
1583,2020-10-13,"Office Depot","Office Supplies",98.00,2020
1582,2020-10-13,Slack,Software,87.00,2020
1584,2020-10-13,Zoom,Software,149.00,2020
1587,2020-10-14,"American Airlines",Travel,514.48,2020
1585,2020-10-14,"American Airlines",Travel,1027.56,2020
1592,2020-10-14,"Delta Airlines",Travel,349.60,2020
1586,2020-10-14,Notion,Software,16.00,2020
1589,2020-10-14,Staples,"Office Supplies",266.00,2020
1590,2020-10-14,WeWork,Rent,3200.00,2020
1588,2020-10-14,Zoom,Software,NULL,2020
1594,2020-10-15,"Delta Airlines",Travel,1379.02,2020
1598,2020-10-15,"Delta Airlines",Travel,1901.30,2020
1595,2020-10-15,DHL,Shipping,106.20,2020
1593,2020-10-15,DHL,Shipping,240.50,2020
1599,2020-10-15,Expensify,Software,50.00,2020
1596,2020-10-15,FedEx,Shipping,NULL,2020
1597,2020-10-15,FedEx,Shipping,120.10,2020
1600,2020-10-15,Marriott,Travel,553.39,2020
1601,2020-10-16,"Delta Airlines",Travel,967.00,2020
1604,2020-10-16,"LinkedIn Ads",Marketing,762.34,2020
1602,2020-10-16,WeWork,Rent,3200.00,2020
1608,2020-10-17,Amazon,"Office Supplies",392.60,2020
1607,2020-10-17,AWS,Software,2884.55,2020
1605,2020-10-17,"Google Ads",Marketing,3047.20,2020
1606,2020-10-17,Uber,Travel,252.00,2020
1610,2020-10-18,AWS,Software,4552.61,2020
1609,2020-10-18,QuickBooks,Software,136.57,2020
1611,2020-10-18,Slack,Software,87.00,2020
1616,2020-10-19,"American Airlines",Travel,579.00,2020
1617,2020-10-19,FedEx,Shipping,149.00,2020
1614,2020-10-19,FedEx,Shipping,173.00,2020
1615,2020-10-19,"Google Ads",Marketing,2370.50,2020
1612,2020-10-19,Marriott,Travel,312.80,2020
1613,2020-10-19,Stripe,Software,59.00,2020
1618,2020-10-19,Uber,Travel,108.26,2020
1623,2020-10-20,Amazon,"Office Supplies",360.20,2020
1620,2020-10-20,Asana,Software,82.00,2020
1625,2020-10-20,"Delta Airlines",Travel,640.02,2020
1619,2020-10-20,"Delta Airlines",Travel,1986.17,2020
1621,2020-10-20,DHL,Shipping,204.00,2020
1624,2020-10-20,"LinkedIn Ads",Marketing,1010.47,2020
1622,2020-10-20,Slack,Software,87.00,2020
1632,2020-10-21,"American Airlines",Travel,834.41,2020
1629,2020-10-21,"American Airlines",Travel,1215.00,2020
1626,2020-10-21,Asana,Software,78.28,2020
1630,2020-10-21,"Google Ads",Marketing,NULL,2020
1627,2020-10-21,"LinkedIn Ads",Marketing,NULL,2020
1631,2020-10-21,Slack,Software,87.00,2020
1628,2020-10-21,Zoom,Software,149.00,2020
1634,2020-10-22,Amazon,"Office Supplies",1571.92,2020
1635,2020-10-22,"Delta Airlines",Travel,537.20,2020
1633,2020-10-22,"LinkedIn Ads",Marketing,1536.23,2020
1638,2020-10-23,Asana,Software,44.38,2020
1637,2020-10-23,DHL,Shipping,NULL,2020
1641,2020-10-23,FedEx,Shipping,81.74,2020
1640,2020-10-23,Marriott,Travel,573.00,2020
1636,2020-10-23,Slack,Software,NULL,2020
1648,2020-10-24,"Delta Airlines",Travel,1431.00,2020
1645,2020-10-24,"Delta Airlines",Travel,2325.10,2020
1643,2020-10-24,Dropbox,Software,17.00,2020
1646,2020-10-24,FedEx,Shipping,221.51,2020
1647,2020-10-24,"Google Ads",Marketing,3053.80,2020
1644,2020-10-24,"Google Ads",Marketing,3234.48,2020
1642,2020-10-24,Notion,Software,16.00,2020
1650,2020-10-25,"American Airlines",Travel,1007.16,2020
1649,2020-10-25,Expensify,Software,50.00,2020
1651,2020-10-25,Salesforce,Software,800.00,2020
1656,2020-10-26,AWS,Software,3426.06,2020
1654,2020-10-26,"Delta Airlines",Travel,2184.90,2020
1655,2020-10-26,DHL,Shipping,NULL,2020
1653,2020-10-26,Mailchimp,Marketing,299.00,2020
1652,2020-10-26,Marriott,Travel,290.40,2020
1658,2020-10-26,Marriott,Travel,566.38,2020
1657,2020-10-26,Slack,Software,87.00,2020
1659,2020-10-27,"Delta Airlines",Travel,1045.00,2020
1663,2020-10-27,FedEx,Shipping,163.70,2020
1662,2020-10-27,"Office Depot","Office Supplies",401.10,2020
1660,2020-10-27,Slack,Software,87.00,2020
1661,2020-10-27,Stripe,Software,59.00,2020
1666,2020-10-28,Amazon,"Office Supplies",NULL,2020
1668,2020-10-28,Asana,Software,77.54,2020
1667,2020-10-28,AWS,Software,3454.90,2020
1664,2020-10-28,Dropbox,Software,17.79,2020
1669,2020-10-28,"Office Depot","Office Supplies",66.00,2020
1665,2020-10-28,Slack,Software,87.00,2020
1675,2020-10-29,"American Airlines",Travel,659.00,2020
1670,2020-10-29,"Delta Airlines",Travel,945.00,2020
1674,2020-10-29,Expensify,Software,50.00,2020
1671,2020-10-29,HubSpot,Marketing,674.89,2020
1672,2020-10-29,"Office Depot","Office Supplies",44.85,2020
1673,2020-10-29,Staples,"Office Supplies",207.50,2020
1680,2020-10-30,Asana,Software,77.00,2020
1678,2020-10-30,AWS,Software,2898.83,2020
1677,2020-10-30,AWS,Software,3368.40,2020
1682,2020-10-30,FedEx,Shipping,130.71,2020
1683,2020-10-30,"Office Depot","Office Supplies",448.93,2020
1681,2020-10-30,Salesforce,Software,800.00,2020
1676,2020-10-30,Staples,"Office Supplies",NULL,2020
1679,2020-10-30,Staples,"Office Supplies",142.20,2020
1685,2020-10-31,DHL,Shipping,79.00,2020
1684,2020-10-31,FedEx,Shipping,297.91,2020
1686,2020-10-31,Notion,Software,16.00,2020
1687,2020-10-31,Slack,Software,NULL,2020
1689,2020-10-31,Stripe,Software,59.00,2020
1688,2020-10-31,Uber,Travel,154.40,2020
1691,2020-11-01,AWS,Software,680.00,2020
1692,2020-11-01,AWS,Software,2613.00,2020
1694,2020-11-01,"Delta Airlines",Travel,1393.29,2020
1693,2020-11-01,"Google Ads",Marketing,2460.00,2020
1690,2020-11-01,Staples,"Office Supplies",249.62,2020
1697,2020-11-02,"American Airlines",Travel,NULL,2020
1695,2020-11-02,"Delta Airlines",Travel,NULL,2020
1701,2020-11-02,"Delta Airlines",Travel,1211.50,2020
1700,2020-11-02,Dropbox,Software,23.00,2020
1699,2020-11-02,"LinkedIn Ads",Marketing,814.00,2020
1696,2020-11-02,Staples,"Office Supplies",331.61,2020
1698,2020-11-02,Stripe,Software,59.00,2020
1706,2020-11-03,FedEx,Shipping,160.00,2020
1707,2020-11-03,"LinkedIn Ads",Marketing,1115.39,2020
1705,2020-11-03,Notion,Software,NULL,2020
1703,2020-11-03,Notion,Software,16.00,2020
1702,2020-11-03,"Office Depot","Office Supplies",287.35,2020
1709,2020-11-03,QuickBooks,Software,70.88,2020
1708,2020-11-03,QuickBooks,Software,76.00,2020
1704,2020-11-03,Stripe,Software,59.00,2020
1714,2020-11-04,DHL,Shipping,148.91,2020
1712,2020-11-04,"LinkedIn Ads",Marketing,NULL,2020
1710,2020-11-04,Mailchimp,Marketing,299.00,2020
1715,2020-11-04,Marriott,Travel,NULL,2020
1711,2020-11-04,Microsoft,Software,312.50,2020
1713,2020-11-04,Stripe,Software,59.00,2020
1717,2020-11-05,FedEx,Shipping,214.60,2020
1718,2020-11-05,Marriott,Travel,529.24,2020
1716,2020-11-05,Salesforce,Software,800.00,2020
1725,2020-11-06,AWS,Software,2760.66,2020
1720,2020-11-06,AWS,Software,4445.91,2020
1719,2020-11-06,DHL,Shipping,211.00,2020
1724,2020-11-06,Expensify,Software,50.00,2020
1722,2020-11-06,Marriott,Travel,484.78,2020
1721,2020-11-06,"Office Depot","Office Supplies",409.10,2020
1723,2020-11-06,Zoom,Software,149.00,2020
1728,2020-11-07,Amazon,"Office Supplies",1326.26,2020
1726,2020-11-07,HubSpot,Marketing,739.00,2020
1729,2020-11-07,Marriott,Travel,448.00,2020
1730,2020-11-07,Stripe,Software,59.00,2020
1727,2020-11-07,Zoom,Software,149.00,2020
1738,2020-11-08,"American Airlines",Travel,1382.62,2020
1737,2020-11-08,AWS,Software,2461.00,2020
1733,2020-11-08,Microsoft,Software,181.59,2020
1734,2020-11-08,Microsoft,Software,223.60,2020
1735,2020-11-08,QuickBooks,Software,91.20,2020
1731,2020-11-08,Slack,Software,87.00,2020
1732,2020-11-08,Staples,"Office Supplies",52.00,2020
1736,2020-11-08,Uber,Travel,NULL,2020
1739,2020-11-09,"American Airlines",Travel,NULL,2020
1740,2020-11-09,Asana,Software,81.00,2020
1741,2020-11-09,Expensify,Software,50.00,2020
1742,2020-11-09,QuickBooks,Software,107.64,2020
1745,2020-11-10,Asana,Software,78.00,2020
1748,2020-11-10,"Delta Airlines",Travel,485.70,2020
1743,2020-11-10,"Delta Airlines",Travel,1682.25,2020
1746,2020-11-10,Expensify,Software,50.00,2020
1747,2020-11-10,"Google Ads",Marketing,2656.00,2020
1744,2020-11-10,Slack,Software,87.00,2020
1753,2020-11-11,Amazon,"Office Supplies",1465.30,2020
1754,2020-11-11,DHL,Shipping,136.18,2020
1749,2020-11-11,Notion,Software,16.00,2020
1751,2020-11-11,Uber,Travel,138.00,2020
1750,2020-11-11,WeWork,Rent,3200.00,2020
1752,2020-11-11,Zoom,Software,149.00,2020
1756,2020-11-12,"LinkedIn Ads",Marketing,1784.00,2020
1757,2020-11-12,Marriott,Travel,454.70,2020
1755,2020-11-12,Stripe,Software,59.00,2020
1758,2020-11-12,Zoom,Software,149.00,2020
1765,2020-11-13,Amazon,"Office Supplies",581.00,2020
1761,2020-11-13,"American Airlines",Travel,1313.20,2020
1762,2020-11-13,"American Airlines",Travel,1385.21,2020
1764,2020-11-13,AWS,Software,4559.49,2020
1759,2020-11-13,Expensify,Software,50.00,2020
1763,2020-11-13,Slack,Software,NULL,2020
1760,2020-11-13,WeWork,Rent,3200.00,2020
1769,2020-11-14,"American Airlines",Travel,1685.19,2020
1766,2020-11-14,DHL,Shipping,108.45,2020
1771,2020-11-14,Marriott,Travel,312.00,2020
1767,2020-11-14,Notion,Software,16.00,2020
1768,2020-11-14,Salesforce,Software,800.00,2020
1773,2020-11-15,"Google Ads",Marketing,1651.97,2020
1774,2020-11-15,HubSpot,Marketing,1082.40,2020
1777,2020-11-15,"LinkedIn Ads",Marketing,674.00,2020
1772,2020-11-15,"Office Depot","Office Supplies",465.60,2020
1775,2020-11-15,Uber,Travel,NULL,2020
1778,2020-11-15,Uber,Travel,149.20,2020
1776,2020-11-15,Uber,Travel,157.00,2020
1779,2020-11-16,AWS,Software,739.96,2020
1783,2020-11-16,Dropbox,Software,22.67,2020
1781,2020-11-16,"Google Ads",Marketing,3054.00,2020
1784,2020-11-16,Mailchimp,Marketing,299.00,2020
1782,2020-11-16,Notion,Software,16.00,2020
1780,2020-11-16,Slack,Software,87.00,2020
1786,2020-11-17,FedEx,Shipping,193.00,2020
1785,2020-11-17,Microsoft,Software,388.50,2020
1787,2020-11-17,Zoom,Software,149.00,2020
1791,2020-11-18,"Delta Airlines",Travel,2199.00,2020
1788,2020-11-18,QuickBooks,Software,174.18,2020
1789,2020-11-18,Salesforce,Software,800.00,2020
1793,2020-11-18,WeWork,Rent,3200.00,2020
1794,2020-11-19,Amazon,"Office Supplies",1719.50,2020
1795,2020-11-19,Microsoft,Software,376.51,2020
1796,2020-11-19,Slack,Software,87.00,2020
1797,2020-11-20,Asana,Software,39.00,2020
1799,2020-11-20,AWS,Software,1488.70,2020
1803,2020-11-20,AWS,Software,2730.94,2020
1798,2020-11-20,Dropbox,Software,17.00,2020
1801,2020-11-20,"LinkedIn Ads",Marketing,NULL,2020
1804,2020-11-20,Microsoft,Software,NULL,2020
1800,2020-11-20,"Office Depot","Office Supplies",228.59,2020
1802,2020-11-20,Salesforce,Software,800.00,2020
1808,2020-11-21,Dropbox,Software,NULL,2020
1807,2020-11-21,HubSpot,Marketing,NULL,2020
1806,2020-11-21,Mailchimp,Marketing,299.00,2020
1809,2020-11-21,Marriott,Travel,405.00,2020
1805,2020-11-21,Microsoft,Software,202.00,2020
1810,2020-11-21,Notion,Software,16.00,2020
1814,2020-11-22,Asana,Software,86.55,2020
1815,2020-11-22,"Delta Airlines",Travel,707.00,2020
1816,2020-11-22,DHL,Shipping,48.92,2020
1811,2020-11-22,DHL,Shipping,129.20,2020
1818,2020-11-22,Expensify,Software,50.00,2020
1813,2020-11-22,Salesforce,Software,800.00,2020
1817,2020-11-22,Staples,"Office Supplies",90.80,2020
1812,2020-11-22,Uber,Travel,52.00,2020
1822,2020-11-23,Amazon,"Office Supplies",497.54,2020
1819,2020-11-23,Asana,Software,86.90,2020
1823,2020-11-23,"LinkedIn Ads",Marketing,1763.13,2020
1820,2020-11-23,Microsoft,Software,180.67,2020
1821,2020-11-23,Slack,Software,87.00,2020
1825,2020-11-24,Amazon,"Office Supplies",321.30,2020
1826,2020-11-24,AWS,Software,2463.15,2020
1824,2020-11-24,Microsoft,Software,419.40,2020
1829,2020-11-25,"LinkedIn Ads",Marketing,1772.00,2020
1827,2020-11-25,Microsoft,Software,349.30,2020
1828,2020-11-25,Salesforce,Software,800.00,2020
1830,2020-11-25,Uber,Travel,161.60,2020
1831,2020-11-26,"American Airlines",Travel,NULL,2020
1833,2020-11-26,AWS,Software,761.00,2020
1834,2020-11-26,Expensify,Software,NULL,2020
1832,2020-11-26,Salesforce,Software,800.00,2020
1839,2020-11-27,AWS,Software,4038.82,2020
1835,2020-11-27,"Delta Airlines",Travel,1332.33,2020
1838,2020-11-27,"LinkedIn Ads",Marketing,1749.00,2020
1840,2020-11-27,Microsoft,Software,NULL,2020
1836,2020-11-27,Notion,Software,16.00,2020
1842,2020-11-27,Slack,Software,87.00,2020
1837,2020-11-27,Zoom,Software,149.00,2020
1844,2020-11-28,FedEx,Shipping,269.04,2020
1845,2020-11-28,"Google Ads",Marketing,3035.46,2020
1843,2020-11-28,Mailchimp,Marketing,NULL,2020
1847,2020-11-28,Slack,Software,87.00,2020
1846,2020-11-28,WeWork,Rent,NULL,2020
1850,2020-11-29,"American Airlines",Travel,341.20,2020
1852,2020-11-29,Asana,Software,84.75,2020
1851,2020-11-29,"Office Depot","Office Supplies",NULL,2020
1848,2020-11-29,"Office Depot","Office Supplies",51.00,2020
1849,2020-11-29,Zoom,Software,149.00,2020
1854,2020-11-30,FedEx,Shipping,80.80,2020
1855,2020-11-30,"Office Depot","Office Supplies",267.77,2020
1858,2020-11-30,"Office Depot","Office Supplies",391.40,2020
1859,2020-11-30,Salesforce,Software,800.00,2020
1853,2020-11-30,Slack,Software,NULL,2020
1857,2020-11-30,Slack,Software,87.00,2020
1856,2020-11-30,Zoom,Software,149.00,2020
1864,2020-12-01,Amazon,"Office Supplies",940.90,2020
1860,2020-12-01,"American Airlines",Travel,2313.57,2020
1863,2020-12-01,Expensify,Software,50.00,2020
1861,2020-12-01,Zoom,Software,149.00,2020
1866,2020-12-02,"LinkedIn Ads",Marketing,592.20,2020
1867,2020-12-02,Notion,Software,16.00,2020
1865,2020-12-02,Salesforce,Software,800.00,2020
1872,2020-12-03,"American Airlines",Travel,1166.70,2020
1871,2020-12-03,"American Airlines",Travel,1331.00,2020
1869,2020-12-03,Marriott,Travel,484.21,2020
1873,2020-12-03,"Office Depot","Office Supplies",122.73,2020
1868,2020-12-03,Staples,"Office Supplies",360.00,2020
1870,2020-12-03,Stripe,Software,59.00,2020
1877,2020-12-04,Amazon,"Office Supplies",152.00,2020
1879,2020-12-04,Dropbox,Software,NULL,2020
1876,2020-12-04,Dropbox,Software,20.52,2020
1875,2020-12-04,Dropbox,Software,24.92,2020
1878,2020-12-04,Mailchimp,Marketing,299.00,2020
1874,2020-12-04,Salesforce,Software,800.00,2020
1880,2020-12-04,Stripe,Software,59.00,2020
1884,2020-12-05,"American Airlines",Travel,1257.46,2020
1888,2020-12-05,AWS,Software,NULL,2020
1882,2020-12-05,Expensify,Software,50.00,2020
1883,2020-12-05,FedEx,Shipping,117.79,2020
1885,2020-12-05,Salesforce,Software,800.00,2020
1881,2020-12-05,Slack,Software,87.00,2020
1887,2020-12-05,WeWork,Rent,3200.00,2020
1894,2020-12-06,"American Airlines",Travel,795.40,2020
1891,2020-12-06,"American Airlines",Travel,2806.90,2020
1892,2020-12-06,"Google Ads",Marketing,1189.70,2020
1895,2020-12-06,HubSpot,Marketing,695.50,2020
1889,2020-12-06,Staples,"Office Supplies",255.90,2020
1890,2020-12-06,Stripe,Software,59.00,2020
1893,2020-12-06,Zoom,Software,149.00,2020
1898,2020-12-07,Microsoft,Software,320.07,2020
1896,2020-12-07,Slack,Software,87.00,2020
1900,2020-12-08,"Delta Airlines",Travel,702.77,2020
1905,2020-12-08,DHL,Shipping,126.00,2020
1899,2020-12-08,"LinkedIn Ads",Marketing,572.00,2020
1902,2020-12-08,"LinkedIn Ads",Marketing,1221.80,2020
1904,2020-12-08,"Office Depot","Office Supplies",95.10,2020
1903,2020-12-08,Salesforce,Software,800.00,2020
1901,2020-12-08,Slack,Software,NULL,2020
1906,2020-12-09,Asana,Software,76.52,2020
1908,2020-12-09,Expensify,Software,50.00,2020
1907,2020-12-09,Staples,"Office Supplies",NULL,2020
1909,2020-12-10,Amazon,"Office Supplies",1186.00,2020
1911,2020-12-10,"Delta Airlines",Travel,2401.37,2020
1910,2020-12-10,HubSpot,Marketing,916.13,2020
1912,2020-12-10,Notion,Software,16.00,2020
1913,2020-12-10,Slack,Software,87.00,2020
1914,2020-12-10,Stripe,Software,59.00,2020
1915,2020-12-10,WeWork,Rent,3200.00,2020
1921,2020-12-11,DHL,Shipping,63.00,2020
1919,2020-12-11,HubSpot,Marketing,534.00,2020
1917,2020-12-11,"LinkedIn Ads",Marketing,NULL,2020
1920,2020-12-11,"Office Depot","Office Supplies",72.10,2020
1918,2020-12-11,Salesforce,Software,NULL,2020
1922,2020-12-12,Amazon,"Office Supplies",1455.27,2020
1925,2020-12-12,"Delta Airlines",Travel,827.17,2020
1923,2020-12-12,Salesforce,Software,800.00,2020
1924,2020-12-12,Staples,"Office Supplies",379.55,2020
1929,2020-12-13,Amazon,"Office Supplies",611.40,2020
1926,2020-12-13,Dropbox,Software,22.52,2020
1930,2020-12-13,Mailchimp,Marketing,299.00,2020
1931,2020-12-13,Microsoft,Software,348.89,2020
1927,2020-12-13,Stripe,Software,59.00,2020
1928,2020-12-13,WeWork,Rent,3200.00,2020
1932,2020-12-14,FedEx,Shipping,180.51,2020
1933,2020-12-14,HubSpot,Marketing,1162.10,2020
1935,2020-12-14,QuickBooks,Software,NULL,2020
1934,2020-12-14,Uber,Travel,30.00,2020
1936,2020-12-15,Asana,Software,47.00,2020
1940,2020-12-15,Marriott,Travel,400.40,2020
1939,2020-12-15,Microsoft,Software,181.40,2020
1937,2020-12-15,QuickBooks,Software,77.00,2020
1938,2020-12-15,Uber,Travel,73.58,2020
1941,2020-12-16,Asana,Software,65.00,2020
1944,2020-12-16,"Delta Airlines",Travel,1311.56,2020
1942,2020-12-16,QuickBooks,Software,84.00,2020
1943,2020-12-16,Stripe,Software,59.00,2020
1946,2020-12-17,Amazon,"Office Supplies",1812.80,2020
1951,2020-12-17,Asana,Software,55.06,2020
1950,2020-12-17,DHL,Shipping,52.80,2020
1949,2020-12-17,HubSpot,Marketing,424.80,2020
1948,2020-12-17,HubSpot,Marketing,464.92,2020
1947,2020-12-17,HubSpot,Marketing,1116.20,2020
1952,2020-12-17,Slack,Software,87.00,2020
1945,2020-12-17,Zoom,Software,NULL,2020
1955,2020-12-18,"American Airlines",Travel,819.00,2020
1954,2020-12-18,"Delta Airlines",Travel,497.00,2020
1953,2020-12-18,Mailchimp,Marketing,299.00,2020
1957,2020-12-19,Amazon,"Office Supplies",472.60,2020
1958,2020-12-19,Slack,Software,87.00,2020
1956,2020-12-19,Stripe,Software,59.00,2020
1962,2020-12-20,"Delta Airlines",Travel,NULL,2020
1959,2020-12-20,HubSpot,Marketing,555.02,2020
1961,2020-12-20,Stripe,Software,59.00,2020
1960,2020-12-20,WeWork,Rent,3200.00,2020
1964,2020-12-21,Amazon,"Office Supplies",1881.99,2020
1967,2020-12-21,Dropbox,Software,22.59,2020
1963,2020-12-21,HubSpot,Marketing,891.60,2020
1970,2020-12-21,Notion,Software,16.00,2020
1965,2020-12-21,Salesforce,Software,800.00,2020
1966,2020-12-21,Slack,Software,87.00,2020
1968,2020-12-21,Uber,Travel,105.00,2020
1972,2020-12-22,"Google Ads",Marketing,NULL,2020
1971,2020-12-22,"LinkedIn Ads",Marketing,1936.66,2020
1975,2020-12-22,Mailchimp,Marketing,299.00,2020
1974,2020-12-22,Notion,Software,16.00,2020
1978,2020-12-22,QuickBooks,Software,108.04,2020
1973,2020-12-22,Slack,Software,87.00,2020
1976,2020-12-22,Uber,Travel,251.84,2020
1977,2020-12-22,WeWork,Rent,3200.00,2020
1981,2020-12-23,Microsoft,Software,363.76,2020
1979,2020-12-23,Staples,"Office Supplies",159.65,2020
1980,2020-12-23,Zoom,Software,149.00,2020
1984,2020-12-24,Asana,Software,85.10,2020
1987,2020-12-24,Expensify,Software,50.00,2020
1989,2020-12-24,Notion,Software,16.00,2020
1986,2020-12-24,Salesforce,Software,800.00,2020
1988,2020-12-24,Slack,Software,87.00,2020
1983,2020-12-24,Staples,"Office Supplies",83.54,2020
1985,2020-12-24,Staples,"Office Supplies",212.47,2020
1982,2020-12-24,Uber,Travel,181.00,2020
1990,2020-12-25,AWS,Software,3678.19,2020
1995,2020-12-25,FedEx,Shipping,292.27,2020
1993,2020-12-25,Microsoft,Software,354.28,2020
1992,2020-12-25,Notion,Software,16.00,2020
1991,2020-12-25,Zoom,Software,NULL,2020
1994,2020-12-25,Zoom,Software,149.00,2020
1997,2020-12-26,"LinkedIn Ads",Marketing,1015.72,2020
1996,2020-12-26,Mailchimp,Marketing,299.00,2020
1998,2020-12-26,WeWork,Rent,3200.00,2020
1999,2020-12-27,"American Airlines",Travel,1127.00,2020
2000,2020-12-27,Asana,Software,50.97,2020
2001,2020-12-27,Expensify,Software,50.00,2020
2005,2020-12-27,FedEx,Shipping,42.57,2020
2002,2020-12-27,Mailchimp,Marketing,299.00,2020
2004,2020-12-27,Marriott,Travel,319.16,2020
2008,2020-12-28,"Google Ads",Marketing,1391.15,2020
2006,2020-12-28,Microsoft,Software,304.00,2020
2009,2020-12-28,Salesforce,Software,800.00,2020
2007,2020-12-28,Uber,Travel,293.00,2020
2011,2020-12-29,DHL,Shipping,55.88,2020
2010,2020-12-29,"Google Ads",Marketing,3075.78,2020
2012,2020-12-29,Salesforce,Software,800.00,2020
2014,2020-12-30,"American Airlines",Travel,383.06,2020
2015,2020-12-30,"Delta Airlines",Travel,721.00,2020
2013,2020-12-30,FedEx,Shipping,211.80,2020
2016,2020-12-30,Salesforce,Software,800.00,2020
2017,2020-12-30,Uber,Travel,236.00,2020
2020,2020-12-31,"Delta Airlines",Travel,1900.06,2020
2021,2020-12-31,"Google Ads",Marketing,2173.00,2020
2018,2020-12-31,Salesforce,Software,800.00,2020
2019,2020-12-31,Zoom,Software,149.00,2020
2024,2021-01-01,AWS,Software,1488.01,2021
2025,2021-01-01,"Delta Airlines",Travel,782.96,2021
2022,2021-01-01,Dropbox,Software,19.00,2021
2023,2021-01-01,Dropbox,Software,21.90,2021
2027,2021-01-01,Notion,Software,16.00,2021
2026,2021-01-01,Staples,"Office Supplies",126.50,2021
2029,2021-01-02,Dropbox,Software,18.50,2021
2030,2021-01-02,Dropbox,Software,21.20,2021
2031,2021-01-02,"LinkedIn Ads",Marketing,1113.00,2021
2034,2021-01-02,Microsoft,Software,444.91,2021
2032,2021-01-02,Stripe,Software,59.00,2021
2028,2021-01-02,WeWork,Rent,NULL,2021
2039,2021-01-03,Amazon,"Office Supplies",1563.00,2021
2038,2021-01-03,"Delta Airlines",Travel,1852.00,2021
2036,2021-01-03,HubSpot,Marketing,560.00,2021
2035,2021-01-03,Mailchimp,Marketing,NULL,2021
2037,2021-01-03,Stripe,Software,59.00,2021
2043,2021-01-04,AWS,Software,1321.90,2021
2041,2021-01-04,AWS,Software,3339.64,2021
2044,2021-01-04,Marriott,Travel,516.48,2021
2045,2021-01-04,Salesforce,Software,800.00,2021
2042,2021-01-04,Staples,"Office Supplies",129.65,2021
2040,2021-01-04,Staples,"Office Supplies",337.65,2021
2048,2021-01-05,AWS,Software,4089.00,2021
2046,2021-01-05,Expensify,Software,50.00,2021
2049,2021-01-05,Mailchimp,Marketing,299.00,2021
2047,2021-01-05,Zoom,Software,149.00,2021
2057,2021-01-06,Asana,Software,64.20,2021
2054,2021-01-06,"Delta Airlines",Travel,1344.50,2021
2056,2021-01-06,DHL,Shipping,NULL,2021
2050,2021-01-06,HubSpot,Marketing,639.71,2021
2052,2021-01-06,Notion,Software,16.00,2021
2055,2021-01-06,QuickBooks,Software,NULL,2021
2053,2021-01-06,Staples,"Office Supplies",121.50,2021
2051,2021-01-06,Zoom,Software,149.00,2021
2063,2021-01-07,"Delta Airlines",Travel,981.50,2021
2059,2021-01-07,Expensify,Software,50.00,2021
2058,2021-01-07,Microsoft,Software,222.06,2021
2060,2021-01-07,Salesforce,Software,800.00,2021
2061,2021-01-07,Slack,Software,87.00,2021
2062,2021-01-07,Staples,"Office Supplies",384.28,2021
2066,2021-01-08,Amazon,"Office Supplies",1983.10,2021
2064,2021-01-08,Asana,Software,70.26,2021
2067,2021-01-08,Asana,Software,86.50,2021
2065,2021-01-08,Dropbox,Software,22.17,2021
2068,2021-01-09,Expensify,Software,50.00,2021
2071,2021-01-09,"LinkedIn Ads",Marketing,873.70,2021
2069,2021-01-09,QuickBooks,Software,164.00,2021
2073,2021-01-09,Staples,"Office Supplies",NULL,2021
2070,2021-01-09,Staples,"Office Supplies",264.56,2021
2075,2021-01-10,"American Airlines",Travel,2234.30,2021
2076,2021-01-10,"LinkedIn Ads",Marketing,1988.00,2021
2074,2021-01-10,Stripe,Software,59.00,2021
2077,2021-01-10,WeWork,Rent,3200.00,2021
2078,2021-01-11,Expensify,Software,50.00,2021
2082,2021-01-11,Salesforce,Software,800.00,2021
2081,2021-01-11,Staples,"Office Supplies",63.22,2021
2080,2021-01-11,Staples,"Office Supplies",170.28,2021
2083,2021-01-11,WeWork,Rent,3200.00,2021
2085,2021-01-12,Amazon,"Office Supplies",1253.28,2021
2084,2021-01-12,AWS,Software,4138.05,2021
2087,2021-01-12,DHL,Shipping,86.48,2021
2086,2021-01-12,HubSpot,Marketing,993.16,2021
2088,2021-01-13,"American Airlines",Travel,296.45,2021
2089,2021-01-13,Expensify,Software,50.00,2021
2090,2021-01-13,Staples,"Office Supplies",291.62,2021
2091,2021-01-13,Uber,Travel,238.55,2021
2093,2021-01-14,Amazon,"Office Supplies",740.52,2021
2095,2021-01-14,DHL,Shipping,62.80,2021
2096,2021-01-14,Dropbox,Software,16.08,2021
2092,2021-01-14,Mailchimp,Marketing,NULL,2021
2103,2021-01-15,"American Airlines",Travel,1701.31,2021
2097,2021-01-15,"Delta Airlines",Travel,2355.50,2021
2099,2021-01-15,"Google Ads",Marketing,840.49,2021
2102,2021-01-15,"LinkedIn Ads",Marketing,952.30,2021
2101,2021-01-15,QuickBooks,Software,NULL,2021
2098,2021-01-15,Slack,Software,NULL,2021
2100,2021-01-15,Staples,"Office Supplies",124.00,2021
2107,2021-01-16,DHL,Shipping,133.50,2021
2105,2021-01-16,DHL,Shipping,233.02,2021
2106,2021-01-16,Salesforce,Software,800.00,2021
2104,2021-01-16,Slack,Software,87.00,2021
2108,2021-01-16,Staples,"Office Supplies",228.86,2021
2109,2021-01-17,Amazon,"Office Supplies",1271.00,2021
2110,2021-01-17,Mailchimp,Marketing,299.00,2021
2111,2021-01-17,Uber,Travel,67.14,2021
2112,2021-01-17,Zoom,Software,149.00,2021
2113,2021-01-18,Asana,Software,99.00,2021
2118,2021-01-18,DHL,Shipping,181.70,2021
2119,2021-01-18,Dropbox,Software,18.22,2021
2115,2021-01-18,Dropbox,Software,22.00,2021
2116,2021-01-18,"Office Depot","Office Supplies",41.00,2021
2117,2021-01-18,Salesforce,Software,800.00,2021
2120,2021-01-18,WeWork,Rent,NULL,2021
2114,2021-01-18,Zoom,Software,149.00,2021
2123,2021-01-19,Mailchimp,Marketing,299.00,2021
2121,2021-01-19,QuickBooks,Software,178.96,2021
2122,2021-01-19,WeWork,Rent,3200.00,2021
2125,2021-01-20,Asana,Software,47.40,2021
2128,2021-01-20,"Google Ads",Marketing,2070.90,2021
2124,2021-01-20,"Google Ads",Marketing,2748.52,2021
2126,2021-01-20,QuickBooks,Software,76.20,2021
2127,2021-01-20,WeWork,Rent,3200.00,2021
2129,2021-01-21,AWS,Software,295.09,2021
2131,2021-01-21,HubSpot,Marketing,981.30,2021
2132,2021-01-21,Microsoft,Software,308.80,2021
2130,2021-01-21,"Office Depot","Office Supplies",456.03,2021
2135,2021-01-22,AWS,Software,2141.90,2021
2134,2021-01-22,"Delta Airlines",Travel,309.00,2021
2133,2021-01-22,Salesforce,Software,800.00,2021
2141,2021-01-23,"American Airlines",Travel,361.60,2021
2140,2021-01-23,Dropbox,Software,22.00,2021
2136,2021-01-23,FedEx,Shipping,139.85,2021
2137,2021-01-23,"LinkedIn Ads",Marketing,1827.50,2021
2142,2021-01-23,Marriott,Travel,261.00,2021
2143,2021-01-23,QuickBooks,Software,NULL,2021
2138,2021-01-23,Staples,"Office Supplies",376.20,2021
2139,2021-01-23,Stripe,Software,59.00,2021
2146,2021-01-24,Amazon,"Office Supplies",NULL,2021
2148,2021-01-24,Dropbox,Software,24.10,2021
2149,2021-01-24,"LinkedIn Ads",Marketing,879.30,2021
2150,2021-01-24,Notion,Software,16.00,2021
2151,2021-01-24,Slack,Software,87.00,2021
2147,2021-01-24,Staples,"Office Supplies",189.18,2021
2145,2021-01-24,Stripe,Software,59.00,2021
2144,2021-01-24,Zoom,Software,149.00,2021
2154,2021-01-25,Amazon,"Office Supplies",284.10,2021
2153,2021-01-25,"American Airlines",Travel,1062.70,2021
2155,2021-01-25,Dropbox,Software,19.20,2021
2152,2021-01-25,Stripe,Software,59.00,2021
2157,2021-01-26,AWS,Software,1073.50,2021
2156,2021-01-26,"Google Ads",Marketing,1811.56,2021
2159,2021-01-26,Marriott,Travel,232.00,2021
2158,2021-01-26,Notion,Software,16.00,2021
2163,2021-01-27,AWS,Software,NULL,2021
2160,2021-01-27,Expensify,Software,50.00,2021
2164,2021-01-27,Stripe,Software,NULL,2021
2165,2021-01-27,Uber,Travel,56.15,2021
2161,2021-01-27,WeWork,Rent,3200.00,2021
2170,2021-01-28,Asana,Software,34.00,2021
2166,2021-01-28,Asana,Software,66.00,2021
2167,2021-01-28,AWS,Software,2471.50,2021
2169,2021-01-28,Mailchimp,Marketing,299.00,2021
2168,2021-01-28,Salesforce,Software,800.00,2021
2171,2021-01-28,Slack,Software,87.00,2021
2176,2021-01-29,Amazon,"Office Supplies",1304.00,2021
2173,2021-01-29,"American Airlines",Travel,2304.00,2021
2174,2021-01-29,Asana,Software,78.00,2021
2179,2021-01-29,AWS,Software,4936.98,2021
2175,2021-01-29,DHL,Shipping,67.00,2021
2177,2021-01-29,DHL,Shipping,125.00,2021
2178,2021-01-29,Marriott,Travel,NULL,2021
2172,2021-01-29,Zoom,Software,149.00,2021
2185,2021-01-30,DHL,Shipping,146.65,2021
2183,2021-01-30,DHL,Shipping,249.20,2021
2181,2021-01-30,Dropbox,Software,23.76,2021
2184,2021-01-30,"Google Ads",Marketing,3220.30,2021
2187,2021-01-30,"LinkedIn Ads",Marketing,NULL,2021
2186,2021-01-30,"Office Depot","Office Supplies",473.78,2021
2180,2021-01-30,Staples,"Office Supplies",152.85,2021
2182,2021-01-30,Zoom,Software,NULL,2021
2189,2021-01-31,DHL,Shipping,52.70,2021
2191,2021-01-31,Notion,Software,16.00,2021
2188,2021-01-31,"Office Depot","Office Supplies",161.80,2021
2193,2021-01-31,QuickBooks,Software,133.50,2021
2192,2021-01-31,Staples,"Office Supplies",368.60,2021
2190,2021-01-31,WeWork,Rent,3200.00,2021
2194,2021-02-01,Mailchimp,Marketing,299.00,2021
2196,2021-02-01,Marriott,Travel,573.90,2021
2197,2021-02-01,Salesforce,Software,800.00,2021
2195,2021-02-01,WeWork,Rent,3200.00,2021
2200,2021-02-02,Dropbox,Software,21.64,2021
2199,2021-02-02,"LinkedIn Ads",Marketing,979.46,2021
2201,2021-02-02,Staples,"Office Supplies",53.00,2021
2198,2021-02-02,Uber,Travel,189.30,2021
2202,2021-02-02,Zoom,Software,149.00,2021
2205,2021-02-03,Asana,Software,52.41,2021
2203,2021-02-03,DHL,Shipping,127.55,2021
2204,2021-02-03,Marriott,Travel,449.41,2021
2207,2021-02-03,QuickBooks,Software,157.70,2021
2206,2021-02-03,Stripe,Software,59.00,2021
2208,2021-02-03,Uber,Travel,294.91,2021
2212,2021-02-04,Amazon,"Office Supplies",1141.10,2021
2216,2021-02-04,"American Airlines",Travel,1051.41,2021
2213,2021-02-04,FedEx,Shipping,237.00,2021
2209,2021-02-04,Mailchimp,Marketing,NULL,2021
2214,2021-02-04,Microsoft,Software,393.70,2021
2211,2021-02-04,Microsoft,Software,494.54,2021
2210,2021-02-04,"Office Depot","Office Supplies",114.10,2021
2215,2021-02-04,Slack,Software,87.00,2021
2217,2021-02-05,"American Airlines",Travel,1550.84,2021
2218,2021-02-05,"Delta Airlines",Travel,2069.59,2021
2219,2021-02-05,FedEx,Shipping,228.75,2021
2220,2021-02-05,Staples,"Office Supplies",382.64,2021
2221,2021-02-05,Uber,Travel,55.93,2021
2222,2021-02-05,Uber,Travel,61.00,2021
2223,2021-02-06,"LinkedIn Ads",Marketing,1954.60,2021
2224,2021-02-06,Mailchimp,Marketing,299.00,2021
2225,2021-02-06,Microsoft,Software,390.80,2021
2227,2021-02-06,"Office Depot","Office Supplies",247.90,2021
2226,2021-02-06,"Office Depot","Office Supplies",355.14,2021
2229,2021-02-06,Slack,Software,87.00,2021
2228,2021-02-06,Stripe,Software,59.00,2021
2231,2021-02-07,"American Airlines",Travel,2287.01,2021
2230,2021-02-07,Notion,Software,16.00,2021
2232,2021-02-07,Staples,"Office Supplies",219.50,2021
2236,2021-02-08,Dropbox,Software,23.37,2021
2235,2021-02-08,HubSpot,Marketing,1026.78,2021
2233,2021-02-08,Notion,Software,16.00,2021
2237,2021-02-08,"Office Depot","Office Supplies",383.90,2021
2234,2021-02-08,Staples,"Office Supplies",NULL,2021
2238,2021-02-09,Asana,Software,NULL,2021
2240,2021-02-09,QuickBooks,Software,70.96,2021
2239,2021-02-09,Salesforce,Software,800.00,2021
2241,2021-02-09,WeWork,Rent,3200.00,2021
2245,2021-02-10,"American Airlines",Travel,1076.00,2021
2246,2021-02-10,Asana,Software,67.67,2021
2244,2021-02-10,DHL,Shipping,145.20,2021
2247,2021-02-10,DHL,Shipping,209.45,2021
2242,2021-02-10,"Google Ads",Marketing,1942.24,2021
2243,2021-02-10,Mailchimp,Marketing,299.00,2021
2248,2021-02-10,Zoom,Software,149.00,2021
2253,2021-02-11,"American Airlines",Travel,601.00,2021
2252,2021-02-11,Expensify,Software,50.00,2021
2249,2021-02-11,HubSpot,Marketing,572.83,2021
2250,2021-02-11,Marriott,Travel,NULL,2021
2255,2021-02-11,Notion,Software,16.00,2021
2254,2021-02-11,QuickBooks,Software,140.00,2021
2251,2021-02-11,Stripe,Software,59.00,2021
2257,2021-02-12,Amazon,"Office Supplies",1931.00,2021
2260,2021-02-12,"Office Depot","Office Supplies",158.43,2021
2258,2021-02-12,Slack,Software,87.00,2021
2261,2021-02-12,Stripe,Software,59.00,2021
2259,2021-02-12,WeWork,Rent,NULL,2021
2256,2021-02-12,Zoom,Software,149.00,2021
2264,2021-02-13,"American Airlines",Travel,1802.00,2021
2265,2021-02-13,Asana,Software,NULL,2021
2267,2021-02-13,AWS,Software,3043.09,2021
2263,2021-02-13,Notion,Software,16.00,2021
2266,2021-02-13,"Office Depot","Office Supplies",213.10,2021
2262,2021-02-13,Slack,Software,87.00,2021
2271,2021-02-14,"American Airlines",Travel,1481.00,2021
2270,2021-02-14,"American Airlines",Travel,2377.10,2021
2273,2021-02-14,Dropbox,Software,24.42,2021
2272,2021-02-14,Expensify,Software,50.00,2021
2275,2021-02-14,"LinkedIn Ads",Marketing,1655.87,2021
2274,2021-02-14,Microsoft,Software,NULL,2021
2269,2021-02-14,Uber,Travel,277.00,2021
2268,2021-02-14,Zoom,Software,149.00,2021
2278,2021-02-15,Amazon,"Office Supplies",1928.12,2021
2276,2021-02-15,Marriott,Travel,NULL,2021
2277,2021-02-15,Uber,Travel,52.80,2021
2281,2021-02-16,"American Airlines",Travel,1389.00,2021
2283,2021-02-16,Asana,Software,61.41,2021
2279,2021-02-16,AWS,Software,2672.06,2021
2284,2021-02-16,"Google Ads",Marketing,1002.00,2021
2282,2021-02-16,Mailchimp,Marketing,299.00,2021
2280,2021-02-16,Staples,"Office Supplies",54.87,2021
2285,2021-02-17,"LinkedIn Ads",Marketing,1243.26,2021
2287,2021-02-17,Microsoft,Software,254.71,2021
2286,2021-02-17,Salesforce,Software,800.00,2021
2290,2021-02-18,Asana,Software,NULL,2021
2288,2021-02-18,Marriott,Travel,434.00,2021
2289,2021-02-18,QuickBooks,Software,117.00,2021
2293,2021-02-19,Amazon,"Office Supplies",292.54,2021
2295,2021-02-19,AWS,Software,233.00,2021
2294,2021-02-19,Dropbox,Software,20.14,2021
2291,2021-02-19,Expensify,Software,50.00,2021
2292,2021-02-19,FedEx,Shipping,271.00,2021
2297,2021-02-19,"LinkedIn Ads",Marketing,1838.00,2021
2296,2021-02-19,Mailchimp,Marketing,299.00,2021
2300,2021-02-20,"American Airlines",Travel,755.70,2021
2298,2021-02-20,Expensify,Software,50.00,2021
2299,2021-02-20,FedEx,Shipping,NULL,2021
2302,2021-02-21,"Google Ads",Marketing,2598.00,2021
2304,2021-02-21,Salesforce,Software,800.00,2021
2303,2021-02-21,Slack,Software,87.00,2021
2301,2021-02-21,Staples,"Office Supplies",197.37,2021
2309,2021-02-22,"LinkedIn Ads",Marketing,1220.29,2021
2311,2021-02-22,Mailchimp,Marketing,NULL,2021
2305,2021-02-22,Marriott,Travel,565.60,2021
2310,2021-02-22,"Office Depot","Office Supplies",231.61,2021
2308,2021-02-22,Uber,Travel,213.14,2021
2306,2021-02-22,Zoom,Software,NULL,2021
2307,2021-02-22,Zoom,Software,149.00,2021
2313,2021-02-23,"American Airlines",Travel,NULL,2021
2318,2021-02-23,"American Airlines",Travel,1973.00,2021
2316,2021-02-23,"Delta Airlines",Travel,2344.02,2021
2314,2021-02-23,Dropbox,Software,21.11,2021
2319,2021-02-23,"LinkedIn Ads",Marketing,1218.79,2021
2312,2021-02-23,Mailchimp,Marketing,299.00,2021
2317,2021-02-23,WeWork,Rent,3200.00,2021
2321,2021-02-24,"American Airlines",Travel,1370.61,2021
2322,2021-02-24,"Google Ads",Marketing,NULL,2021
2324,2021-02-24,"LinkedIn Ads",Marketing,777.00,2021
2323,2021-02-24,Salesforce,Software,800.00,2021
2320,2021-02-24,Slack,Software,87.00,2021
2327,2021-02-25,Mailchimp,Marketing,299.00,2021
2325,2021-02-25,Microsoft,Software,189.04,2021
2326,2021-02-25,Salesforce,Software,800.00,2021
2329,2021-02-25,Uber,Travel,188.37,2021
2328,2021-02-25,WeWork,Rent,3200.00,2021
2330,2021-02-26,"American Airlines",Travel,NULL,2021
2331,2021-02-26,Asana,Software,54.00,2021
2332,2021-02-26,HubSpot,Marketing,NULL,2021
2333,2021-02-26,"LinkedIn Ads",Marketing,1325.00,2021
2334,2021-02-27,Expensify,Software,NULL,2021
2336,2021-02-27,"Google Ads",Marketing,2417.71,2021
2338,2021-02-27,Marriott,Travel,516.54,2021
2337,2021-02-27,Microsoft,Software,165.91,2021
2335,2021-02-27,WeWork,Rent,3200.00,2021
2342,2021-02-28,Dropbox,Software,19.00,2021
2339,2021-02-28,Expensify,Software,50.00,2021
2341,2021-02-28,"Google Ads",Marketing,2344.12,2021
2340,2021-02-28,Staples,"Office Supplies",262.53,2021
2347,2021-03-01,"Delta Airlines",Travel,NULL,2021
2344,2021-03-01,"Google Ads",Marketing,1404.00,2021
2343,2021-03-01,Mailchimp,Marketing,299.00,2021
2345,2021-03-01,Uber,Travel,202.00,2021
2346,2021-03-01,Zoom,Software,149.00,2021
2348,2021-03-02,Asana,Software,98.00,2021
2351,2021-03-02,FedEx,Shipping,97.01,2021
2355,2021-03-02,Mailchimp,Marketing,299.00,2021
2349,2021-03-02,Marriott,Travel,210.00,2021
2353,2021-03-02,Marriott,Travel,485.00,2021
2354,2021-03-02,QuickBooks,Software,132.50,2021
2350,2021-03-02,Salesforce,Software,800.00,2021
2352,2021-03-02,Stripe,Software,59.00,2021
2356,2021-03-03,Expensify,Software,50.00,2021
2359,2021-03-03,Notion,Software,16.00,2021
2357,2021-03-03,Zoom,Software,NULL,2021
2361,2021-03-04,DHL,Shipping,NULL,2021
2362,2021-03-04,"LinkedIn Ads",Marketing,867.90,2021
2360,2021-03-04,Microsoft,Software,207.00,2021
2365,2021-03-05,Amazon,"Office Supplies",1550.55,2021
2364,2021-03-05,Asana,Software,36.98,2021
2363,2021-03-05,Marriott,Travel,387.05,2021
2367,2021-03-06,Amazon,"Office Supplies",NULL,2021
2369,2021-03-06,AWS,Software,3846.42,2021
2366,2021-03-06,Mailchimp,Marketing,299.00,2021
2368,2021-03-06,Salesforce,Software,NULL,2021
2373,2021-03-07,"LinkedIn Ads",Marketing,712.75,2021
2374,2021-03-07,Mailchimp,Marketing,299.00,2021
2371,2021-03-07,QuickBooks,Software,NULL,2021
2370,2021-03-07,Salesforce,Software,800.00,2021
2372,2021-03-07,Slack,Software,NULL,2021
2376,2021-03-08,AWS,Software,NULL,2021
2375,2021-03-08,DHL,Shipping,111.57,2021
2378,2021-03-08,FedEx,Shipping,280.06,2021
2377,2021-03-08,Microsoft,Software,275.06,2021
2383,2021-03-09,"American Airlines",Travel,2436.31,2021
2381,2021-03-09,Asana,Software,87.23,2021
2380,2021-03-09,DHL,Shipping,120.00,2021
2385,2021-03-09,Expensify,Software,50.00,2021
2384,2021-03-09,"Office Depot","Office Supplies",338.20,2021
2382,2021-03-09,Stripe,Software,59.00,2021
2379,2021-03-09,Zoom,Software,149.00,2021
2388,2021-03-10,"Office Depot","Office Supplies",211.00,2021
2386,2021-03-10,Slack,Software,87.00,2021
2387,2021-03-10,Zoom,Software,149.00,2021
2394,2021-03-11,"American Airlines",Travel,444.30,2021
2389,2021-03-11,"American Airlines",Travel,2923.00,2021
2392,2021-03-11,HubSpot,Marketing,828.97,2021
2393,2021-03-11,Notion,Software,16.00,2021
2391,2021-03-11,Staples,"Office Supplies",196.50,2021
2390,2021-03-11,Zoom,Software,149.00,2021
2395,2021-03-12,FedEx,Shipping,185.18,2021
2397,2021-03-12,Microsoft,Software,311.10,2021
2396,2021-03-12,Uber,Travel,276.07,2021
2398,2021-03-13,"Delta Airlines",Travel,NULL,2021
2400,2021-03-13,Marriott,Travel,161.00,2021
2399,2021-03-13,Slack,Software,87.00,2021
2401,2021-03-13,Uber,Travel,219.38,2021
2402,2021-03-14,Asana,Software,NULL,2021
2404,2021-03-14,"LinkedIn Ads",Marketing,724.58,2021
2406,2021-03-14,"LinkedIn Ads",Marketing,1583.84,2021
2405,2021-03-14,Marriott,Travel,387.40,2021
2407,2021-03-14,Microsoft,Software,NULL,2021
2403,2021-03-14,Zoom,Software,NULL,2021
2408,2021-03-15,Asana,Software,82.58,2021
2410,2021-03-15,HubSpot,Marketing,969.00,2021
2409,2021-03-15,Staples,"Office Supplies",341.40,2021
2415,2021-03-16,"American Airlines",Travel,1511.60,2021
2418,2021-03-16,Asana,Software,84.52,2021
2417,2021-03-16,"Delta Airlines",Travel,NULL,2021
2412,2021-03-16,Dropbox,Software,18.78,2021
2411,2021-03-16,Mailchimp,Marketing,299.00,2021
2414,2021-03-16,Marriott,Travel,589.19,2021
2416,2021-03-16,Staples,"Office Supplies",107.70,2021
2413,2021-03-16,Staples,"Office Supplies",266.67,2021
2420,2021-03-17,Amazon,"Office Supplies",1537.39,2021
2419,2021-03-17,"Google Ads",Marketing,NULL,2021
2422,2021-03-17,Notion,Software,16.00,2021
2421,2021-03-17,QuickBooks,Software,170.80,2021
2423,2021-03-17,Uber,Travel,NULL,2021
2426,2021-03-18,"American Airlines",Travel,2089.12,2021
2424,2021-03-18,FedEx,Shipping,235.44,2021
2425,2021-03-18,Salesforce,Software,800.00,2021
2430,2021-03-19,"American Airlines",Travel,848.40,2021
2433,2021-03-19,Asana,Software,89.90,2021
2428,2021-03-19,AWS,Software,3014.00,2021
2432,2021-03-19,Expensify,Software,50.00,2021
2429,2021-03-19,"Google Ads",Marketing,1209.15,2021
2427,2021-03-19,"Office Depot","Office Supplies",100.60,2021
2431,2021-03-19,"Office Depot","Office Supplies",367.00,2021
2437,2021-03-20,AWS,Software,651.00,2021
2434,2021-03-20,"Delta Airlines",Travel,2493.42,2021
2435,2021-03-20,Notion,Software,16.00,2021
2436,2021-03-20,Zoom,Software,149.00,2021
2440,2021-03-21,AWS,Software,4896.70,2021
2441,2021-03-21,QuickBooks,Software,170.10,2021
2438,2021-03-21,WeWork,Rent,3200.00,2021
2443,2021-03-22,Expensify,Software,50.00,2021
2444,2021-03-22,FedEx,Shipping,61.70,2021
2442,2021-03-22,FedEx,Shipping,263.34,2021
2445,2021-03-23,DHL,Shipping,34.60,2021
2449,2021-03-23,Expensify,Software,50.00,2021
2446,2021-03-23,Marriott,Travel,505.77,2021
2448,2021-03-23,Notion,Software,NULL,2021
2447,2021-03-23,Zoom,Software,149.00,2021
2454,2021-03-24,"American Airlines",Travel,NULL,2021
2451,2021-03-24,"Google Ads",Marketing,2775.80,2021
2450,2021-03-24,HubSpot,Marketing,1120.10,2021
2452,2021-03-24,"Office Depot","Office Supplies",233.56,2021
2456,2021-03-24,QuickBooks,Software,77.80,2021
2453,2021-03-24,Salesforce,Software,800.00,2021
2455,2021-03-24,Uber,Travel,177.17,2021
2457,2021-03-24,Uber,Travel,282.80,2021
2461,2021-03-25,"American Airlines",Travel,1463.98,2021
2458,2021-03-25,"Delta Airlines",Travel,419.00,2021
2462,2021-03-25,DHL,Shipping,225.94,2021
2459,2021-03-25,Stripe,Software,59.00,2021
2460,2021-03-25,WeWork,Rent,NULL,2021
2463,2021-03-25,WeWork,Rent,3200.00,2021
2464,2021-03-26,"Delta Airlines",Travel,1068.40,2021
2466,2021-03-26,FedEx,Shipping,277.28,2021
2465,2021-03-26,HubSpot,Marketing,951.10,2021
2467,2021-03-26,HubSpot,Marketing,1026.46,2021
2469,2021-03-27,Amazon,"Office Supplies",385.96,2021
2474,2021-03-27,"American Airlines",Travel,1729.00,2021
2470,2021-03-27,AWS,Software,NULL,2021
2475,2021-03-27,"Delta Airlines",Travel,1065.79,2021
2468,2021-03-27,DHL,Shipping,155.00,2021
2471,2021-03-27,"LinkedIn Ads",Marketing,894.20,2021
2473,2021-03-27,Uber,Travel,89.00,2021
2472,2021-03-27,Zoom,Software,149.00,2021
2477,2021-03-28,"American Airlines",Travel,1597.60,2021
2479,2021-03-28,Dropbox,Software,24.74,2021
2480,2021-03-28,Expensify,Software,50.00,2021
2476,2021-03-28,FedEx,Shipping,44.21,2021
2478,2021-03-28,"LinkedIn Ads",Marketing,1027.60,2021
2484,2021-03-29,Amazon,"Office Supplies",1270.90,2021
2487,2021-03-29,DHL,Shipping,90.23,2021
2481,2021-03-29,"LinkedIn Ads",Marketing,1072.30,2021
2485,2021-03-29,Marriott,Travel,488.28,2021
2482,2021-03-29,QuickBooks,Software,86.82,2021
2486,2021-03-29,QuickBooks,Software,107.73,2021
2483,2021-03-29,WeWork,Rent,NULL,2021
2491,2021-03-30,Amazon,"Office Supplies",1885.00,2021
2493,2021-03-30,DHL,Shipping,79.30,2021
2488,2021-03-30,HubSpot,Marketing,704.90,2021
2490,2021-03-30,"LinkedIn Ads",Marketing,1862.00,2021
2489,2021-03-30,Slack,Software,87.00,2021
2492,2021-03-30,Stripe,Software,59.00,2021
2494,2021-03-31,Amazon,"Office Supplies",149.00,2021
2496,2021-03-31,Mailchimp,Marketing,299.00,2021
2495,2021-03-31,Salesforce,Software,800.00,2021
2499,2021-04-01,"LinkedIn Ads",Marketing,846.45,2021
2498,2021-04-01,Marriott,Travel,228.17,2021
2497,2021-04-01,Notion,Software,16.00,2021
2505,2021-04-02,Expensify,Software,50.00,2021
2501,2021-04-02,HubSpot,Marketing,527.24,2021
2506,2021-04-02,Mailchimp,Marketing,299.00,2021
2503,2021-04-02,Notion,Software,16.00,2021
2500,2021-04-02,Slack,Software,87.00,2021
2502,2021-04-02,WeWork,Rent,NULL,2021
2507,2021-04-03,Mailchimp,Marketing,299.00,2021
2508,2021-04-03,"Office Depot","Office Supplies",NULL,2021
2510,2021-04-03,Slack,Software,87.00,2021
2513,2021-04-03,Staples,"Office Supplies",85.20,2021
2512,2021-04-03,WeWork,Rent,3200.00,2021
2509,2021-04-03,Zoom,Software,149.00,2021
2514,2021-04-04,AWS,Software,NULL,2021
2516,2021-04-04,"Google Ads",Marketing,NULL,2021
2515,2021-04-04,"LinkedIn Ads",Marketing,1062.90,2021
2522,2021-04-05,Amazon,"Office Supplies",722.33,2021
2521,2021-04-05,"Delta Airlines",Travel,NULL,2021
2520,2021-04-05,"Delta Airlines",Travel,1633.44,2021
2524,2021-04-05,FedEx,Shipping,224.10,2021
2519,2021-04-05,"Google Ads",Marketing,2208.72,2021
2517,2021-04-05,Notion,Software,16.00,2021
2518,2021-04-05,Salesforce,Software,800.00,2021
2523,2021-04-05,Stripe,Software,59.00,2021
2525,2021-04-06,AWS,Software,2293.10,2021
2531,2021-04-06,"Delta Airlines",Travel,1547.71,2021
2532,2021-04-06,Expensify,Software,NULL,2021
2528,2021-04-06,"Google Ads",Marketing,2944.10,2021
2529,2021-04-06,"LinkedIn Ads",Marketing,1824.00,2021
2530,2021-04-06,Salesforce,Software,800.00,2021
2527,2021-04-06,Staples,"Office Supplies",86.00,2021
2526,2021-04-06,Stripe,Software,59.00,2021
2536,2021-04-07,"Delta Airlines",Travel,1745.00,2021
2535,2021-04-07,"LinkedIn Ads",Marketing,1686.34,2021
2533,2021-04-07,Notion,Software,16.00,2021
2537,2021-04-07,Slack,Software,87.00,2021
2534,2021-04-07,Staples,"Office Supplies",60.00,2021
2540,2021-04-08,Dropbox,Software,17.17,2021
2538,2021-04-08,Expensify,Software,50.00,2021
2539,2021-04-08,HubSpot,Marketing,452.99,2021
2541,2021-04-08,Notion,Software,16.00,2021
2543,2021-04-09,AWS,Software,424.60,2021
2546,2021-04-09,Expensify,Software,50.00,2021
2545,2021-04-09,Mailchimp,Marketing,299.00,2021
2542,2021-04-09,Salesforce,Software,NULL,2021
2544,2021-04-09,Slack,Software,87.00,2021
2548,2021-04-10,Amazon,"Office Supplies",NULL,2021
2547,2021-04-10,HubSpot,Marketing,NULL,2021
2549,2021-04-10,"LinkedIn Ads",Marketing,1584.00,2021
2553,2021-04-11,Asana,Software,37.19,2021
2555,2021-04-11,Mailchimp,Marketing,299.00,2021
2552,2021-04-11,QuickBooks,Software,175.00,2021
2551,2021-04-11,Staples,"Office Supplies",154.50,2021
2550,2021-04-11,WeWork,Rent,3200.00,2021
2554,2021-04-11,Zoom,Software,149.00,2021
2556,2021-04-12,Amazon,"Office Supplies",1874.00,2021
2562,2021-04-12,Notion,Software,16.00,2021
2561,2021-04-12,QuickBooks,Software,108.08,2021
2560,2021-04-12,Slack,Software,87.00,2021
2558,2021-04-12,Stripe,Software,59.00,2021
2557,2021-04-12,Uber,Travel,59.92,2021
2566,2021-04-13,"American Airlines",Travel,418.45,2021
2567,2021-04-13,"Delta Airlines",Travel,328.90,2021
2565,2021-04-13,Mailchimp,Marketing,299.00,2021
2564,2021-04-13,"Office Depot","Office Supplies",NULL,2021
2563,2021-04-13,"Office Depot","Office Supplies",373.00,2021
2568,2021-04-14,AWS,Software,701.00,2021
2570,2021-04-14,Dropbox,Software,16.00,2021
2569,2021-04-14,"Office Depot","Office Supplies",473.86,2021
2571,2021-04-14,Staples,"Office Supplies",391.27,2021
2572,2021-04-15,"Delta Airlines",Travel,451.00,2021
2576,2021-04-15,FedEx,Shipping,109.05,2021
2577,2021-04-15,FedEx,Shipping,152.20,2021
2575,2021-04-15,"Google Ads",Marketing,1520.20,2021
2574,2021-04-15,Marriott,Travel,NULL,2021
2573,2021-04-15,Notion,Software,16.00,2021
2580,2021-04-16,"Delta Airlines",Travel,946.00,2021
2582,2021-04-16,DHL,Shipping,36.22,2021
2581,2021-04-16,Dropbox,Software,21.07,2021
2584,2021-04-16,Mailchimp,Marketing,NULL,2021
2583,2021-04-16,Mailchimp,Marketing,299.00,2021
2578,2021-04-16,Salesforce,Software,800.00,2021
2579,2021-04-16,Uber,Travel,205.10,2021
2585,2021-04-17,"American Airlines",Travel,2204.31,2021
2587,2021-04-17,AWS,Software,1187.00,2021
2591,2021-04-17,"Google Ads",Marketing,NULL,2021
2586,2021-04-17,Mailchimp,Marketing,299.00,2021
2590,2021-04-17,Marriott,Travel,287.40,2021
2588,2021-04-17,QuickBooks,Software,87.44,2021
2589,2021-04-17,Slack,Software,87.00,2021
2595,2021-04-18,Asana,Software,54.65,2021
2596,2021-04-18,AWS,Software,4391.45,2021
2592,2021-04-18,Expensify,Software,NULL,2021
2593,2021-04-18,"LinkedIn Ads",Marketing,1001.00,2021
2594,2021-04-18,WeWork,Rent,3200.00,2021
2598,2021-04-19,Dropbox,Software,20.03,2021
2597,2021-04-19,Notion,Software,16.00,2021
2599,2021-04-19,Slack,Software,87.00,2021
2605,2021-04-20,FedEx,Shipping,169.40,2021
2600,2021-04-20,Marriott,Travel,307.90,2021
2602,2021-04-20,Microsoft,Software,398.60,2021
2603,2021-04-20,Slack,Software,87.00,2021
2601,2021-04-20,Stripe,Software,NULL,2021
2604,2021-04-20,Zoom,Software,149.00,2021
2606,2021-04-21,"Delta Airlines",Travel,1937.60,2021
2608,2021-04-21,Dropbox,Software,16.00,2021
2610,2021-04-21,Microsoft,Software,216.00,2021
2607,2021-04-21,QuickBooks,Software,64.00,2021
2609,2021-04-21,Salesforce,Software,800.00,2021
2614,2021-04-22,Asana,Software,69.10,2021
2612,2021-04-22,Microsoft,Software,NULL,2021
2615,2021-04-22,Microsoft,Software,172.60,2021
2611,2021-04-22,Slack,Software,87.00,2021
2617,2021-04-22,Uber,Travel,NULL,2021
2616,2021-04-22,Uber,Travel,88.68,2021
2613,2021-04-22,Zoom,Software,149.00,2021
2618,2021-04-23,Amazon,"Office Supplies",194.00,2021
2625,2021-04-23,DHL,Shipping,222.08,2021
2619,2021-04-23,Dropbox,Software,21.65,2021
2621,2021-04-23,"LinkedIn Ads",Marketing,NULL,2021
2623,2021-04-23,"LinkedIn Ads",Marketing,1098.00,2021
2624,2021-04-23,Microsoft,Software,359.00,2021
2622,2021-04-23,Uber,Travel,157.80,2021
2620,2021-04-23,WeWork,Rent,3200.00,2021
2630,2021-04-24,Dropbox,Software,24.40,2021
2632,2021-04-24,Expensify,Software,50.00,2021
2631,2021-04-24,FedEx,Shipping,151.20,2021
2628,2021-04-24,HubSpot,Marketing,546.70,2021
2627,2021-04-24,Microsoft,Software,256.80,2021
2626,2021-04-24,"Office Depot","Office Supplies",123.77,2021
2629,2021-04-24,Slack,Software,87.00,2021
2633,2021-04-24,WeWork,Rent,3200.00,2021
2636,2021-04-25,DHL,Shipping,26.30,2021
2634,2021-04-25,Notion,Software,16.00,2021
2637,2021-04-25,Uber,Travel,52.86,2021
2635,2021-04-25,Uber,Travel,233.90,2021
2639,2021-04-26,"American Airlines",Travel,NULL,2021
2641,2021-04-26,"American Airlines",Travel,774.20,2021
2638,2021-04-26,Asana,Software,36.80,2021
2640,2021-04-26,Notion,Software,16.00,2021
2642,2021-04-26,Zoom,Software,149.00,2021
2645,2021-04-27,Amazon,"Office Supplies",390.74,2021
2644,2021-04-27,AWS,Software,3193.59,2021
2646,2021-04-27,Mailchimp,Marketing,299.00,2021
2643,2021-04-27,QuickBooks,Software,90.42,2021
2647,2021-04-27,Staples,"Office Supplies",69.50,2021
2649,2021-04-28,Asana,Software,77.69,2021
2652,2021-04-28,AWS,Software,2506.24,2021
2648,2021-04-28,"Google Ads",Marketing,3014.00,2021
2650,2021-04-28,"LinkedIn Ads",Marketing,NULL,2021
2651,2021-04-28,Marriott,Travel,445.86,2021
2653,2021-04-28,Notion,Software,16.00,2021
2656,2021-04-29,Amazon,"Office Supplies",NULL,2021
2659,2021-04-29,Amazon,"Office Supplies",1965.33,2021
2654,2021-04-29,"American Airlines",Travel,2439.60,2021
2657,2021-04-29,DHL,Shipping,NULL,2021
2655,2021-04-29,Zoom,Software,149.00,2021
2660,2021-04-30,"American Airlines",Travel,1670.16,2021
2662,2021-04-30,Expensify,Software,50.00,2021
2663,2021-04-30,"Office Depot","Office Supplies",339.47,2021
2661,2021-04-30,QuickBooks,Software,69.00,2021
2664,2021-04-30,QuickBooks,Software,112.89,2021
2668,2021-05-01,Amazon,"Office Supplies",1718.86,2021
2665,2021-05-01,"American Airlines",Travel,2796.00,2021
2669,2021-05-01,DHL,Shipping,48.90,2021
2667,2021-05-01,Notion,Software,16.00,2021
2670,2021-05-01,Salesforce,Software,800.00,2021
2671,2021-05-01,Slack,Software,87.00,2021
2666,2021-05-01,Zoom,Software,149.00,2021
2676,2021-05-02,"Delta Airlines",Travel,855.00,2021
2674,2021-05-02,"Google Ads",Marketing,1667.10,2021
2677,2021-05-02,Mailchimp,Marketing,299.00,2021
2673,2021-05-02,Marriott,Travel,182.80,2021
2672,2021-05-02,WeWork,Rent,3200.00,2021
2675,2021-05-02,Zoom,Software,149.00,2021
2679,2021-05-03,"Delta Airlines",Travel,373.13,2021
2680,2021-05-03,FedEx,Shipping,241.34,2021
2678,2021-05-03,Notion,Software,16.00,2021
2682,2021-05-04,"Delta Airlines",Travel,2131.30,2021
2683,2021-05-04,Dropbox,Software,18.52,2021
2681,2021-05-04,"Google Ads",Marketing,2642.40,2021
2685,2021-05-04,Notion,Software,16.00,2021
2684,2021-05-04,WeWork,Rent,3200.00,2021
2687,2021-05-05,Salesforce,Software,800.00,2021
2686,2021-05-05,Slack,Software,NULL,2021
2688,2021-05-05,Stripe,Software,59.00,2021
2693,2021-05-06,"Delta Airlines",Travel,1035.99,2021
2691,2021-05-06,Notion,Software,16.00,2021
2692,2021-05-06,QuickBooks,Software,53.00,2021
2690,2021-05-06,Staples,"Office Supplies",266.53,2021
2689,2021-05-06,WeWork,Rent,3200.00,2021
2696,2021-05-07,FedEx,Shipping,295.07,2021
2697,2021-05-07,HubSpot,Marketing,783.02,2021
2694,2021-05-07,HubSpot,Marketing,1053.41,2021
2695,2021-05-07,Mailchimp,Marketing,299.00,2021
2700,2021-05-08,Amazon,"Office Supplies",NULL,2021
2699,2021-05-08,"LinkedIn Ads",Marketing,1216.39,2021
2698,2021-05-08,Uber,Travel,164.00,2021
2703,2021-05-09,"American Airlines",Travel,550.66,2021
2702,2021-05-09,HubSpot,Marketing,785.70,2021
2701,2021-05-09,HubSpot,Marketing,886.51,2021
2704,2021-05-09,Slack,Software,87.00,2021
2708,2021-05-10,Amazon,"Office Supplies",1759.19,2021
2705,2021-05-10,"Delta Airlines",Travel,1054.88,2021
2706,2021-05-10,Mailchimp,Marketing,NULL,2021
2707,2021-05-10,Marriott,Travel,488.66,2021
2709,2021-05-10,WeWork,Rent,3200.00,2021
2712,2021-05-11,DHL,Shipping,42.28,2021
2711,2021-05-11,Microsoft,Software,195.40,2021
2710,2021-05-11,Salesforce,Software,800.00,2021
2716,2021-05-12,"American Airlines",Travel,NULL,2021
2713,2021-05-12,"American Airlines",Travel,2258.61,2021
2714,2021-05-12,Expensify,Software,50.00,2021
2717,2021-05-12,"LinkedIn Ads",Marketing,1558.00,2021
2715,2021-05-12,QuickBooks,Software,81.00,2021
2718,2021-05-12,WeWork,Rent,3200.00,2021
2719,2021-05-13,Marriott,Travel,398.83,2021
2721,2021-05-13,Slack,Software,87.00,2021
2722,2021-05-13,Stripe,Software,59.00,2021
2723,2021-05-13,Uber,Travel,105.30,2021
2720,2021-05-13,Uber,Travel,294.00,2021
2726,2021-05-14,DHL,Shipping,93.00,2021
2724,2021-05-14,Staples,"Office Supplies",NULL,2021
2725,2021-05-14,Staples,"Office Supplies",114.55,2021
2727,2021-05-15,Asana,Software,82.00,2021
2729,2021-05-15,Marriott,Travel,523.20,2021
2728,2021-05-15,"Office Depot","Office Supplies",307.00,2021
2737,2021-05-16,FedEx,Shipping,109.87,2021
2733,2021-05-16,"Google Ads",Marketing,3392.82,2021
2732,2021-05-16,"LinkedIn Ads",Marketing,1358.00,2021
2730,2021-05-16,Marriott,Travel,488.60,2021
2731,2021-05-16,Marriott,Travel,569.60,2021
2736,2021-05-16,Salesforce,Software,NULL,2021
2735,2021-05-16,WeWork,Rent,3200.00,2021
2734,2021-05-16,Zoom,Software,149.00,2021
2740,2021-05-17,Expensify,Software,50.00,2021
2739,2021-05-17,"Google Ads",Marketing,NULL,2021
2738,2021-05-17,Microsoft,Software,348.00,2021
2746,2021-05-18,Dropbox,Software,23.61,2021
2742,2021-05-18,HubSpot,Marketing,NULL,2021
2745,2021-05-18,Mailchimp,Marketing,NULL,2021
2743,2021-05-18,Stripe,Software,59.00,2021
2741,2021-05-18,Uber,Travel,NULL,2021
2744,2021-05-18,Zoom,Software,149.00,2021
2753,2021-05-19,Amazon,"Office Supplies",720.00,2021
2747,2021-05-19,"American Airlines",Travel,838.00,2021
2749,2021-05-19,HubSpot,Marketing,974.00,2021
2751,2021-05-19,Mailchimp,Marketing,299.00,2021
2750,2021-05-19,Slack,Software,87.00,2021
2748,2021-05-19,Stripe,Software,59.00,2021
2752,2021-05-19,WeWork,Rent,3200.00,2021
2755,2021-05-20,Asana,Software,32.00,2021
2758,2021-05-20,"Delta Airlines",Travel,1133.45,2021
2757,2021-05-20,"Delta Airlines",Travel,2077.00,2021
2754,2021-05-20,QuickBooks,Software,98.00,2021
2759,2021-05-20,Staples,"Office Supplies",316.91,2021
2756,2021-05-20,Zoom,Software,NULL,2021
2762,2021-05-21,Asana,Software,63.10,2021
2761,2021-05-21,HubSpot,Marketing,986.44,2021
2760,2021-05-21,Notion,Software,16.00,2021
2763,2021-05-21,Salesforce,Software,800.00,2021
2766,2021-05-22,"American Airlines",Travel,874.90,2021
2767,2021-05-22,FedEx,Shipping,60.72,2021
2765,2021-05-22,Mailchimp,Marketing,299.00,2021
2764,2021-05-22,Salesforce,Software,800.00,2021
2771,2021-05-23,Asana,Software,48.00,2021
2770,2021-05-23,HubSpot,Marketing,595.96,2021
2769,2021-05-23,Mailchimp,Marketing,299.00,2021
2768,2021-05-23,QuickBooks,Software,112.90,2021
2772,2021-05-23,Slack,Software,87.00,2021
2777,2021-05-24,"American Airlines",Travel,NULL,2021
2773,2021-05-24,AWS,Software,3236.62,2021
2778,2021-05-24,Dropbox,Software,24.00,2021
2774,2021-05-24,Expensify,Software,50.00,2021
2775,2021-05-24,"Office Depot","Office Supplies",290.65,2021
2776,2021-05-24,Zoom,Software,149.00,2021
2782,2021-05-25,Expensify,Software,50.00,2021
2781,2021-05-25,Marriott,Travel,170.00,2021
2780,2021-05-25,Salesforce,Software,800.00,2021
2786,2021-05-26,DHL,Shipping,171.10,2021
2787,2021-05-26,"Google Ads",Marketing,2173.40,2021
2784,2021-05-26,Marriott,Travel,494.68,2021
2783,2021-05-26,"Office Depot","Office Supplies",254.24,2021
2785,2021-05-26,Zoom,Software,149.00,2021
2789,2021-05-27,Dropbox,Software,20.80,2021
2788,2021-05-27,Microsoft,Software,NULL,2021
2790,2021-05-27,Microsoft,Software,262.98,2021
2791,2021-05-27,Zoom,Software,149.00,2021
2792,2021-05-28,Dropbox,Software,17.00,2021
2797,2021-05-28,HubSpot,Marketing,1071.03,2021
2796,2021-05-28,Mailchimp,Marketing,299.00,2021
2795,2021-05-28,Microsoft,Software,478.72,2021
2793,2021-05-28,Slack,Software,87.00,2021
2794,2021-05-28,Stripe,Software,59.00,2021
2799,2021-05-29,Amazon,"Office Supplies",1027.00,2021
2800,2021-05-29,"Delta Airlines",Travel,920.00,2021
2803,2021-05-29,Expensify,Software,50.00,2021
2801,2021-05-29,Marriott,Travel,350.20,2021
2802,2021-05-29,Microsoft,Software,471.30,2021
2798,2021-05-29,Uber,Travel,289.16,2021
2804,2021-05-29,Zoom,Software,149.00,2021
2808,2021-05-30,"American Airlines",Travel,2126.23,2021
2809,2021-05-30,"LinkedIn Ads",Marketing,650.00,2021
2807,2021-05-30,QuickBooks,Software,145.62,2021
2806,2021-05-30,Salesforce,Software,800.00,2021
2805,2021-05-30,WeWork,Rent,3200.00,2021
2813,2021-05-31,AWS,Software,4106.00,2021
2810,2021-05-31,HubSpot,Marketing,928.90,2021
2812,2021-05-31,Mailchimp,Marketing,299.00,2021
2811,2021-05-31,QuickBooks,Software,131.60,2021
2816,2021-06-01,AWS,Software,2877.14,2021
2814,2021-06-01,"Delta Airlines",Travel,NULL,2021
2815,2021-06-01,Marriott,Travel,NULL,2021
2817,2021-06-01,Uber,Travel,142.90,2021
2825,2021-06-02,"American Airlines",Travel,1314.70,2021
2820,2021-06-02,AWS,Software,4024.00,2021
2824,2021-06-02,Expensify,Software,50.00,2021
2821,2021-06-02,HubSpot,Marketing,NULL,2021
2819,2021-06-02,Microsoft,Software,444.20,2021
2818,2021-06-02,Notion,Software,16.00,2021
2822,2021-06-02,"Office Depot","Office Supplies",389.10,2021
2823,2021-06-02,Salesforce,Software,800.00,2021
2826,2021-06-03,Asana,Software,58.00,2021
2829,2021-06-03,"LinkedIn Ads",Marketing,1087.10,2021
2831,2021-06-03,Salesforce,Software,NULL,2021
2830,2021-06-03,Stripe,Software,59.00,2021
2828,2021-06-03,Uber,Travel,181.00,2021
2835,2021-06-04,Amazon,"Office Supplies",NULL,2021
2832,2021-06-04,Mailchimp,Marketing,299.00,2021
2833,2021-06-04,"Office Depot","Office Supplies",323.00,2021
2837,2021-06-04,QuickBooks,Software,56.40,2021
2836,2021-06-04,Salesforce,Software,800.00,2021
2834,2021-06-04,Zoom,Software,NULL,2021
2841,2021-06-05,Amazon,"Office Supplies",1534.70,2021
2839,2021-06-05,"Google Ads",Marketing,3258.77,2021
2838,2021-06-05,HubSpot,Marketing,716.00,2021
2840,2021-06-05,HubSpot,Marketing,986.67,2021
2847,2021-06-06,Amazon,"Office Supplies",128.01,2021
2844,2021-06-06,Marriott,Travel,205.60,2021
2843,2021-06-06,QuickBooks,Software,150.00,2021
2842,2021-06-06,Uber,Travel,72.38,2021
2846,2021-06-06,WeWork,Rent,3200.00,2021
2845,2021-06-06,Zoom,Software,149.00,2021
2848,2021-06-07,Marriott,Travel,414.00,2021
2849,2021-06-07,Salesforce,Software,800.00,2021
2850,2021-06-07,Stripe,Software,NULL,2021
2851,2021-06-08,AWS,Software,2007.59,2021
2854,2021-06-08,FedEx,Shipping,238.30,2021
2852,2021-06-08,"LinkedIn Ads",Marketing,1341.49,2021
2855,2021-06-08,Mailchimp,Marketing,NULL,2021
2856,2021-06-08,Mailchimp,Marketing,299.00,2021
2857,2021-06-08,QuickBooks,Software,90.38,2021
2853,2021-06-08,Staples,"Office Supplies",56.00,2021
2860,2021-06-09,Dropbox,Software,22.23,2021
2858,2021-06-09,HubSpot,Marketing,535.40,2021
2859,2021-06-09,Notion,Software,16.00,2021
2863,2021-06-10,Amazon,"Office Supplies",609.50,2021
2861,2021-06-10,"Office Depot","Office Supplies",261.00,2021
2862,2021-06-10,Zoom,Software,149.00,2021
2864,2021-06-11,AWS,Software,1702.00,2021
2865,2021-06-11,Expensify,Software,50.00,2021
2868,2021-06-11,"Google Ads",Marketing,1332.89,2021
2867,2021-06-11,"Office Depot","Office Supplies",36.40,2021
2866,2021-06-11,Slack,Software,NULL,2021
2869,2021-06-11,Uber,Travel,269.10,2021
2870,2021-06-11,Zoom,Software,149.00,2021
2872,2021-06-12,Dropbox,Software,18.22,2021
2871,2021-06-12,Microsoft,Software,191.00,2021
2873,2021-06-12,Zoom,Software,149.00,2021
2878,2021-06-13,Amazon,"Office Supplies",692.50,2021
2874,2021-06-13,Asana,Software,47.00,2021
2880,2021-06-13,Expensify,Software,NULL,2021
2876,2021-06-13,"Google Ads",Marketing,2215.82,2021
2879,2021-06-13,HubSpot,Marketing,NULL,2021
2875,2021-06-13,Marriott,Travel,474.06,2021
2877,2021-06-13,Salesforce,Software,800.00,2021
2887,2021-06-14,Dropbox,Software,20.00,2021
2881,2021-06-14,Mailchimp,Marketing,NULL,2021
2883,2021-06-14,Notion,Software,16.00,2021
2884,2021-06-14,Stripe,Software,59.00,2021
2885,2021-06-14,WeWork,Rent,NULL,2021
2889,2021-06-15,"Delta Airlines",Travel,669.82,2021
2893,2021-06-15,DHL,Shipping,131.13,2021
2891,2021-06-15,"Google Ads",Marketing,NULL,2021
2894,2021-06-15,Mailchimp,Marketing,299.00,2021
2888,2021-06-15,"Office Depot","Office Supplies",431.10,2021
2892,2021-06-15,Uber,Travel,67.00,2021
2890,2021-06-15,WeWork,Rent,3200.00,2021
2902,2021-06-16,Asana,Software,69.19,2021
2895,2021-06-16,AWS,Software,1903.00,2021
2899,2021-06-16,DHL,Shipping,52.00,2021
2896,2021-06-16,Dropbox,Software,15.78,2021
2900,2021-06-16,"Google Ads",Marketing,868.30,2021
2897,2021-06-16,"Google Ads",Marketing,3352.82,2021
2898,2021-06-16,"LinkedIn Ads",Marketing,1340.00,2021
2901,2021-06-16,"Office Depot","Office Supplies",344.92,2021
2904,2021-06-17,"Delta Airlines",Travel,1272.58,2021
2903,2021-06-17,FedEx,Shipping,86.54,2021
2905,2021-06-17,Notion,Software,NULL,2021
2906,2021-06-17,Stripe,Software,NULL,2021
2907,2021-06-17,Uber,Travel,204.80,2021
2908,2021-06-17,Uber,Travel,298.00,2021
2913,2021-06-18,"American Airlines",Travel,2261.35,2021
2910,2021-06-18,Asana,Software,74.30,2021
2915,2021-06-18,Expensify,Software,NULL,2021
2916,2021-06-18,HubSpot,Marketing,621.98,2021
2911,2021-06-18,Marriott,Travel,543.72,2021
2912,2021-06-18,Uber,Travel,129.77,2021
2909,2021-06-18,Uber,Travel,292.20,2021
2914,2021-06-18,WeWork,Rent,3200.00,2021
2919,2021-06-19,DHL,Shipping,115.71,2021
2917,2021-06-19,DHL,Shipping,215.85,2021
2921,2021-06-19,Marriott,Travel,269.99,2021
2918,2021-06-19,Notion,Software,16.00,2021
2920,2021-06-19,WeWork,Rent,3200.00,2021
2922,2021-06-20,Asana,Software,43.91,2021
2925,2021-06-20,Expensify,Software,50.00,2021
2924,2021-06-20,Microsoft,Software,245.00,2021
2923,2021-06-20,QuickBooks,Software,147.09,2021
2926,2021-06-20,WeWork,Rent,NULL,2021
2929,2021-06-21,FedEx,Shipping,159.69,2021
2927,2021-06-21,"Google Ads",Marketing,1657.25,2021
2928,2021-06-21,"Office Depot","Office Supplies",NULL,2021
2930,2021-06-22,DHL,Shipping,169.52,2021
2931,2021-06-22,Marriott,Travel,490.12,2021
2933,2021-06-22,Notion,Software,16.00,2021
2932,2021-06-22,Staples,"Office Supplies",297.07,2021
2934,2021-06-22,Stripe,Software,59.00,2021
2935,2021-06-23,"American Airlines",Travel,NULL,2021
2939,2021-06-23,FedEx,Shipping,207.00,2021
2936,2021-06-23,Notion,Software,16.00,2021
2937,2021-06-23,QuickBooks,Software,139.30,2021
2938,2021-06-23,Zoom,Software,149.00,2021
2943,2021-06-24,AWS,Software,871.00,2021
2942,2021-06-24,Expensify,Software,50.00,2021
2940,2021-06-24,Salesforce,Software,800.00,2021
2941,2021-06-24,WeWork,Rent,3200.00,2021
2945,2021-06-25,"American Airlines",Travel,492.92,2021
2949,2021-06-25,Asana,Software,62.00,2021
2946,2021-06-25,"Google Ads",Marketing,1937.80,2021
2947,2021-06-25,"Google Ads",Marketing,3265.50,2021
2948,2021-06-25,HubSpot,Marketing,NULL,2021
2950,2021-06-25,Marriott,Travel,329.00,2021
2944,2021-06-25,Staples,"Office Supplies",280.00,2021
2956,2021-06-26,Asana,Software,97.57,2021
2951,2021-06-26,FedEx,Shipping,196.20,2021
2954,2021-06-26,"LinkedIn Ads",Marketing,1138.80,2021
2952,2021-06-26,Microsoft,Software,164.05,2021
2955,2021-06-26,Notion,Software,16.00,2021
2953,2021-06-26,"Office Depot","Office Supplies",469.33,2021
2958,2021-06-26,Uber,Travel,291.99,2021
2963,2021-06-27,Amazon,"Office Supplies",1007.00,2021
2960,2021-06-27,"Delta Airlines",Travel,2242.50,2021
2959,2021-06-27,Expensify,Software,50.00,2021
2961,2021-06-27,"Google Ads",Marketing,1437.70,2021
2962,2021-06-27,Marriott,Travel,260.00,2021
2969,2021-06-28,Asana,Software,NULL,2021
2965,2021-06-28,DHL,Shipping,109.67,2021
2964,2021-06-28,DHL,Shipping,113.70,2021
2970,2021-06-28,DHL,Shipping,191.60,2021
2968,2021-06-28,Microsoft,Software,436.90,2021
2966,2021-06-28,"Office Depot","Office Supplies",460.00,2021
2967,2021-06-28,"Office Depot","Office Supplies",469.00,2021
2972,2021-06-29,Dropbox,Software,23.20,2021
2971,2021-06-29,"Google Ads",Marketing,2873.00,2021
2976,2021-06-29,Microsoft,Software,285.39,2021
2975,2021-06-29,Staples,"Office Supplies",278.00,2021
2977,2021-06-29,Stripe,Software,59.00,2021
2974,2021-06-29,Uber,Travel,87.00,2021
2973,2021-06-29,WeWork,Rent,3200.00,2021
2980,2021-06-30,Amazon,"Office Supplies",405.70,2021
2978,2021-06-30,DHL,Shipping,NULL,2021
2981,2021-06-30,DHL,Shipping,127.30,2021
2982,2021-06-30,"LinkedIn Ads",Marketing,1657.00,2021
2983,2021-06-30,Marriott,Travel,435.40,2021
2979,2021-06-30,WeWork,Rent,3200.00,2021
2989,2021-07-01,AWS,Software,NULL,2021
2986,2021-07-01,DHL,Shipping,NULL,2021
2990,2021-07-01,DHL,Shipping,108.00,2021
2984,2021-07-01,FedEx,Shipping,243.00,2021
2988,2021-07-01,"LinkedIn Ads",Marketing,572.82,2021
2987,2021-07-01,Notion,Software,16.00,2021
2985,2021-07-01,Slack,Software,87.00,2021
2992,2021-07-02,Amazon,"Office Supplies",948.86,2021
2993,2021-07-02,Asana,Software,37.80,2021
2991,2021-07-02,HubSpot,Marketing,613.80,2021
2996,2021-07-03,FedEx,Shipping,292.68,2021
2994,2021-07-03,"Google Ads",Marketing,NULL,2021
2997,2021-07-03,Marriott,Travel,519.22,2021
2995,2021-07-03,Zoom,Software,149.00,2021
3000,2021-07-04,QuickBooks,Software,147.40,2021
2998,2021-07-04,Salesforce,Software,800.00,2021
2999,2021-07-04,Staples,"Office Supplies",229.00,2021
3004,2021-07-05,"American Airlines",Travel,2437.10,2021
3002,2021-07-05,"LinkedIn Ads",Marketing,1947.00,2021
3001,2021-07-05,Marriott,Travel,265.59,2021
3003,2021-07-05,Microsoft,Software,365.45,2021
3008,2021-07-06,"Delta Airlines",Travel,341.18,2021
3007,2021-07-06,"Google Ads",Marketing,2631.20,2021
3005,2021-07-06,"Office Depot","Office Supplies",469.67,2021
3006,2021-07-06,Stripe,Software,NULL,2021
3013,2021-07-07,AWS,Software,NULL,2021
3011,2021-07-07,Mailchimp,Marketing,299.00,2021
3012,2021-07-07,Notion,Software,16.00,2021
3010,2021-07-07,Slack,Software,NULL,2021
3009,2021-07-07,Stripe,Software,59.00,2021
3015,2021-07-08,"Delta Airlines",Travel,1470.90,2021
3018,2021-07-08,"Delta Airlines",Travel,1945.00,2021
3014,2021-07-08,FedEx,Shipping,253.90,2021
3017,2021-07-08,QuickBooks,Software,113.25,2021
3016,2021-07-08,Stripe,Software,59.00,2021
3023,2021-07-09,Mailchimp,Marketing,299.00,2021
3021,2021-07-09,Notion,Software,16.00,2021
3019,2021-07-09,"Office Depot","Office Supplies",178.21,2021
3022,2021-07-09,"Office Depot","Office Supplies",487.50,2021
3020,2021-07-09,Zoom,Software,149.00,2021
3027,2021-07-10,Asana,Software,49.52,2021
3030,2021-07-10,AWS,Software,3832.80,2021
3028,2021-07-10,DHL,Shipping,224.00,2021
3029,2021-07-10,Dropbox,Software,20.40,2021
3026,2021-07-10,HubSpot,Marketing,726.80,2021
3025,2021-07-10,Notion,Software,16.00,2021
3024,2021-07-10,Slack,Software,87.00,2021
3031,2021-07-11,"Google Ads",Marketing,NULL,2021
3034,2021-07-11,"LinkedIn Ads",Marketing,NULL,2021
3032,2021-07-11,Salesforce,Software,800.00,2021
3033,2021-07-11,Staples,"Office Supplies",253.10,2021
3036,2021-07-12,Amazon,"Office Supplies",717.50,2021
3035,2021-07-12,Asana,Software,73.40,2021
3037,2021-07-12,DHL,Shipping,45.50,2021
3038,2021-07-12,HubSpot,Marketing,809.07,2021
3040,2021-07-13,"American Airlines",Travel,2779.00,2021
3044,2021-07-13,Asana,Software,88.65,2021
3042,2021-07-13,Expensify,Software,50.00,2021
3039,2021-07-13,FedEx,Shipping,228.00,2021
3043,2021-07-13,"Google Ads",Marketing,3426.57,2021
3041,2021-07-13,WeWork,Rent,3200.00,2021
3048,2021-07-14,"American Airlines",Travel,1704.56,2021
3045,2021-07-14,Expensify,Software,NULL,2021
3047,2021-07-14,Staples,"Office Supplies",74.00,2021
3046,2021-07-14,Uber,Travel,214.20,2021
3049,2021-07-15,AWS,Software,NULL,2021
3051,2021-07-15,FedEx,Shipping,143.80,2021
3052,2021-07-15,"LinkedIn Ads",Marketing,NULL,2021
3054,2021-07-15,Marriott,Travel,226.00,2021
3050,2021-07-15,Staples,"Office Supplies",339.91,2021
3053,2021-07-15,Stripe,Software,59.00,2021
3057,2021-07-16,AWS,Software,3812.00,2021
3055,2021-07-16,Mailchimp,Marketing,299.00,2021
3058,2021-07-16,Microsoft,Software,391.20,2021
3056,2021-07-16,Salesforce,Software,NULL,2021
3063,2021-07-17,DHL,Shipping,91.35,2021
3061,2021-07-17,Notion,Software,16.00,2021
3065,2021-07-17,QuickBooks,Software,79.00,2021
3059,2021-07-17,Stripe,Software,59.00,2021
3060,2021-07-17,Zoom,Software,NULL,2021
3064,2021-07-17,Zoom,Software,149.00,2021
3071,2021-07-18,Amazon,"Office Supplies",NULL,2021
3067,2021-07-18,Asana,Software,93.00,2021
3070,2021-07-18,Dropbox,Software,19.80,2021
3072,2021-07-18,Microsoft,Software,222.25,2021
3068,2021-07-18,Notion,Software,16.00,2021
3069,2021-07-18,Staples,"Office Supplies",352.89,2021
3073,2021-07-19,"Delta Airlines",Travel,1084.30,2021
3080,2021-07-19,Mailchimp,Marketing,299.00,2021
3075,2021-07-19,Marriott,Travel,241.10,2021
3074,2021-07-19,Marriott,Travel,530.59,2021
3076,2021-07-19,QuickBooks,Software,62.85,2021
3079,2021-07-19,Stripe,Software,59.00,2021
3078,2021-07-19,Uber,Travel,150.59,2021
3083,2021-07-20,Dropbox,Software,18.03,2021
3085,2021-07-20,HubSpot,Marketing,NULL,2021
3082,2021-07-20,Marriott,Travel,NULL,2021
3084,2021-07-20,Notion,Software,16.00,2021
3086,2021-07-20,QuickBooks,Software,59.50,2021
3081,2021-07-20,Stripe,Software,NULL,2021
3087,2021-07-20,WeWork,Rent,NULL,2021
3091,2021-07-21,Amazon,"Office Supplies",578.00,2021
3088,2021-07-21,Asana,Software,64.10,2021
3090,2021-07-21,Notion,Software,16.00,2021
3089,2021-07-21,Slack,Software,87.00,2021
3097,2021-07-22,AWS,Software,NULL,2021
3096,2021-07-22,AWS,Software,231.30,2021
3092,2021-07-22,QuickBooks,Software,72.00,2021
3093,2021-07-22,QuickBooks,Software,88.95,2021
3095,2021-07-22,QuickBooks,Software,107.21,2021
3094,2021-07-22,Salesforce,Software,800.00,2021
3105,2021-07-23,Asana,Software,76.40,2021
3101,2021-07-23,Dropbox,Software,18.10,2021
3098,2021-07-23,Microsoft,Software,183.00,2021
3103,2021-07-23,Notion,Software,16.00,2021
3100,2021-07-23,"Office Depot","Office Supplies",81.00,2021
3104,2021-07-23,"Office Depot","Office Supplies",216.23,2021
3099,2021-07-23,QuickBooks,Software,139.30,2021
3102,2021-07-23,Slack,Software,87.00,2021
3106,2021-07-24,Asana,Software,85.00,2021
3113,2021-07-24,"Delta Airlines",Travel,758.00,2021
3112,2021-07-24,Expensify,Software,NULL,2021
3108,2021-07-24,FedEx,Shipping,77.00,2021
3107,2021-07-24,Mailchimp,Marketing,299.00,2021
3109,2021-07-24,Marriott,Travel,291.90,2021
3110,2021-07-24,"Office Depot","Office Supplies",226.10,2021
3111,2021-07-24,Uber,Travel,291.54,2021
3114,2021-07-25,Amazon,"Office Supplies",711.00,2021
3116,2021-07-25,Asana,Software,65.21,2021
3115,2021-07-25,HubSpot,Marketing,847.98,2021
3118,2021-07-25,Marriott,Travel,416.82,2021
3117,2021-07-25,WeWork,Rent,3200.00,2021
3123,2021-07-26,AWS,Software,844.00,2021
3126,2021-07-26,Expensify,Software,50.00,2021
3122,2021-07-26,HubSpot,Marketing,695.56,2021
3120,2021-07-26,Mailchimp,Marketing,299.00,2021
3125,2021-07-26,Notion,Software,16.00,2021
3124,2021-07-26,"Office Depot","Office Supplies",374.25,2021
3119,2021-07-26,Staples,"Office Supplies",290.70,2021
3121,2021-07-26,Uber,Travel,57.00,2021
3127,2021-07-27,Dropbox,Software,23.17,2021
3129,2021-07-27,FedEx,Shipping,275.33,2021
3130,2021-07-27,"Google Ads",Marketing,1667.00,2021
3128,2021-07-27,"Office Depot","Office Supplies",391.00,2021
3131,2021-07-27,Salesforce,Software,800.00,2021
3133,2021-07-27,Slack,Software,87.00,2021
3132,2021-07-27,Stripe,Software,59.00,2021
3135,2021-07-28,Amazon,"Office Supplies",1174.00,2021
3134,2021-07-28,Dropbox,Software,15.00,2021
3136,2021-07-28,HubSpot,Marketing,793.61,2021
3144,2021-07-29,Amazon,"Office Supplies",862.80,2021
3141,2021-07-29,Expensify,Software,50.00,2021
3138,2021-07-29,HubSpot,Marketing,526.58,2021
3139,2021-07-29,Notion,Software,16.00,2021
3140,2021-07-29,"Office Depot","Office Supplies",64.00,2021
3142,2021-07-29,QuickBooks,Software,92.00,2021
3137,2021-07-29,WeWork,Rent,3200.00,2021
3145,2021-07-30,Amazon,"Office Supplies",527.00,2021
3146,2021-07-30,Mailchimp,Marketing,299.00,2021
3147,2021-07-30,QuickBooks,Software,136.00,2021
3154,2021-07-31,Amazon,"Office Supplies",360.90,2021
3152,2021-07-31,"Delta Airlines",Travel,966.00,2021
3153,2021-07-31,Mailchimp,Marketing,299.00,2021
3149,2021-07-31,Microsoft,Software,NULL,2021
3148,2021-07-31,Notion,Software,16.00,2021
3151,2021-07-31,Salesforce,Software,800.00,2021
3155,2021-07-31,Slack,Software,87.00,2021
3150,2021-07-31,Uber,Travel,240.46,2021
3163,2021-08-01,Amazon,"Office Supplies",113.80,2021
3162,2021-08-01,AWS,Software,NULL,2021
3159,2021-08-01,"Google Ads",Marketing,2842.80,2021
3161,2021-08-01,"LinkedIn Ads",Marketing,786.00,2021
3156,2021-08-01,Marriott,Travel,NULL,2021
3160,2021-08-01,Marriott,Travel,422.00,2021
3157,2021-08-01,Staples,"Office Supplies",119.52,2021
3158,2021-08-01,WeWork,Rent,3200.00,2021
3166,2021-08-02,"American Airlines",Travel,436.50,2021
3164,2021-08-02,FedEx,Shipping,133.70,2021
3165,2021-08-02,"LinkedIn Ads",Marketing,1918.91,2021
3167,2021-08-03,Amazon,"Office Supplies",1907.00,2021
3172,2021-08-03,"Google Ads",Marketing,1931.95,2021
3171,2021-08-03,Marriott,Travel,447.40,2021
3170,2021-08-03,"Office Depot","Office Supplies",48.33,2021
3168,2021-08-03,Uber,Travel,68.00,2021
3169,2021-08-03,Zoom,Software,149.00,2021
3176,2021-08-04,Amazon,"Office Supplies",1588.20,2021
3173,2021-08-04,DHL,Shipping,65.86,2021
3174,2021-08-04,"Google Ads",Marketing,881.00,2021
3179,2021-08-04,"Google Ads",Marketing,1070.31,2021
3175,2021-08-04,QuickBooks,Software,98.00,2021
3178,2021-08-04,Uber,Travel,175.66,2021
3177,2021-08-04,Uber,Travel,228.40,2021
3180,2021-08-04,WeWork,Rent,NULL,2021
3182,2021-08-05,Asana,Software,NULL,2021
3185,2021-08-05,AWS,Software,2565.45,2021
3183,2021-08-05,AWS,Software,4517.00,2021
3184,2021-08-05,DHL,Shipping,146.50,2021
3181,2021-08-05,"LinkedIn Ads",Marketing,1784.21,2021
3186,2021-08-05,Zoom,Software,149.00,2021
3190,2021-08-06,"American Airlines",Travel,2927.00,2021
3187,2021-08-06,DHL,Shipping,NULL,2021
3188,2021-08-06,Microsoft,Software,NULL,2021
3189,2021-08-06,Stripe,Software,59.00,2021
3193,2021-08-07,"Delta Airlines",Travel,NULL,2021
3192,2021-08-07,Marriott,Travel,557.71,2021
3191,2021-08-07,Salesforce,Software,800.00,2021
3194,2021-08-07,Uber,Travel,255.60,2021
3195,2021-08-08,Amazon,"Office Supplies",1186.00,2021
3196,2021-08-08,"Delta Airlines",Travel,1683.20,2021
3197,2021-08-08,Expensify,Software,50.00,2021
3198,2021-08-08,HubSpot,Marketing,751.00,2021
3199,2021-08-08,Salesforce,Software,800.00,2021
3202,2021-08-09,"LinkedIn Ads",Marketing,1463.44,2021
3205,2021-08-09,Microsoft,Software,308.40,2021
3201,2021-08-09,"Office Depot","Office Supplies",NULL,2021
3200,2021-08-09,"Office Depot","Office Supplies",287.00,2021
3203,2021-08-09,Slack,Software,87.00,2021
3208,2021-08-10,"Delta Airlines",Travel,1913.51,2021
3211,2021-08-10,FedEx,Shipping,81.27,2021
3206,2021-08-10,"Google Ads",Marketing,1873.41,2021
3210,2021-08-10,HubSpot,Marketing,584.34,2021
3209,2021-08-10,Notion,Software,16.00,2021
3212,2021-08-10,"Office Depot","Office Supplies",366.60,2021
3207,2021-08-10,Zoom,Software,149.00,2021
3216,2021-08-11,Amazon,"Office Supplies",242.00,2021
3215,2021-08-11,AWS,Software,2446.00,2021
3214,2021-08-11,Microsoft,Software,286.40,2021
3213,2021-08-11,Stripe,Software,59.00,2021
3217,2021-08-12,Marriott,Travel,425.90,2021
3218,2021-08-12,"Office Depot","Office Supplies",222.88,2021
3219,2021-08-12,"Office Depot","Office Supplies",486.88,2021
3220,2021-08-12,Staples,"Office Supplies",325.20,2021
3224,2021-08-13,Amazon,"Office Supplies",1309.84,2021
3221,2021-08-13,"Delta Airlines",Travel,846.86,2021
3223,2021-08-13,"Delta Airlines",Travel,1275.00,2021
3226,2021-08-13,Microsoft,Software,437.80,2021
3225,2021-08-13,"Office Depot","Office Supplies",325.40,2021
3222,2021-08-13,Stripe,Software,59.00,2021
3227,2021-08-13,Zoom,Software,149.00,2021
3232,2021-08-14,Mailchimp,Marketing,299.00,2021
3231,2021-08-14,Marriott,Travel,421.00,2021
3230,2021-08-14,"Office Depot","Office Supplies",166.82,2021
3229,2021-08-14,QuickBooks,Software,110.70,2021
3228,2021-08-14,Uber,Travel,133.01,2021
3238,2021-08-15,DHL,Shipping,84.80,2021
3235,2021-08-15,"LinkedIn Ads",Marketing,1500.00,2021
3237,2021-08-15,Mailchimp,Marketing,299.00,2021
3234,2021-08-15,Marriott,Travel,479.00,2021
3233,2021-08-15,Uber,Travel,202.00,2021
3236,2021-08-15,WeWork,Rent,3200.00,2021
3239,2021-08-16,Asana,Software,88.60,2021
3244,2021-08-16,Expensify,Software,50.00,2021
3242,2021-08-16,FedEx,Shipping,190.80,2021
3241,2021-08-16,Notion,Software,16.00,2021
3243,2021-08-16,Staples,"Office Supplies",NULL,2021
3245,2021-08-16,Staples,"Office Supplies",334.60,2021
3240,2021-08-16,Uber,Travel,192.45,2021
3246,2021-08-17,Amazon,"Office Supplies",510.00,2021
3251,2021-08-17,"American Airlines",Travel,2974.73,2021
3252,2021-08-17,"Delta Airlines",Travel,1528.00,2021
3249,2021-08-17,DHL,Shipping,102.41,2021
3253,2021-08-17,Marriott,Travel,330.59,2021
3248,2021-08-17,Marriott,Travel,355.00,2021
3247,2021-08-17,Slack,Software,87.00,2021
3250,2021-08-17,Stripe,Software,NULL,2021
3258,2021-08-18,"American Airlines",Travel,1559.20,2021
3259,2021-08-18,FedEx,Shipping,236.00,2021
3257,2021-08-18,QuickBooks,Software,74.00,2021
3255,2021-08-18,Salesforce,Software,NULL,2021
3256,2021-08-18,WeWork,Rent,3200.00,2021
3262,2021-08-19,"Delta Airlines",Travel,505.40,2021
3261,2021-08-19,"Office Depot","Office Supplies",293.16,2021
3260,2021-08-19,Slack,Software,87.00,2021
3266,2021-08-20,Mailchimp,Marketing,NULL,2021
3265,2021-08-20,Microsoft,Software,364.00,2021
3264,2021-08-20,Zoom,Software,NULL,2021
3263,2021-08-20,Zoom,Software,149.00,2021
3268,2021-08-21,"American Airlines",Travel,2953.13,2021
3271,2021-08-21,AWS,Software,4222.07,2021
3269,2021-08-21,Expensify,Software,50.00,2021
3270,2021-08-21,Microsoft,Software,NULL,2021
3272,2021-08-22,"Google Ads",Marketing,3089.30,2021
3277,2021-08-22,HubSpot,Marketing,NULL,2021
3273,2021-08-22,Marriott,Travel,267.00,2021
3275,2021-08-22,Salesforce,Software,NULL,2021
3274,2021-08-22,Stripe,Software,59.00,2021
3276,2021-08-22,Zoom,Software,149.00,2021
3278,2021-08-23,"American Airlines",Travel,1532.07,2021
3281,2021-08-23,Asana,Software,60.65,2021
3284,2021-08-23,DHL,Shipping,104.00,2021
3280,2021-08-23,Expensify,Software,50.00,2021
3283,2021-08-23,FedEx,Shipping,163.92,2021
3282,2021-08-23,"Google Ads",Marketing,859.71,2021
3279,2021-08-23,Marriott,Travel,306.75,2021
3290,2021-08-24,Amazon,"Office Supplies",NULL,2021
3287,2021-08-24,"Delta Airlines",Travel,1755.00,2021
3291,2021-08-24,FedEx,Shipping,192.74,2021
3286,2021-08-24,"LinkedIn Ads",Marketing,1556.30,2021
3288,2021-08-24,Salesforce,Software,800.00,2021
3285,2021-08-24,Stripe,Software,59.00,2021
3289,2021-08-24,Zoom,Software,149.00,2021
3294,2021-08-25,"Google Ads",Marketing,879.62,2021
3297,2021-08-25,"Google Ads",Marketing,1058.80,2021
3296,2021-08-25,"LinkedIn Ads",Marketing,1071.00,2021
3293,2021-08-25,Mailchimp,Marketing,299.00,2021
3295,2021-08-25,Salesforce,Software,800.00,2021
3298,2021-08-25,Stripe,Software,59.00,2021
3292,2021-08-25,WeWork,Rent,3200.00,2021
3301,2021-08-26,Amazon,"Office Supplies",NULL,2021
3299,2021-08-26,Mailchimp,Marketing,299.00,2021
3300,2021-08-26,Salesforce,Software,NULL,2021
3302,2021-08-26,Uber,Travel,NULL,2021
3303,2021-08-27,Amazon,"Office Supplies",108.86,2021
3308,2021-08-27,"American Airlines",Travel,2568.72,2021
3307,2021-08-27,Asana,Software,56.20,2021
3305,2021-08-27,"Delta Airlines",Travel,1700.26,2021
3309,2021-08-27,Expensify,Software,NULL,2021
3306,2021-08-27,FedEx,Shipping,65.21,2021
3304,2021-08-27,Notion,Software,16.00,2021
3312,2021-08-28,AWS,Software,1127.00,2021
3311,2021-08-28,"Google Ads",Marketing,2393.29,2021
3310,2021-08-28,Microsoft,Software,NULL,2021
3317,2021-08-29,AWS,Software,4092.36,2021
3316,2021-08-29,"Delta Airlines",Travel,NULL,2021
3313,2021-08-29,DHL,Shipping,148.30,2021
3318,2021-08-29,Dropbox,Software,15.90,2021
3315,2021-08-29,FedEx,Shipping,76.80,2021
3314,2021-08-29,Slack,Software,NULL,2021
3322,2021-08-30,AWS,Software,700.70,2021
3323,2021-08-30,Microsoft,Software,324.00,2021
3324,2021-08-30,"Office Depot","Office Supplies",NULL,2021
3320,2021-08-30,"Office Depot","Office Supplies",123.10,2021
3319,2021-08-30,QuickBooks,Software,76.10,2021
3321,2021-08-30,Staples,"Office Supplies",NULL,2021
3325,2021-08-30,Uber,Travel,NULL,2021
3328,2021-08-31,"Delta Airlines",Travel,1073.90,2021
3330,2021-08-31,DHL,Shipping,182.32,2021
3331,2021-08-31,Expensify,Software,50.00,2021
3327,2021-08-31,HubSpot,Marketing,422.40,2021
3329,2021-08-31,Marriott,Travel,378.00,2021
3326,2021-08-31,Notion,Software,16.00,2021
3333,2021-08-31,Uber,Travel,278.96,2021
3332,2021-08-31,WeWork,Rent,3200.00,2021
3334,2021-09-01,Amazon,"Office Supplies",1818.00,2021
3337,2021-09-01,Asana,Software,76.80,2021
3338,2021-09-01,DHL,Shipping,153.00,2021
3335,2021-09-01,"Google Ads",Marketing,3465.00,2021
3336,2021-09-01,Staples,"Office Supplies",65.66,2021
3340,2021-09-02,"LinkedIn Ads",Marketing,1735.33,2021
3341,2021-09-02,"Office Depot","Office Supplies",259.50,2021
3339,2021-09-02,QuickBooks,Software,145.76,2021
3342,2021-09-02,Uber,Travel,217.92,2021
3345,2021-09-03,DHL,Shipping,185.00,2021
3343,2021-09-03,QuickBooks,Software,64.90,2021
3344,2021-09-03,WeWork,Rent,3200.00,2021
3349,2021-09-04,Dropbox,Software,24.96,2021
3352,2021-09-04,"LinkedIn Ads",Marketing,1422.98,2021
3346,2021-09-04,Microsoft,Software,249.65,2021
3347,2021-09-04,"Office Depot","Office Supplies",86.12,2021
3350,2021-09-04,Slack,Software,87.00,2021
3348,2021-09-04,WeWork,Rent,3200.00,2021
3353,2021-09-05,Asana,Software,83.84,2021
3356,2021-09-05,FedEx,Shipping,160.13,2021
3358,2021-09-05,Mailchimp,Marketing,299.00,2021
3354,2021-09-05,"Office Depot","Office Supplies",128.90,2021
3357,2021-09-05,Staples,"Office Supplies",183.01,2021
3355,2021-09-05,Zoom,Software,149.00,2021
3359,2021-09-06,Expensify,Software,50.00,2021
3360,2021-09-06,HubSpot,Marketing,528.00,2021
3361,2021-09-06,Uber,Travel,NULL,2021
3364,2021-09-07,Amazon,"Office Supplies",824.30,2021
3362,2021-09-07,Amazon,"Office Supplies",1275.00,2021
3367,2021-09-07,AWS,Software,4698.00,2021
3368,2021-09-07,DHL,Shipping,163.61,2021
3363,2021-09-07,FedEx,Shipping,49.99,2021
3366,2021-09-07,Notion,Software,NULL,2021
3365,2021-09-07,"Office Depot","Office Supplies",296.47,2021
3369,2021-09-08,AWS,Software,3140.50,2021
3370,2021-09-08,AWS,Software,4613.00,2021
3371,2021-09-08,Mailchimp,Marketing,299.00,2021
3373,2021-09-08,Marriott,Travel,159.42,2021
3375,2021-09-08,Staples,"Office Supplies",93.76,2021
3376,2021-09-08,Staples,"Office Supplies",197.40,2021
3372,2021-09-08,Staples,"Office Supplies",399.00,2021
3374,2021-09-08,Uber,Travel,154.18,2021
3379,2021-09-09,"American Airlines",Travel,734.00,2021
3382,2021-09-09,AWS,Software,721.00,2021
3380,2021-09-09,Expensify,Software,50.00,2021
3381,2021-09-09,FedEx,Shipping,207.44,2021
3377,2021-09-09,Staples,"Office Supplies",212.20,2021
3378,2021-09-09,Zoom,Software,149.00,2021
3384,2021-09-10,DHL,Shipping,111.47,2021
3385,2021-09-10,Expensify,Software,50.00,2021
3383,2021-09-10,"LinkedIn Ads",Marketing,576.33,2021
3389,2021-09-10,"Office Depot","Office Supplies",467.69,2021
3387,2021-09-10,QuickBooks,Software,102.24,2021
3386,2021-09-10,Stripe,Software,59.00,2021
3388,2021-09-10,Zoom,Software,149.00,2021
3394,2021-09-11,AWS,Software,1825.00,2021
3392,2021-09-11,"Delta Airlines",Travel,1935.00,2021
3396,2021-09-11,"Google Ads",Marketing,1921.00,2021
3397,2021-09-11,"Google Ads",Marketing,2316.00,2021
3390,2021-09-11,Slack,Software,NULL,2021
3395,2021-09-11,Slack,Software,87.00,2021
3391,2021-09-11,Uber,Travel,NULL,2021
3393,2021-09-11,WeWork,Rent,3200.00,2021
3405,2021-09-12,Asana,Software,51.01,2021
3400,2021-09-12,AWS,Software,2020.97,2021
3403,2021-09-12,AWS,Software,4743.00,2021
3399,2021-09-12,Expensify,Software,NULL,2021
3398,2021-09-12,Mailchimp,Marketing,299.00,2021
3401,2021-09-12,Notion,Software,16.00,2021
3404,2021-09-12,WeWork,Rent,NULL,2021
3407,2021-09-13,"American Airlines",Travel,2419.00,2021
3408,2021-09-13,Asana,Software,98.80,2021
3406,2021-09-13,DHL,Shipping,69.00,2021
3410,2021-09-14,Dropbox,Software,NULL,2021
3409,2021-09-14,FedEx,Shipping,261.00,2021
3411,2021-09-14,"Google Ads",Marketing,940.00,2021
3412,2021-09-14,Stripe,Software,59.00,2021
3416,2021-09-15,AWS,Software,NULL,2021
3415,2021-09-15,Marriott,Travel,408.14,2021
3413,2021-09-15,Marriott,Travel,597.79,2021
3414,2021-09-15,Salesforce,Software,800.00,2021
3417,2021-09-15,Stripe,Software,59.00,2021
3418,2021-09-16,"American Airlines",Travel,1157.00,2021
3420,2021-09-16,Expensify,Software,NULL,2021
3423,2021-09-16,"Google Ads",Marketing,1808.15,2021
3419,2021-09-16,HubSpot,Marketing,554.32,2021
3421,2021-09-16,Salesforce,Software,800.00,2021
3422,2021-09-16,Zoom,Software,NULL,2021
3426,2021-09-17,Notion,Software,16.00,2021
3425,2021-09-17,Salesforce,Software,800.00,2021
3424,2021-09-17,WeWork,Rent,NULL,2021
3431,2021-09-18,"American Airlines",Travel,422.35,2021
3433,2021-09-18,Asana,Software,79.44,2021
3432,2021-09-18,AWS,Software,4124.20,2021
3434,2021-09-18,Expensify,Software,NULL,2021
3429,2021-09-18,"Google Ads",Marketing,1047.60,2021
3430,2021-09-18,"LinkedIn Ads",Marketing,1687.39,2021
3427,2021-09-18,Salesforce,Software,NULL,2021
3428,2021-09-18,Uber,Travel,220.12,2021
3436,2021-09-19,"American Airlines",Travel,547.23,2021
3438,2021-09-19,"Google Ads",Marketing,1865.00,2021
3437,2021-09-19,"Google Ads",Marketing,3091.26,2021
3435,2021-09-19,Stripe,Software,59.00,2021
3445,2021-09-20,Amazon,"Office Supplies",1956.00,2021
3443,2021-09-20,FedEx,Shipping,NULL,2021
3444,2021-09-20,"LinkedIn Ads",Marketing,619.90,2021
3439,2021-09-20,"LinkedIn Ads",Marketing,1260.00,2021
3442,2021-09-20,"Office Depot","Office Supplies",NULL,2021
3441,2021-09-20,QuickBooks,Software,165.00,2021
3440,2021-09-20,Stripe,Software,59.00,2021
3452,2021-09-21,Expensify,Software,50.00,2021
3448,2021-09-21,FedEx,Shipping,233.00,2021
3451,2021-09-21,"LinkedIn Ads",Marketing,1197.40,2021
3450,2021-09-21,Mailchimp,Marketing,NULL,2021
3449,2021-09-21,Microsoft,Software,417.19,2021
3447,2021-09-21,Notion,Software,16.00,2021
3446,2021-09-21,"Office Depot","Office Supplies",460.68,2021
3453,2021-09-22,Marriott,Travel,487.75,2021
3455,2021-09-22,Staples,"Office Supplies",178.00,2021
3454,2021-09-22,Zoom,Software,149.00,2021
3458,2021-09-23,Amazon,"Office Supplies",1044.00,2021
3459,2021-09-23,Mailchimp,Marketing,299.00,2021
3457,2021-09-23,Staples,"Office Supplies",215.30,2021
3462,2021-09-24,"American Airlines",Travel,1534.76,2021
3464,2021-09-24,AWS,Software,262.24,2021
3463,2021-09-24,Dropbox,Software,24.40,2021
3461,2021-09-24,FedEx,Shipping,NULL,2021
3460,2021-09-24,"LinkedIn Ads",Marketing,1921.00,2021
3465,2021-09-24,Salesforce,Software,800.00,2021
3470,2021-09-25,"American Airlines",Travel,853.00,2021
3469,2021-09-25,Expensify,Software,50.00,2021
3468,2021-09-25,FedEx,Shipping,186.99,2021
3472,2021-09-25,HubSpot,Marketing,672.61,2021
3467,2021-09-25,Marriott,Travel,318.01,2021
3471,2021-09-25,QuickBooks,Software,169.00,2021
3466,2021-09-25,Slack,Software,87.00,2021
3474,2021-09-26,"American Airlines",Travel,1859.94,2021
3475,2021-09-26,AWS,Software,2903.00,2021
3476,2021-09-26,Dropbox,Software,23.81,2021
3473,2021-09-26,Salesforce,Software,800.00,2021
3479,2021-09-27,"American Airlines",Travel,600.63,2021
3483,2021-09-27,Asana,Software,91.82,2021
3480,2021-09-27,AWS,Software,1383.00,2021
3481,2021-09-27,FedEx,Shipping,254.46,2021
3477,2021-09-27,Salesforce,Software,800.00,2021
3482,2021-09-27,Stripe,Software,59.00,2021
3478,2021-09-27,WeWork,Rent,3200.00,2021
3484,2021-09-28,Asana,Software,38.43,2021
3485,2021-09-28,Dropbox,Software,23.00,2021
3489,2021-09-28,Expensify,Software,50.00,2021
3486,2021-09-28,"LinkedIn Ads",Marketing,1550.00,2021
3490,2021-09-28,QuickBooks,Software,99.70,2021
3488,2021-09-28,QuickBooks,Software,133.00,2021
3487,2021-09-28,Stripe,Software,59.00,2021
3492,2021-09-29,"American Airlines",Travel,1898.32,2021
3495,2021-09-29,HubSpot,Marketing,420.00,2021
3494,2021-09-29,HubSpot,Marketing,781.70,2021
3493,2021-09-29,Salesforce,Software,800.00,2021
3491,2021-09-29,Slack,Software,87.00,2021
3499,2021-09-30,AWS,Software,NULL,2021
3498,2021-09-30,Dropbox,Software,15.56,2021
3496,2021-09-30,"Google Ads",Marketing,1681.85,2021
3497,2021-09-30,QuickBooks,Software,86.78,2021
3500,2021-09-30,Slack,Software,87.00,2021
3501,2021-09-30,WeWork,Rent,3200.00,2021
3504,2021-10-01,"American Airlines",Travel,633.96,2021
3503,2021-10-01,HubSpot,Marketing,449.70,2021
3502,2021-10-01,"LinkedIn Ads",Marketing,NULL,2021
3510,2021-10-02,Amazon,"Office Supplies",1069.47,2021
3505,2021-10-02,"Google Ads",Marketing,1111.00,2021
3506,2021-10-02,Mailchimp,Marketing,299.00,2021
3508,2021-10-02,Uber,Travel,41.39,2021
3507,2021-10-02,Uber,Travel,203.60,2021
3509,2021-10-02,Zoom,Software,149.00,2021
3513,2021-10-03,Amazon,"Office Supplies",NULL,2021
3511,2021-10-03,"American Airlines",Travel,2151.95,2021
3512,2021-10-03,"Delta Airlines",Travel,1597.30,2021
3517,2021-10-03,"Delta Airlines",Travel,1959.18,2021
3514,2021-10-03,Dropbox,Software,23.99,2021
3518,2021-10-03,Salesforce,Software,800.00,2021
3516,2021-10-03,Stripe,Software,59.00,2021
3515,2021-10-03,Zoom,Software,149.00,2021
3519,2021-10-04,Amazon,"Office Supplies",946.50,2021
3520,2021-10-04,"Delta Airlines",Travel,NULL,2021
3523,2021-10-04,Notion,Software,16.00,2021
3522,2021-10-04,"Office Depot","Office Supplies",298.00,2021
3524,2021-10-04,QuickBooks,Software,131.00,2021
3521,2021-10-04,Slack,Software,87.00,2021
3528,2021-10-05,AWS,Software,2504.84,2021
3525,2021-10-05,Dropbox,Software,NULL,2021
3526,2021-10-05,"Google Ads",Marketing,3123.00,2021
3527,2021-10-05,Marriott,Travel,297.31,2021
3531,2021-10-06,Amazon,"Office Supplies",676.55,2021
3529,2021-10-06,Asana,Software,NULL,2021
3533,2021-10-07,Marriott,Travel,NULL,2021
3534,2021-10-07,QuickBooks,Software,52.91,2021
3532,2021-10-07,Uber,Travel,129.40,2021
3537,2021-10-08,AWS,Software,NULL,2021
3538,2021-10-08,Mailchimp,Marketing,299.00,2021
3536,2021-10-08,Slack,Software,87.00,2021
3539,2021-10-08,Stripe,Software,59.00,2021
3535,2021-10-08,Zoom,Software,149.00,2021
3545,2021-10-09,Amazon,"Office Supplies",1375.36,2021
3540,2021-10-09,"American Airlines",Travel,NULL,2021
3544,2021-10-09,"American Airlines",Travel,988.00,2021
3543,2021-10-09,DHL,Shipping,39.00,2021
3542,2021-10-09,"LinkedIn Ads",Marketing,NULL,2021
3546,2021-10-09,Mailchimp,Marketing,299.00,2021
3547,2021-10-09,Notion,Software,16.00,2021
3541,2021-10-09,Staples,"Office Supplies",60.50,2021
3548,2021-10-10,"American Airlines",Travel,NULL,2021
3550,2021-10-10,HubSpot,Marketing,531.00,2021
3551,2021-10-10,Marriott,Travel,397.00,2021
3549,2021-10-10,WeWork,Rent,3200.00,2021
3554,2021-10-11,DHL,Shipping,147.00,2021
3556,2021-10-11,FedEx,Shipping,207.82,2021
3552,2021-10-11,"Google Ads",Marketing,2366.00,2021
3553,2021-10-11,"Office Depot","Office Supplies",167.40,2021
3557,2021-10-11,Uber,Travel,122.73,2021
3555,2021-10-11,WeWork,Rent,3200.00,2021
3560,2021-10-12,"American Airlines",Travel,1309.78,2021
3564,2021-10-12,AWS,Software,761.00,2021
3561,2021-10-12,Dropbox,Software,20.44,2021
3563,2021-10-12,Marriott,Travel,252.00,2021
3559,2021-10-12,Notion,Software,16.00,2021
3558,2021-10-12,Salesforce,Software,800.00,2021
3562,2021-10-12,Stripe,Software,59.00,2021
3568,2021-10-13,"American Airlines",Travel,201.67,2021
3569,2021-10-13,AWS,Software,NULL,2021
3571,2021-10-13,HubSpot,Marketing,910.60,2021
3567,2021-10-13,Mailchimp,Marketing,299.00,2021
3566,2021-10-13,Notion,Software,16.00,2021
3565,2021-10-13,Staples,"Office Supplies",233.09,2021
3572,2021-10-14,Amazon,"Office Supplies",159.09,2021
3573,2021-10-14,"Office Depot","Office Supplies",NULL,2021
3574,2021-10-14,Slack,Software,87.00,2021
3575,2021-10-15,"American Airlines",Travel,1873.00,2021
3576,2021-10-15,"Delta Airlines",Travel,968.30,2021
3577,2021-10-15,QuickBooks,Software,NULL,2021
3578,2021-10-16,AWS,Software,NULL,2021
3579,2021-10-16,AWS,Software,4333.64,2021
3580,2021-10-16,"LinkedIn Ads",Marketing,1532.00,2021
3581,2021-10-17,AWS,Software,4974.30,2021
3586,2021-10-17,"Delta Airlines",Travel,NULL,2021
3588,2021-10-17,Dropbox,Software,19.40,2021
3584,2021-10-17,Expensify,Software,50.00,2021
3582,2021-10-17,"Office Depot","Office Supplies",455.76,2021
3585,2021-10-17,Uber,Travel,117.20,2021
3583,2021-10-17,WeWork,Rent,3200.00,2021
3587,2021-10-17,Zoom,Software,149.00,2021
3589,2021-10-18,"American Airlines",Travel,1782.14,2021
3593,2021-10-18,DHL,Shipping,59.83,2021
3591,2021-10-18,"Google Ads",Marketing,3236.11,2021
3590,2021-10-18,Stripe,Software,59.00,2021
3592,2021-10-18,Uber,Travel,108.38,2021
3594,2021-10-19,AWS,Software,1395.40,2021
3599,2021-10-19,Expensify,Software,50.00,2021
3597,2021-10-19,Mailchimp,Marketing,299.00,2021
3595,2021-10-19,"Office Depot","Office Supplies",207.06,2021
3596,2021-10-19,Salesforce,Software,800.00,2021
3598,2021-10-19,Slack,Software,87.00,2021
3600,2021-10-20,"American Airlines",Travel,1670.49,2021
3601,2021-10-20,"LinkedIn Ads",Marketing,1210.50,2021
3602,2021-10-20,WeWork,Rent,3200.00,2021
3607,2021-10-21,DHL,Shipping,66.74,2021
3605,2021-10-21,DHL,Shipping,69.00,2021
3606,2021-10-21,HubSpot,Marketing,NULL,2021
3608,2021-10-21,Mailchimp,Marketing,299.00,2021
3604,2021-10-21,Slack,Software,NULL,2021
3603,2021-10-21,Staples,"Office Supplies",227.49,2021
3610,2021-10-22,Dropbox,Software,21.66,2021
3609,2021-10-22,FedEx,Shipping,55.60,2021
3611,2021-10-22,Microsoft,Software,458.13,2021
3613,2021-10-23,"Delta Airlines",Travel,517.90,2021
3612,2021-10-23,"Delta Airlines",Travel,715.10,2021
3616,2021-10-23,Notion,Software,16.00,2021
3615,2021-10-23,"Office Depot","Office Supplies",61.96,2021
3617,2021-10-23,QuickBooks,Software,97.00,2021
3614,2021-10-23,Zoom,Software,149.00,2021
3623,2021-10-24,Asana,Software,66.49,2021
3621,2021-10-24,Marriott,Travel,558.40,2021
3619,2021-10-24,"Office Depot","Office Supplies",215.00,2021
3622,2021-10-24,QuickBooks,Software,163.34,2021
3620,2021-10-24,Staples,"Office Supplies",207.44,2021
3618,2021-10-24,Uber,Travel,NULL,2021
3625,2021-10-25,"American Airlines",Travel,2696.62,2021
3624,2021-10-25,Asana,Software,NULL,2021
3629,2021-10-25,AWS,Software,1817.00,2021
3628,2021-10-25,AWS,Software,2654.91,2021
3626,2021-10-25,FedEx,Shipping,112.00,2021
3627,2021-10-25,Microsoft,Software,442.00,2021
3635,2021-10-26,Asana,Software,59.67,2021
3630,2021-10-26,Dropbox,Software,NULL,2021
3633,2021-10-26,Notion,Software,16.00,2021
3636,2021-10-26,"Office Depot","Office Supplies",353.00,2021
3632,2021-10-26,Salesforce,Software,800.00,2021
3631,2021-10-26,Stripe,Software,59.00,2021
3644,2021-10-27,Amazon,"Office Supplies",226.00,2021
3640,2021-10-27,"Google Ads",Marketing,3195.00,2021
3642,2021-10-27,HubSpot,Marketing,673.12,2021
3637,2021-10-27,HubSpot,Marketing,842.30,2021
3641,2021-10-27,Mailchimp,Marketing,299.00,2021
3639,2021-10-27,Microsoft,Software,373.00,2021
3638,2021-10-27,Notion,Software,NULL,2021
3643,2021-10-27,Stripe,Software,59.00,2021
3648,2021-10-28,AWS,Software,2298.43,2021
3646,2021-10-28,Dropbox,Software,20.67,2021
3645,2021-10-28,Expensify,Software,50.00,2021
3649,2021-10-28,"Google Ads",Marketing,1131.87,2021
3647,2021-10-28,"LinkedIn Ads",Marketing,1442.17,2021
3650,2021-10-28,Uber,Travel,258.00,2021
3654,2021-10-29,Microsoft,Software,300.00,2021
3653,2021-10-29,Slack,Software,87.00,2021
3652,2021-10-29,Uber,Travel,270.65,2021
3659,2021-10-30,AWS,Software,797.90,2021
3657,2021-10-30,"Delta Airlines",Travel,NULL,2021
3655,2021-10-30,FedEx,Shipping,258.00,2021
3661,2021-10-30,Mailchimp,Marketing,NULL,2021
3660,2021-10-30,Mailchimp,Marketing,299.00,2021
3656,2021-10-30,"Office Depot","Office Supplies",133.30,2021
3658,2021-10-30,WeWork,Rent,3200.00,2021
3665,2021-10-31,Asana,Software,NULL,2021
3663,2021-10-31,Expensify,Software,NULL,2021
3662,2021-10-31,"LinkedIn Ads",Marketing,1369.50,2021
3664,2021-10-31,"LinkedIn Ads",Marketing,1568.60,2021
3666,2021-10-31,Stripe,Software,59.00,2021
3669,2021-11-01,Asana,Software,88.59,2021
3673,2021-11-01,DHL,Shipping,235.43,2021
3668,2021-11-01,Expensify,Software,50.00,2021
3667,2021-11-01,Salesforce,Software,800.00,2021
3670,2021-11-01,Staples,"Office Supplies",122.50,2021
3672,2021-11-01,Staples,"Office Supplies",260.15,2021
3671,2021-11-01,Stripe,Software,59.00,2021
3674,2021-11-02,"American Airlines",Travel,2440.00,2021
3675,2021-11-02,FedEx,Shipping,139.10,2021
3678,2021-11-02,"Google Ads",Marketing,1255.06,2021
3676,2021-11-02,"LinkedIn Ads",Marketing,634.19,2021
3677,2021-11-02,Stripe,Software,59.00,2021
3679,2021-11-02,Uber,Travel,294.37,2021
3680,2021-11-03,"American Airlines",Travel,NULL,2021
3682,2021-11-03,Expensify,Software,50.00,2021
3681,2021-11-03,HubSpot,Marketing,NULL,2021
3683,2021-11-04,"Google Ads",Marketing,1418.54,2021
3684,2021-11-04,Mailchimp,Marketing,299.00,2021
3685,2021-11-04,Microsoft,Software,341.78,2021
3687,2021-11-04,WeWork,Rent,3200.00,2021
3690,2021-11-05,Mailchimp,Marketing,299.00,2021
3689,2021-11-05,Marriott,Travel,230.52,2021
3694,2021-11-05,Notion,Software,16.00,2021
3691,2021-11-05,"Office Depot","Office Supplies",158.00,2021
3688,2021-11-05,Slack,Software,87.00,2021
3692,2021-11-05,Staples,"Office Supplies",NULL,2021
3693,2021-11-05,Zoom,Software,149.00,2021
3695,2021-11-06,"American Airlines",Travel,507.65,2021
3697,2021-11-06,Expensify,Software,50.00,2021
3698,2021-11-06,HubSpot,Marketing,833.20,2021
3696,2021-11-06,WeWork,Rent,3200.00,2021
3702,2021-11-07,"Delta Airlines",Travel,461.00,2021
3699,2021-11-07,Dropbox,Software,18.50,2021
3701,2021-11-07,Dropbox,Software,23.58,2021
3706,2021-11-07,Expensify,Software,50.00,2021
3704,2021-11-07,Microsoft,Software,280.77,2021
3705,2021-11-07,"Office Depot","Office Supplies",37.54,2021
3700,2021-11-07,"Office Depot","Office Supplies",148.17,2021
3703,2021-11-07,Slack,Software,87.00,2021
3714,2021-11-08,AWS,Software,525.00,2021
3708,2021-11-08,Expensify,Software,50.00,2021
3713,2021-11-08,FedEx,Shipping,253.48,2021
3709,2021-11-08,FedEx,Shipping,269.40,2021
3711,2021-11-08,Microsoft,Software,280.90,2021
3707,2021-11-08,Microsoft,Software,288.73,2021
3712,2021-11-08,QuickBooks,Software,NULL,2021
3710,2021-11-08,Uber,Travel,96.25,2021
3716,2021-11-09,"American Airlines",Travel,NULL,2021
3719,2021-11-09,Asana,Software,52.86,2021
3717,2021-11-09,"Delta Airlines",Travel,1687.50,2021
3721,2021-11-09,DHL,Shipping,200.34,2021
3720,2021-11-09,Expensify,Software,50.00,2021
3715,2021-11-09,"Google Ads",Marketing,NULL,2021
3718,2021-11-09,Staples,"Office Supplies",166.00,2021
3724,2021-11-10,Asana,Software,56.87,2021
3722,2021-11-10,Staples,"Office Supplies",165.00,2021
3725,2021-11-10,Uber,Travel,111.79,2021
3723,2021-11-10,Zoom,Software,149.00,2021
3728,2021-11-11,Amazon,"Office Supplies",1982.95,2021
3730,2021-11-11,Expensify,Software,50.00,2021
3727,2021-11-11,"LinkedIn Ads",Marketing,1320.58,2021
3726,2021-11-11,Notion,Software,16.00,2021
3731,2021-11-11,Slack,Software,87.00,2021
3729,2021-11-11,Stripe,Software,59.00,2021
3735,2021-11-12,Asana,Software,84.48,2021
3737,2021-11-12,AWS,Software,4869.25,2021
3736,2021-11-12,"LinkedIn Ads",Marketing,1225.00,2021
3732,2021-11-12,Marriott,Travel,590.00,2021
3733,2021-11-12,Notion,Software,16.00,2021
3734,2021-11-12,QuickBooks,Software,136.00,2021
3740,2021-11-13,Expensify,Software,50.00,2021
3739,2021-11-13,HubSpot,Marketing,578.90,2021
3741,2021-11-13,"LinkedIn Ads",Marketing,1613.00,2021
3742,2021-11-13,Microsoft,Software,178.40,2021
3745,2021-11-14,AWS,Software,4896.00,2021
3749,2021-11-14,"Google Ads",Marketing,2414.55,2021
3744,2021-11-14,"LinkedIn Ads",Marketing,1108.90,2021
3748,2021-11-14,Microsoft,Software,235.00,2021
3746,2021-11-14,Slack,Software,87.00,2021
3747,2021-11-14,Staples,"Office Supplies",255.95,2021
3743,2021-11-14,WeWork,Rent,3200.00,2021
3754,2021-11-15,DHL,Shipping,NULL,2021
3751,2021-11-15,HubSpot,Marketing,742.83,2021
3753,2021-11-15,Microsoft,Software,494.00,2021
3752,2021-11-15,Uber,Travel,30.56,2021
3759,2021-11-16,Asana,Software,NULL,2021
3756,2021-11-16,Asana,Software,30.01,2021
3758,2021-11-16,Notion,Software,16.00,2021
3755,2021-11-16,Slack,Software,87.00,2021
3757,2021-11-16,Staples,"Office Supplies",338.00,2021
3761,2021-11-17,AWS,Software,3111.12,2021
3763,2021-11-17,Expensify,Software,50.00,2021
3760,2021-11-17,"Google Ads",Marketing,2537.35,2021
3764,2021-11-17,QuickBooks,Software,141.74,2021
3762,2021-11-17,Staples,"Office Supplies",348.20,2021
3766,2021-11-18,"American Airlines",Travel,NULL,2021
3769,2021-11-18,"American Airlines",Travel,1095.90,2021
3765,2021-11-18,DHL,Shipping,98.49,2021
3767,2021-11-18,Slack,Software,87.00,2021
3768,2021-11-18,Zoom,Software,149.00,2021
3771,2021-11-19,"American Airlines",Travel,787.36,2021
3775,2021-11-19,"American Airlines",Travel,2615.00,2021
3772,2021-11-19,FedEx,Shipping,80.70,2021
3770,2021-11-19,"LinkedIn Ads",Marketing,683.00,2021
3774,2021-11-19,Staples,"Office Supplies",115.30,2021
3773,2021-11-19,Uber,Travel,38.00,2021
3777,2021-11-20,Amazon,"Office Supplies",1751.00,2021
3776,2021-11-20,"American Airlines",Travel,1382.58,2021
3782,2021-11-20,Asana,Software,NULL,2021
3778,2021-11-20,"LinkedIn Ads",Marketing,639.00,2021
3783,2021-11-20,"Office Depot","Office Supplies",417.43,2021
3780,2021-11-20,Stripe,Software,59.00,2021
3781,2021-11-20,Uber,Travel,238.00,2021
3779,2021-11-20,Zoom,Software,149.00,2021
3785,2021-11-21,Dropbox,Software,18.91,2021
3787,2021-11-21,Expensify,Software,50.00,2021
3786,2021-11-21,"LinkedIn Ads",Marketing,1654.57,2021
3784,2021-11-21,Salesforce,Software,800.00,2021
3791,2021-11-22,Asana,Software,70.03,2021
3790,2021-11-22,AWS,Software,4181.90,2021
3792,2021-11-22,Expensify,Software,50.00,2021
3789,2021-11-22,"LinkedIn Ads",Marketing,1383.98,2021
3793,2021-11-22,Mailchimp,Marketing,299.00,2021
3788,2021-11-22,"Office Depot","Office Supplies",244.53,2021
3794,2021-11-22,Stripe,Software,59.00,2021
3797,2021-11-23,Amazon,"Office Supplies",1053.00,2021
3799,2021-11-23,"Delta Airlines",Travel,1475.00,2021
3795,2021-11-23,Mailchimp,Marketing,299.00,2021
3798,2021-11-23,"Office Depot","Office Supplies",NULL,2021
3796,2021-11-23,Stripe,Software,59.00,2021
3803,2021-11-24,Amazon,"Office Supplies",288.00,2021
3804,2021-11-24,"Google Ads",Marketing,2575.10,2021
3801,2021-11-24,HubSpot,Marketing,NULL,2021
3802,2021-11-24,WeWork,Rent,3200.00,2021
3805,2021-11-25,"LinkedIn Ads",Marketing,806.14,2021
3808,2021-11-25,Mailchimp,Marketing,299.00,2021
3806,2021-11-25,"Office Depot","Office Supplies",467.92,2021
3807,2021-11-25,WeWork,Rent,3200.00,2021
3810,2021-11-26,Dropbox,Software,16.00,2021
3809,2021-11-26,Slack,Software,87.00,2021
3812,2021-11-26,Staples,"Office Supplies",332.00,2021
3811,2021-11-26,WeWork,Rent,NULL,2021
3816,2021-11-27,Amazon,"Office Supplies",746.30,2021
3813,2021-11-27,Amazon,"Office Supplies",1830.75,2021
3815,2021-11-27,AWS,Software,4957.00,2021
3818,2021-11-27,"Delta Airlines",Travel,668.50,2021
3820,2021-11-27,DHL,Shipping,235.10,2021
3819,2021-11-27,"Office Depot","Office Supplies",305.59,2021
3817,2021-11-27,Slack,Software,87.00,2021
3814,2021-11-27,WeWork,Rent,3200.00,2021
3823,2021-11-28,Amazon,"Office Supplies",1976.00,2021
3825,2021-11-28,Expensify,Software,50.00,2021
3824,2021-11-28,"LinkedIn Ads",Marketing,NULL,2021
3826,2021-11-28,Notion,Software,16.00,2021
3821,2021-11-28,Salesforce,Software,800.00,2021
3822,2021-11-28,Uber,Travel,NULL,2021
3827,2021-11-29,Asana,Software,86.00,2021
3828,2021-11-29,Mailchimp,Marketing,299.00,2021
3829,2021-11-29,Uber,Travel,NULL,2021
3832,2021-11-30,Dropbox,Software,18.00,2021
3835,2021-11-30,FedEx,Shipping,69.00,2021
3834,2021-11-30,"Google Ads",Marketing,2721.86,2021
3833,2021-11-30,"LinkedIn Ads",Marketing,534.00,2021
3837,2021-11-30,Notion,Software,16.00,2021
3836,2021-11-30,Salesforce,Software,800.00,2021
3831,2021-11-30,Stripe,Software,59.00,2021
3830,2021-11-30,Zoom,Software,149.00,2021
3839,2021-12-01,"American Airlines",Travel,1737.00,2021
3840,2021-12-01,HubSpot,Marketing,NULL,2021
3838,2021-12-01,"Office Depot","Office Supplies",288.60,2021
3841,2021-12-01,"Office Depot","Office Supplies",467.50,2021
3842,2021-12-01,WeWork,Rent,3200.00,2021
3845,2021-12-02,FedEx,Shipping,NULL,2021
3846,2021-12-02,Notion,Software,16.00,2021
3844,2021-12-02,Slack,Software,NULL,2021
3843,2021-12-02,WeWork,Rent,3200.00,2021
3849,2021-12-03,"Google Ads",Marketing,2792.23,2021
3848,2021-12-03,QuickBooks,Software,155.59,2021
3847,2021-12-03,Salesforce,Software,800.00,2021
3850,2021-12-04,Amazon,"Office Supplies",1394.68,2021
3855,2021-12-04,"American Airlines",Travel,1376.60,2021
3852,2021-12-04,Asana,Software,76.00,2021
3851,2021-12-04,AWS,Software,NULL,2021
3853,2021-12-04,FedEx,Shipping,75.40,2021
3854,2021-12-04,Notion,Software,16.00,2021
3857,2021-12-05,"American Airlines",Travel,558.93,2021
3858,2021-12-05,DHL,Shipping,80.98,2021
3856,2021-12-05,Slack,Software,87.00,2021
3862,2021-12-06,"American Airlines",Travel,NULL,2021
3859,2021-12-06,Marriott,Travel,NULL,2021
3861,2021-12-06,Notion,Software,16.00,2021
3860,2021-12-06,Zoom,Software,149.00,2021
3867,2021-12-07,AWS,Software,2546.78,2021
3866,2021-12-07,"Delta Airlines",Travel,1156.26,2021
3865,2021-12-07,Expensify,Software,50.00,2021
3864,2021-12-07,FedEx,Shipping,124.00,2021
3868,2021-12-07,Stripe,Software,59.00,2021
3863,2021-12-07,Zoom,Software,149.00,2021
3871,2021-12-08,"Google Ads",Marketing,NULL,2021
3869,2021-12-08,Marriott,Travel,356.40,2021
3870,2021-12-08,Slack,Software,87.00,2021
3878,2021-12-09,"American Airlines",Travel,476.00,2021
3873,2021-12-09,Expensify,Software,50.00,2021
3877,2021-12-09,Slack,Software,87.00,2021
3876,2021-12-09,Staples,"Office Supplies",126.61,2021
3874,2021-12-09,Staples,"Office Supplies",144.40,2021
3872,2021-12-09,WeWork,Rent,3200.00,2021
3875,2021-12-09,Zoom,Software,149.00,2021
3883,2021-12-10,Amazon,"Office Supplies",722.00,2021
3880,2021-12-10,Mailchimp,Marketing,299.00,2021
3884,2021-12-10,Notion,Software,16.00,2021
3881,2021-12-10,"Office Depot","Office Supplies",480.11,2021
3882,2021-12-10,QuickBooks,Software,114.61,2021
3885,2021-12-10,Slack,Software,87.00,2021
3879,2021-12-10,Staples,"Office Supplies",57.10,2021
3886,2021-12-10,Stripe,Software,59.00,2021
3891,2021-12-11,"LinkedIn Ads",Marketing,NULL,2021
3890,2021-12-11,"Office Depot","Office Supplies",143.35,2021
3889,2021-12-11,Salesforce,Software,800.00,2021
3888,2021-12-11,Slack,Software,87.00,2021
3887,2021-12-11,Staples,"Office Supplies",284.00,2021
3893,2021-12-11,Uber,Travel,85.34,2021
3898,2021-12-12,"Delta Airlines",Travel,505.66,2021
3902,2021-12-12,"Delta Airlines",Travel,2050.59,2021
3901,2021-12-12,DHL,Shipping,195.40,2021
3897,2021-12-12,"LinkedIn Ads",Marketing,680.40,2021
3896,2021-12-12,Slack,Software,NULL,2021
3900,2021-12-12,Uber,Travel,158.52,2021
3899,2021-12-12,WeWork,Rent,3200.00,2021
3895,2021-12-12,Zoom,Software,149.00,2021
3904,2021-12-13,Amazon,"Office Supplies",911.00,2021
3903,2021-12-13,Dropbox,Software,20.00,2021
3905,2021-12-13,"Office Depot","Office Supplies",242.61,2021
3913,2021-12-14,AWS,Software,2014.81,2021
3907,2021-12-14,"Delta Airlines",Travel,678.55,2021
3912,2021-12-14,DHL,Shipping,122.16,2021
3910,2021-12-14,Mailchimp,Marketing,NULL,2021
3908,2021-12-14,Marriott,Travel,230.73,2021
3911,2021-12-14,Marriott,Travel,241.00,2021
3906,2021-12-14,Slack,Software,87.00,2021
3909,2021-12-14,Zoom,Software,NULL,2021
3918,2021-12-15,Expensify,Software,50.00,2021
3914,2021-12-15,"Google Ads",Marketing,2647.99,2021
3916,2021-12-15,"LinkedIn Ads",Marketing,662.66,2021
3917,2021-12-15,Stripe,Software,59.00,2021
3915,2021-12-15,WeWork,Rent,3200.00,2021
3924,2021-12-16,HubSpot,Marketing,783.46,2021
3921,2021-12-16,Staples,"Office Supplies",153.40,2021
3922,2021-12-16,WeWork,Rent,NULL,2021
3923,2021-12-16,Zoom,Software,149.00,2021
3925,2021-12-17,Dropbox,Software,16.80,2021
3927,2021-12-17,Mailchimp,Marketing,NULL,2021
3926,2021-12-17,Mailchimp,Marketing,299.00,2021
3934,2021-12-18,Amazon,"Office Supplies",NULL,2021
3931,2021-12-18,Dropbox,Software,16.50,2021
3929,2021-12-18,"Google Ads",Marketing,918.85,2021
3932,2021-12-18,Marriott,Travel,NULL,2021
3933,2021-12-18,Salesforce,Software,800.00,2021
3928,2021-12-18,WeWork,Rent,3200.00,2021
3930,2021-12-18,Zoom,Software,149.00,2021
3935,2021-12-19,"American Airlines",Travel,267.78,2021
3941,2021-12-19,DHL,Shipping,50.00,2021
3938,2021-12-19,Expensify,Software,50.00,2021
3940,2021-12-19,Marriott,Travel,217.40,2021
3942,2021-12-19,"Office Depot","Office Supplies",167.30,2021
3939,2021-12-19,Uber,Travel,242.62,2021
3936,2021-12-19,WeWork,Rent,3200.00,2021
3948,2021-12-20,DHL,Shipping,83.00,2021
3943,2021-12-20,DHL,Shipping,154.70,2021
3944,2021-12-20,Dropbox,Software,NULL,2021
3947,2021-12-20,Expensify,Software,50.00,2021
3945,2021-12-20,"Office Depot","Office Supplies",165.82,2021
3949,2021-12-20,QuickBooks,Software,94.00,2021
3946,2021-12-20,Salesforce,Software,NULL,2021
3956,2021-12-21,Asana,Software,54.86,2021
3953,2021-12-21,"Google Ads",Marketing,2919.88,2021
3954,2021-12-21,HubSpot,Marketing,971.43,2021
3951,2021-12-21,"LinkedIn Ads",Marketing,723.91,2021
3955,2021-12-21,"LinkedIn Ads",Marketing,811.90,2021
3952,2021-12-21,Salesforce,Software,NULL,2021
3950,2021-12-21,Zoom,Software,149.00,2021
3960,2021-12-22,HubSpot,Marketing,1158.76,2021
3958,2021-12-22,Staples,"Office Supplies",138.49,2021
3959,2021-12-22,Stripe,Software,59.00,2021
3957,2021-12-22,WeWork,Rent,3200.00,2021
3967,2021-12-23,"Delta Airlines",Travel,529.00,2021
3961,2021-12-23,"Delta Airlines",Travel,1131.79,2021
3965,2021-12-23,"LinkedIn Ads",Marketing,NULL,2021
3964,2021-12-23,Marriott,Travel,226.00,2021
3966,2021-12-23,"Office Depot","Office Supplies",367.00,2021
3962,2021-12-23,Staples,"Office Supplies",143.73,2021
3963,2021-12-23,Zoom,Software,149.00,2021
3968,2021-12-24,Expensify,Software,50.00,2021
3970,2021-12-24,"Office Depot","Office Supplies",166.59,2021
3969,2021-12-24,QuickBooks,Software,100.00,2021
3973,2021-12-25,DHL,Shipping,44.00,2021
3976,2021-12-25,HubSpot,Marketing,957.00,2021
3971,2021-12-25,Mailchimp,Marketing,299.00,2021
3972,2021-12-25,Microsoft,Software,217.09,2021
3975,2021-12-25,"Office Depot","Office Supplies",NULL,2021
3974,2021-12-25,Stripe,Software,59.00,2021
3981,2021-12-26,"Delta Airlines",Travel,2122.00,2021
3980,2021-12-26,"Delta Airlines",Travel,2316.00,2021
3978,2021-12-26,DHL,Shipping,NULL,2021
3977,2021-12-26,Marriott,Travel,587.61,2021
3979,2021-12-26,QuickBooks,Software,57.48,2021
3987,2021-12-27,"Delta Airlines",Travel,596.36,2021
3984,2021-12-27,Dropbox,Software,19.66,2021
3985,2021-12-27,HubSpot,Marketing,438.66,2021
3986,2021-12-27,Notion,Software,16.00,2021
3982,2021-12-27,Slack,Software,87.00,2021
3988,2021-12-27,Uber,Travel,268.24,2021
3989,2021-12-27,WeWork,Rent,3200.00,2021
3993,2021-12-28,Amazon,"Office Supplies",1213.60,2021
3992,2021-12-28,Amazon,"Office Supplies",1831.87,2021
3991,2021-12-28,"Office Depot","Office Supplies",289.70,2021
3994,2021-12-28,Slack,Software,87.00,2021
3990,2021-12-28,Staples,"Office Supplies",83.40,2021
3995,2021-12-29,"American Airlines",Travel,1256.40,2021
3997,2021-12-29,Marriott,Travel,558.57,2021
3998,2021-12-29,Staples,"Office Supplies",178.77,2021
3996,2021-12-29,Stripe,Software,59.00,2021
4000,2021-12-30,Dropbox,Software,21.39,2021
4001,2021-12-30,HubSpot,Marketing,633.80,2021
3999,2021-12-30,WeWork,Rent,NULL,2021
4002,2021-12-31,Amazon,"Office Supplies",1214.50,2021
4004,2021-12-31,Asana,Software,72.14,2021
4003,2021-12-31,"Delta Airlines",Travel,675.32,2021
4005,2021-12-31,Expensify,Software,50.00,2021
4006,2021-12-31,WeWork,Rent,NULL,2021
4014,2022-01-01,Asana,Software,36.19,2022
4013,2022-01-01,Dropbox,Software,23.90,2022
4008,2022-01-01,FedEx,Shipping,203.00,2022
4009,2022-01-01,Mailchimp,Marketing,299.00,2022
4010,2022-01-01,Marriott,Travel,170.86,2022
4011,2022-01-01,Marriott,Travel,207.95,2022
4007,2022-01-01,Microsoft,Software,195.52,2022
4012,2022-01-01,Uber,Travel,284.84,2022
4020,2022-01-02,Asana,Software,44.00,2022
4019,2022-01-02,AWS,Software,3206.62,2022
4016,2022-01-02,"Delta Airlines",Travel,519.88,2022
4018,2022-01-02,Dropbox,Software,20.50,2022
4017,2022-01-02,Stripe,Software,59.00,2022
4015,2022-01-02,Zoom,Software,NULL,2022
4024,2022-01-03,DHL,Shipping,230.36,2022
4022,2022-01-03,HubSpot,Marketing,404.00,2022
4025,2022-01-03,"LinkedIn Ads",Marketing,569.00,2022
4021,2022-01-03,Marriott,Travel,NULL,2022
4023,2022-01-03,"Office Depot","Office Supplies",121.20,2022
4030,2022-01-04,"American Airlines",Travel,2987.02,2022
4027,2022-01-04,Expensify,Software,NULL,2022
4026,2022-01-04,Marriott,Travel,NULL,2022
4029,2022-01-04,Microsoft,Software,250.02,2022
4032,2022-01-04,"Office Depot","Office Supplies",323.00,2022
4031,2022-01-04,Staples,"Office Supplies",314.70,2022
4028,2022-01-04,Uber,Travel,167.00,2022
4038,2022-01-05,"Google Ads",Marketing,NULL,2022
4035,2022-01-05,Notion,Software,16.00,2022
4037,2022-01-05,"Office Depot","Office Supplies",265.21,2022
4039,2022-01-05,"Office Depot","Office Supplies",409.33,2022
4033,2022-01-05,QuickBooks,Software,128.60,2022
4034,2022-01-05,WeWork,Rent,3200.00,2022
4036,2022-01-05,Zoom,Software,NULL,2022
4042,2022-01-06,AWS,Software,944.00,2022
4045,2022-01-06,Dropbox,Software,21.00,2022
4044,2022-01-06,"Google Ads",Marketing,2823.05,2022
4041,2022-01-06,"LinkedIn Ads",Marketing,NULL,2022
4043,2022-01-06,"Office Depot","Office Supplies",226.30,2022
4040,2022-01-06,Staples,"Office Supplies",247.37,2022
4053,2022-01-07,"Delta Airlines",Travel,332.90,2022
4048,2022-01-07,DHL,Shipping,51.50,2022
4051,2022-01-07,"LinkedIn Ads",Marketing,NULL,2022
4046,2022-01-07,Mailchimp,Marketing,299.00,2022
4047,2022-01-07,Microsoft,Software,439.80,2022
4049,2022-01-07,Salesforce,Software,800.00,2022
4052,2022-01-07,Staples,"Office Supplies",250.52,2022
4050,2022-01-07,Staples,"Office Supplies",256.68,2022
4054,2022-01-08,DHL,Shipping,211.89,2022
4055,2022-01-08,Dropbox,Software,18.14,2022
4056,2022-01-08,Stripe,Software,59.00,2022
4063,2022-01-09,DHL,Shipping,68.50,2022
4060,2022-01-09,DHL,Shipping,216.80,2022
4058,2022-01-09,Dropbox,Software,17.72,2022
4059,2022-01-09,"Google Ads",Marketing,2091.73,2022
4062,2022-01-09,"Office Depot","Office Supplies",211.98,2022
4061,2022-01-09,Staples,"Office Supplies",NULL,2022
4057,2022-01-09,Zoom,Software,149.00,2022
4066,2022-01-10,Marriott,Travel,294.63,2022
4065,2022-01-10,Stripe,Software,59.00,2022
4064,2022-01-10,WeWork,Rent,NULL,2022
4073,2022-01-11,Asana,Software,NULL,2022
4067,2022-01-11,Dropbox,Software,17.00,2022
4070,2022-01-11,Expensify,Software,50.00,2022
4069,2022-01-11,Mailchimp,Marketing,299.00,2022
4072,2022-01-11,Marriott,Travel,331.45,2022
4068,2022-01-11,QuickBooks,Software,103.00,2022
4071,2022-01-11,Uber,Travel,222.87,2022
4074,2022-01-11,WeWork,Rent,3200.00,2022
4078,2022-01-12,"Delta Airlines",Travel,745.87,2022
4077,2022-01-12,DHL,Shipping,NULL,2022
4080,2022-01-12,FedEx,Shipping,278.10,2022
4076,2022-01-12,"Office Depot","Office Supplies",NULL,2022
4079,2022-01-12,Salesforce,Software,800.00,2022
4075,2022-01-12,Uber,Travel,295.14,2022
4085,2022-01-13,AWS,Software,2821.30,2022
4082,2022-01-13,DHL,Shipping,47.87,2022
4084,2022-01-13,Dropbox,Software,24.80,2022
4087,2022-01-13,Microsoft,Software,NULL,2022
4086,2022-01-13,Slack,Software,87.00,2022
4083,2022-01-13,Staples,"Office Supplies",89.42,2022
4081,2022-01-13,WeWork,Rent,3200.00,2022
4092,2022-01-14,AWS,Software,2764.10,2022
4091,2022-01-14,"Delta Airlines",Travel,1800.50,2022
4089,2022-01-14,Dropbox,Software,15.40,2022
4094,2022-01-14,"Google Ads",Marketing,1002.98,2022
4093,2022-01-14,Marriott,Travel,505.92,2022
4088,2022-01-14,Salesforce,Software,800.00,2022
4090,2022-01-14,Stripe,Software,NULL,2022
4100,2022-01-15,Dropbox,Software,16.00,2022
4099,2022-01-15,Mailchimp,Marketing,299.00,2022
4098,2022-01-15,Marriott,Travel,459.10,2022
4095,2022-01-15,Notion,Software,16.00,2022
4096,2022-01-15,Stripe,Software,59.00,2022
4106,2022-01-16,Amazon,"Office Supplies",NULL,2022
4101,2022-01-16,Amazon,"Office Supplies",743.10,2022
4104,2022-01-16,AWS,Software,3560.50,2022
4105,2022-01-16,Mailchimp,Marketing,299.00,2022
4102,2022-01-16,Marriott,Travel,160.30,2022
4103,2022-01-16,Staples,"Office Supplies",288.30,2022
4110,2022-01-17,"Office Depot","Office Supplies",187.47,2022
4108,2022-01-17,QuickBooks,Software,95.41,2022
4109,2022-01-17,Staples,"Office Supplies",287.56,2022
4107,2022-01-17,WeWork,Rent,3200.00,2022
4116,2022-01-18,Asana,Software,72.63,2022
4112,2022-01-18,Dropbox,Software,21.51,2022
4117,2022-01-18,"Google Ads",Marketing,1142.00,2022
4115,2022-01-18,HubSpot,Marketing,1018.10,2022
4113,2022-01-18,Notion,Software,16.00,2022
4114,2022-01-18,"Office Depot","Office Supplies",NULL,2022
4111,2022-01-18,Stripe,Software,59.00,2022
4118,2022-01-18,Uber,Travel,286.88,2022
4126,2022-01-19,Amazon,"Office Supplies",1874.40,2022
4121,2022-01-19,Asana,Software,53.64,2022
4120,2022-01-19,Dropbox,Software,24.00,2022
4125,2022-01-19,Expensify,Software,50.00,2022
4119,2022-01-19,HubSpot,Marketing,746.00,2022
4123,2022-01-19,"Office Depot","Office Supplies",459.10,2022
4122,2022-01-19,QuickBooks,Software,60.90,2022
4124,2022-01-19,WeWork,Rent,3200.00,2022
4127,2022-01-20,Asana,Software,34.40,2022
4129,2022-01-20,Asana,Software,70.20,2022
4128,2022-01-20,AWS,Software,3130.07,2022
4131,2022-01-21,AWS,Software,NULL,2022
4135,2022-01-21,DHL,Shipping,226.30,2022
4134,2022-01-21,FedEx,Shipping,53.49,2022
4132,2022-01-21,HubSpot,Marketing,654.60,2022
4137,2022-01-21,Notion,Software,16.00,2022
4133,2022-01-21,QuickBooks,Software,74.21,2022
4136,2022-01-21,Staples,"Office Supplies",304.70,2022
4130,2022-01-21,Zoom,Software,149.00,2022
4141,2022-01-22,Asana,Software,50.59,2022
4142,2022-01-22,DHL,Shipping,144.00,2022
4140,2022-01-22,Expensify,Software,50.00,2022
4138,2022-01-22,HubSpot,Marketing,540.00,2022
4139,2022-01-22,Stripe,Software,59.00,2022
4148,2022-01-23,"American Airlines",Travel,822.00,2022
4145,2022-01-23,"Google Ads",Marketing,2239.20,2022
4146,2022-01-23,"Google Ads",Marketing,3267.68,2022
4143,2022-01-23,Mailchimp,Marketing,299.00,2022
4147,2022-01-23,Notion,Software,16.00,2022
4144,2022-01-23,Salesforce,Software,800.00,2022
4150,2022-01-24,HubSpot,Marketing,968.49,2022
4149,2022-01-24,Mailchimp,Marketing,299.00,2022
4151,2022-01-24,QuickBooks,Software,113.70,2022
4154,2022-01-25,Amazon,"Office Supplies",468.90,2022
4155,2022-01-25,DHL,Shipping,226.12,2022
4158,2022-01-25,Notion,Software,16.00,2022
4153,2022-01-25,"Office Depot","Office Supplies",349.65,2022
4152,2022-01-25,Salesforce,Software,800.00,2022
4156,2022-01-25,Slack,Software,87.00,2022
4157,2022-01-25,Uber,Travel,83.00,2022
4159,2022-01-26,"Delta Airlines",Travel,NULL,2022
4160,2022-01-26,Expensify,Software,50.00,2022
4162,2022-01-26,"LinkedIn Ads",Marketing,1213.78,2022
4163,2022-01-26,Mailchimp,Marketing,299.00,2022
4161,2022-01-26,Slack,Software,87.00,2022
4164,2022-01-27,Amazon,"Office Supplies",1923.62,2022
4165,2022-01-27,"American Airlines",Travel,2619.00,2022
4166,2022-01-27,"Office Depot","Office Supplies",NULL,2022
4170,2022-01-28,Amazon,"Office Supplies",616.00,2022
4168,2022-01-28,"American Airlines",Travel,1856.86,2022
4169,2022-01-28,Asana,Software,81.30,2022
4167,2022-01-28,Expensify,Software,50.00,2022
4174,2022-01-29,"Google Ads",Marketing,1173.00,2022
4171,2022-01-29,"Google Ads",Marketing,3203.50,2022
4172,2022-01-29,"LinkedIn Ads",Marketing,587.50,2022
4176,2022-01-29,Marriott,Travel,414.00,2022
4175,2022-01-29,Marriott,Travel,551.00,2022
4173,2022-01-29,"Office Depot","Office Supplies",241.00,2022
4177,2022-01-30,Asana,Software,50.00,2022
4178,2022-01-30,Asana,Software,93.70,2022
4181,2022-01-30,QuickBooks,Software,79.84,2022
4183,2022-01-30,Salesforce,Software,NULL,2022
4179,2022-01-30,Salesforce,Software,800.00,2022
4180,2022-01-30,Uber,Travel,41.00,2022
4182,2022-01-30,WeWork,Rent,3200.00,2022
4192,2022-01-31,FedEx,Shipping,114.86,2022
4189,2022-01-31,"LinkedIn Ads",Marketing,1173.50,2022
4191,2022-01-31,Marriott,Travel,152.86,2022
4190,2022-01-31,Marriott,Travel,577.26,2022
4186,2022-01-31,Microsoft,Software,256.10,2022
4185,2022-01-31,QuickBooks,Software,105.34,2022
4187,2022-01-31,Staples,"Office Supplies",255.20,2022
4188,2022-01-31,Zoom,Software,149.00,2022
4195,2022-02-01,"Delta Airlines",Travel,1634.47,2022
4193,2022-02-01,"Delta Airlines",Travel,2071.85,2022
4199,2022-02-01,FedEx,Shipping,46.30,2022
4198,2022-02-01,"LinkedIn Ads",Marketing,893.60,2022
4197,2022-02-01,Marriott,Travel,NULL,2022
4194,2022-02-01,Marriott,Travel,210.18,2022
4196,2022-02-01,QuickBooks,Software,NULL,2022
4203,2022-02-02,AWS,Software,851.20,2022
4200,2022-02-02,Dropbox,Software,22.06,2022
4201,2022-02-02,"Google Ads",Marketing,3229.00,2022
4205,2022-02-02,"Office Depot","Office Supplies",431.80,2022
4204,2022-02-02,Salesforce,Software,NULL,2022
4202,2022-02-02,Stripe,Software,59.00,2022
4209,2022-02-03,"Delta Airlines",Travel,736.31,2022
4206,2022-02-03,HubSpot,Marketing,NULL,2022
4207,2022-02-03,HubSpot,Marketing,1095.22,2022
4212,2022-02-03,Marriott,Travel,335.37,2022
4213,2022-02-03,Marriott,Travel,342.20,2022
4210,2022-02-03,Notion,Software,16.00,2022
4208,2022-02-03,QuickBooks,Software,NULL,2022
4211,2022-02-03,Salesforce,Software,800.00,2022
4220,2022-02-04,Amazon,"Office Supplies",1184.00,2022
4218,2022-02-04,AWS,Software,3679.00,2022
4215,2022-02-04,"Google Ads",Marketing,1677.78,2022
4217,2022-02-04,HubSpot,Marketing,1151.76,2022
4219,2022-02-04,Mailchimp,Marketing,299.00,2022
4214,2022-02-04,Microsoft,Software,232.70,2022
4216,2022-02-04,Notion,Software,16.00,2022
4223,2022-02-05,Amazon,"Office Supplies",454.91,2022
4222,2022-02-05,Expensify,Software,50.00,2022
4224,2022-02-05,"Google Ads",Marketing,949.70,2022
4225,2022-02-05,"Office Depot","Office Supplies",277.69,2022
4226,2022-02-06,AWS,Software,3598.01,2022
4227,2022-02-06,Notion,Software,16.00,2022
4228,2022-02-06,Zoom,Software,149.00,2022
4236,2022-02-07,"Delta Airlines",Travel,338.14,2022
4230,2022-02-07,"Delta Airlines",Travel,681.00,2022
4234,2022-02-07,DHL,Shipping,140.70,2022
4232,2022-02-07,Dropbox,Software,20.00,2022
4233,2022-02-07,FedEx,Shipping,217.00,2022
4231,2022-02-07,"Office Depot","Office Supplies",290.50,2022
4235,2022-02-07,Uber,Travel,245.65,2022
4240,2022-02-08,Amazon,"Office Supplies",1580.00,2022
4239,2022-02-08,"Delta Airlines",Travel,2218.41,2022
4242,2022-02-08,DHL,Shipping,30.40,2022
4241,2022-02-08,"Office Depot","Office Supplies",465.00,2022
4237,2022-02-08,QuickBooks,Software,60.00,2022
4238,2022-02-08,Slack,Software,87.00,2022
4244,2022-02-09,Asana,Software,87.60,2022
4245,2022-02-09,AWS,Software,596.70,2022
4243,2022-02-09,QuickBooks,Software,162.82,2022
4247,2022-02-09,Uber,Travel,200.99,2022
4246,2022-02-09,WeWork,Rent,NULL,2022
4248,2022-02-10,"Google Ads",Marketing,1118.80,2022
4249,2022-02-10,"LinkedIn Ads",Marketing,1199.83,2022
4250,2022-02-10,Slack,Software,87.00,2022
4254,2022-02-11,Mailchimp,Marketing,299.00,2022
4252,2022-02-11,Uber,Travel,62.70,2022
4255,2022-02-11,Uber,Travel,109.30,2022
4253,2022-02-11,Zoom,Software,149.00,2022
4256,2022-02-12,"Delta Airlines",Travel,1479.50,2022
4260,2022-02-12,QuickBooks,Software,118.23,2022
4257,2022-02-12,QuickBooks,Software,163.99,2022
4259,2022-02-12,WeWork,Rent,3200.00,2022
4258,2022-02-12,Zoom,Software,149.00,2022
4263,2022-02-13,"American Airlines",Travel,2571.00,2022
4265,2022-02-13,"Delta Airlines",Travel,1874.00,2022
4261,2022-02-13,DHL,Shipping,98.00,2022
4264,2022-02-13,Marriott,Travel,321.22,2022
4267,2022-02-13,"Office Depot","Office Supplies",75.67,2022
4262,2022-02-13,Staples,"Office Supplies",95.08,2022
4266,2022-02-13,Zoom,Software,149.00,2022
4270,2022-02-14,"Delta Airlines",Travel,2161.95,2022
4269,2022-02-14,HubSpot,Marketing,693.35,2022
4271,2022-02-14,Marriott,Travel,NULL,2022
4268,2022-02-14,Stripe,Software,59.00,2022
4274,2022-02-15,Asana,Software,73.36,2022
4272,2022-02-15,"LinkedIn Ads",Marketing,684.70,2022
4273,2022-02-15,Mailchimp,Marketing,299.00,2022
4279,2022-02-16,"American Airlines",Travel,NULL,2022
4278,2022-02-16,DHL,Shipping,NULL,2022
4275,2022-02-16,"LinkedIn Ads",Marketing,NULL,2022
4277,2022-02-16,Salesforce,Software,800.00,2022
4280,2022-02-16,Slack,Software,87.00,2022
4276,2022-02-16,Zoom,Software,149.00,2022
4284,2022-02-17,FedEx,Shipping,114.11,2022
4283,2022-02-17,FedEx,Shipping,155.00,2022
4282,2022-02-17,"LinkedIn Ads",Marketing,1839.56,2022
4281,2022-02-17,Notion,Software,16.00,2022
4285,2022-02-17,Stripe,Software,NULL,2022
4291,2022-02-18,Dropbox,Software,NULL,2022
4289,2022-02-18,HubSpot,Marketing,583.00,2022
4292,2022-02-18,Marriott,Travel,451.59,2022
4293,2022-02-18,Notion,Software,16.00,2022
4290,2022-02-18,"Office Depot","Office Supplies",473.30,2022
4288,2022-02-18,Uber,Travel,86.00,2022
4287,2022-02-18,Uber,Travel,237.67,2022
4296,2022-02-19,"American Airlines",Travel,NULL,2022
4298,2022-02-19,AWS,Software,1641.14,2022
4301,2022-02-19,Expensify,Software,50.00,2022
4300,2022-02-19,"LinkedIn Ads",Marketing,772.00,2022
4295,2022-02-19,"LinkedIn Ads",Marketing,1179.40,2022
4297,2022-02-19,Microsoft,Software,276.00,2022
4299,2022-02-19,Slack,Software,NULL,2022
4294,2022-02-19,Uber,Travel,155.13,2022
4302,2022-02-20,Amazon,"Office Supplies",488.00,2022
4304,2022-02-20,Asana,Software,58.20,2022
4303,2022-02-20,"Delta Airlines",Travel,2499.47,2022
4305,2022-02-20,Stripe,Software,59.00,2022
4306,2022-02-20,Zoom,Software,149.00,2022
4309,2022-02-21,Salesforce,Software,NULL,2022
4310,2022-02-21,Slack,Software,87.00,2022
4308,2022-02-21,Stripe,Software,59.00,2022
4313,2022-02-22,"American Airlines",Travel,1776.00,2022
4312,2022-02-22,Notion,Software,16.00,2022
4311,2022-02-22,Stripe,Software,59.00,2022
4314,2022-02-23,Amazon,"Office Supplies",698.59,2022
4316,2022-02-23,Asana,Software,65.00,2022
4318,2022-02-23,Asana,Software,67.04,2022
4320,2022-02-23,DHL,Shipping,52.00,2022
4319,2022-02-23,QuickBooks,Software,58.50,2022
4317,2022-02-23,QuickBooks,Software,157.90,2022
4315,2022-02-23,Salesforce,Software,NULL,2022
4323,2022-02-24,AWS,Software,2940.89,2022
4322,2022-02-24,"Delta Airlines",Travel,1366.90,2022
4321,2022-02-24,"LinkedIn Ads",Marketing,1862.11,2022
4328,2022-02-25,Amazon,"Office Supplies",NULL,2022
4326,2022-02-25,Expensify,Software,NULL,2022
4324,2022-02-25,"LinkedIn Ads",Marketing,774.00,2022
4325,2022-02-25,Notion,Software,NULL,2022
4327,2022-02-25,Stripe,Software,59.00,2022
4334,2022-02-26,Amazon,"Office Supplies",1488.00,2022
4330,2022-02-26,DHL,Shipping,NULL,2022
4335,2022-02-26,DHL,Shipping,139.35,2022
4329,2022-02-26,"Google Ads",Marketing,1085.37,2022
4332,2022-02-26,WeWork,Rent,3200.00,2022
4333,2022-02-26,Zoom,Software,NULL,2022
4339,2022-02-27,Dropbox,Software,18.74,2022
4338,2022-02-27,Dropbox,Software,20.10,2022
4337,2022-02-27,"Google Ads",Marketing,2846.00,2022
4342,2022-02-27,"Google Ads",Marketing,3073.72,2022
4341,2022-02-27,"LinkedIn Ads",Marketing,1211.46,2022
4336,2022-02-27,Staples,"Office Supplies",362.96,2022
4340,2022-02-27,Uber,Travel,249.20,2022
4343,2022-02-28,Asana,Software,58.23,2022
4347,2022-02-28,DHL,Shipping,167.00,2022
4346,2022-02-28,Expensify,Software,50.00,2022
4344,2022-02-28,"Google Ads",Marketing,2179.00,2022
4345,2022-02-28,"Google Ads",Marketing,2419.73,2022
4348,2022-03-01,"American Airlines",Travel,530.16,2022
4351,2022-03-01,AWS,Software,1563.76,2022
4350,2022-03-01,AWS,Software,4518.02,2022
4349,2022-03-01,Notion,Software,16.00,2022
4354,2022-03-02,"Google Ads",Marketing,NULL,2022
4355,2022-03-02,"LinkedIn Ads",Marketing,1553.00,2022
4352,2022-03-02,Marriott,Travel,NULL,2022
4353,2022-03-02,Notion,Software,16.00,2022
4356,2022-03-02,Staples,"Office Supplies",241.40,2022
4358,2022-03-03,Expensify,Software,50.00,2022
4359,2022-03-03,Staples,"Office Supplies",99.00,2022
4357,2022-03-03,Stripe,Software,59.00,2022
4363,2022-03-04,Asana,Software,32.00,2022
4365,2022-03-04,Asana,Software,70.30,2022
4361,2022-03-04,HubSpot,Marketing,NULL,2022
4362,2022-03-04,"Office Depot","Office Supplies",134.34,2022
4360,2022-03-04,"Office Depot","Office Supplies",144.00,2022
4364,2022-03-04,Staples,"Office Supplies",217.80,2022
4366,2022-03-04,WeWork,Rent,3200.00,2022
4369,2022-03-05,AWS,Software,3654.00,2022
4368,2022-03-05,"Delta Airlines",Travel,NULL,2022
4373,2022-03-05,FedEx,Shipping,275.00,2022
4370,2022-03-05,"Google Ads",Marketing,NULL,2022
4372,2022-03-05,"Office Depot","Office Supplies",NULL,2022
4367,2022-03-05,"Office Depot","Office Supplies",497.28,2022
4371,2022-03-05,Salesforce,Software,NULL,2022
4379,2022-03-06,HubSpot,Marketing,832.83,2022
4378,2022-03-06,"Office Depot","Office Supplies",272.42,2022
4375,2022-03-06,Salesforce,Software,800.00,2022
4376,2022-03-06,Stripe,Software,59.00,2022
4377,2022-03-06,WeWork,Rent,3200.00,2022
4374,2022-03-06,Zoom,Software,149.00,2022
4385,2022-03-07,"American Airlines",Travel,2930.70,2022
4384,2022-03-07,Asana,Software,76.42,2022
4380,2022-03-07,Expensify,Software,50.00,2022
4382,2022-03-07,Mailchimp,Marketing,299.00,2022
4383,2022-03-07,QuickBooks,Software,99.00,2022
4381,2022-03-07,WeWork,Rent,3200.00,2022
4388,2022-03-08,DHL,Shipping,36.09,2022
4386,2022-03-08,Dropbox,Software,18.81,2022
4390,2022-03-08,FedEx,Shipping,104.06,2022
4389,2022-03-08,Marriott,Travel,419.60,2022
4387,2022-03-08,Salesforce,Software,800.00,2022
4395,2022-03-09,Asana,Software,33.91,2022
4393,2022-03-09,"Delta Airlines",Travel,1226.75,2022
4392,2022-03-09,Marriott,Travel,177.80,2022
4391,2022-03-09,Slack,Software,NULL,2022
4394,2022-03-09,Slack,Software,87.00,2022
4396,2022-03-10,Asana,Software,75.92,2022
4397,2022-03-10,Microsoft,Software,335.62,2022
4398,2022-03-10,Uber,Travel,109.20,2022
4400,2022-03-11,"LinkedIn Ads",Marketing,NULL,2022
4406,2022-03-11,"LinkedIn Ads",Marketing,696.00,2022
4405,2022-03-11,Mailchimp,Marketing,299.00,2022
4402,2022-03-11,Microsoft,Software,260.20,2022
4404,2022-03-11,Notion,Software,16.00,2022
4403,2022-03-11,"Office Depot","Office Supplies",238.26,2022
4399,2022-03-11,Stripe,Software,59.00,2022
4411,2022-03-12,"LinkedIn Ads",Marketing,740.40,2022
4410,2022-03-12,Mailchimp,Marketing,NULL,2022
4408,2022-03-12,"Office Depot","Office Supplies",226.80,2022
4409,2022-03-12,Slack,Software,87.00,2022
4407,2022-03-12,Staples,"Office Supplies",356.56,2022
4413,2022-03-13,"LinkedIn Ads",Marketing,1946.50,2022
4412,2022-03-13,Microsoft,Software,213.40,2022
4414,2022-03-13,Microsoft,Software,290.43,2022
4415,2022-03-13,Staples,"Office Supplies",NULL,2022
4418,2022-03-14,Amazon,"Office Supplies",1544.94,2022
4420,2022-03-14,AWS,Software,3612.64,2022
4421,2022-03-14,"Delta Airlines",Travel,2224.00,2022
4422,2022-03-14,Expensify,Software,50.00,2022
4417,2022-03-14,HubSpot,Marketing,1037.51,2022
4416,2022-03-14,Slack,Software,87.00,2022
4424,2022-03-15,QuickBooks,Software,NULL,2022
4427,2022-03-15,Salesforce,Software,800.00,2022
4425,2022-03-15,Slack,Software,NULL,2022
4426,2022-03-15,Stripe,Software,59.00,2022
4431,2022-03-16,Dropbox,Software,18.00,2022
4429,2022-03-16,FedEx,Shipping,295.68,2022
4430,2022-03-16,Microsoft,Software,194.77,2022
4433,2022-03-16,Microsoft,Software,378.50,2022
4434,2022-03-16,Salesforce,Software,800.00,2022
4432,2022-03-16,Uber,Travel,38.00,2022
4428,2022-03-16,Uber,Travel,154.53,2022
4437,2022-03-17,DHL,Shipping,236.52,2022
4436,2022-03-17,Microsoft,Software,419.40,2022
4435,2022-03-17,Zoom,Software,149.00,2022
4440,2022-03-18,AWS,Software,1014.70,2022
4441,2022-03-18,DHL,Shipping,NULL,2022
4438,2022-03-18,Expensify,Software,50.00,2022
4442,2022-03-18,FedEx,Shipping,225.70,2022
4439,2022-03-18,Mailchimp,Marketing,299.00,2022
4443,2022-03-18,WeWork,Rent,3200.00,2022
4446,2022-03-19,Salesforce,Software,800.00,2022
4445,2022-03-19,Staples,"Office Supplies",263.11,2022
4444,2022-03-19,Stripe,Software,59.00,2022
4447,2022-03-20,Asana,Software,92.57,2022
4450,2022-03-20,AWS,Software,2624.75,2022
4449,2022-03-20,Dropbox,Software,15.70,2022
4451,2022-03-20,"LinkedIn Ads",Marketing,1018.00,2022
4448,2022-03-20,Microsoft,Software,154.14,2022
4454,2022-03-21,"American Airlines",Travel,384.68,2022
4452,2022-03-21,DHL,Shipping,240.00,2022
4455,2022-03-21,Expensify,Software,50.00,2022
4456,2022-03-21,QuickBooks,Software,139.00,2022
4453,2022-03-21,Uber,Travel,252.00,2022
4459,2022-03-22,Asana,Software,69.75,2022
4458,2022-03-22,Dropbox,Software,20.10,2022
4460,2022-03-22,"Office Depot","Office Supplies",NULL,2022
4457,2022-03-22,QuickBooks,Software,127.50,2022
4464,2022-03-23,"American Airlines",Travel,907.37,2022
4466,2022-03-23,Dropbox,Software,17.35,2022
4465,2022-03-23,HubSpot,Marketing,918.96,2022
4461,2022-03-23,Notion,Software,16.00,2022
4463,2022-03-23,Staples,"Office Supplies",131.40,2022
4462,2022-03-23,Stripe,Software,59.00,2022
4468,2022-03-24,Amazon,"Office Supplies",844.60,2022
4470,2022-03-24,"American Airlines",Travel,1818.61,2022
4469,2022-03-24,"Google Ads",Marketing,2196.12,2022
4467,2022-03-24,Slack,Software,87.00,2022
4473,2022-03-25,"American Airlines",Travel,1661.70,2022
4472,2022-03-25,Mailchimp,Marketing,NULL,2022
4471,2022-03-25,Slack,Software,NULL,2022
4476,2022-03-26,"American Airlines",Travel,NULL,2022
4475,2022-03-26,Asana,Software,77.00,2022
4482,2022-03-26,"Delta Airlines",Travel,992.00,2022
4478,2022-03-26,Microsoft,Software,171.00,2022
4477,2022-03-26,Microsoft,Software,216.27,2022
4480,2022-03-26,Notion,Software,NULL,2022
4479,2022-03-26,Salesforce,Software,800.00,2022
4481,2022-03-26,Stripe,Software,59.00,2022
4485,2022-03-27,Amazon,"Office Supplies",803.00,2022
4484,2022-03-27,Expensify,Software,50.00,2022
4488,2022-03-27,"LinkedIn Ads",Marketing,1958.70,2022
4486,2022-03-27,Marriott,Travel,414.75,2022
4487,2022-03-27,Salesforce,Software,800.00,2022
4483,2022-03-27,Slack,Software,87.00,2022
4490,2022-03-27,Staples,"Office Supplies",370.65,2022
4489,2022-03-27,Stripe,Software,NULL,2022
4495,2022-03-28,Amazon,"Office Supplies",797.84,2022
4498,2022-03-28,"Google Ads",Marketing,1848.72,2022
4496,2022-03-28,"LinkedIn Ads",Marketing,1129.54,2022
4492,2022-03-28,Microsoft,Software,150.00,2022
4494,2022-03-28,"Office Depot","Office Supplies",NULL,2022
4493,2022-03-28,Slack,Software,87.00,2022
4497,2022-03-28,Staples,"Office Supplies",237.00,2022
4491,2022-03-28,WeWork,Rent,3200.00,2022
4505,2022-03-29,"American Airlines",Travel,2339.20,2022
4501,2022-03-29,Asana,Software,NULL,2022
4500,2022-03-29,AWS,Software,2739.90,2022
4499,2022-03-29,Mailchimp,Marketing,299.00,2022
4502,2022-03-29,Notion,Software,16.00,2022
4504,2022-03-29,Zoom,Software,NULL,2022
4506,2022-03-30,Amazon,"Office Supplies",NULL,2022
4507,2022-03-30,Amazon,"Office Supplies",1546.00,2022
4511,2022-03-30,DHL,Shipping,193.30,2022
4510,2022-03-30,Expensify,Software,50.00,2022
4509,2022-03-30,Salesforce,Software,800.00,2022
4508,2022-03-30,Zoom,Software,149.00,2022
4515,2022-03-31,Asana,Software,96.01,2022
4516,2022-03-31,Expensify,Software,50.00,2022
4512,2022-03-31,"Google Ads",Marketing,NULL,2022
4517,2022-03-31,Marriott,Travel,479.14,2022
4513,2022-03-31,QuickBooks,Software,121.70,2022
4518,2022-03-31,Slack,Software,87.00,2022
4514,2022-03-31,Zoom,Software,149.00,2022
4522,2022-04-01,Amazon,"Office Supplies",NULL,2022
4519,2022-04-01,AWS,Software,NULL,2022
4520,2022-04-01,"Office Depot","Office Supplies",NULL,2022
4523,2022-04-01,Uber,Travel,47.00,2022
4521,2022-04-01,Zoom,Software,149.00,2022
4526,2022-04-02,Dropbox,Software,16.00,2022
4529,2022-04-02,"Google Ads",Marketing,2659.89,2022
4527,2022-04-02,Marriott,Travel,548.47,2022
4524,2022-04-02,Stripe,Software,59.00,2022
4528,2022-04-02,WeWork,Rent,3200.00,2022
4525,2022-04-02,Zoom,Software,149.00,2022
4532,2022-04-03,FedEx,Shipping,285.17,2022
4531,2022-04-03,"Office Depot","Office Supplies",205.38,2022
4530,2022-04-03,Zoom,Software,NULL,2022
4535,2022-04-04,DHL,Shipping,44.39,2022
4534,2022-04-04,Expensify,Software,NULL,2022
4533,2022-04-04,Slack,Software,87.00,2022
4540,2022-04-05,"American Airlines",Travel,2523.00,2022
4539,2022-04-05,DHL,Shipping,28.00,2022
4541,2022-04-05,HubSpot,Marketing,969.10,2022
4543,2022-04-05,"LinkedIn Ads",Marketing,1389.70,2022
4542,2022-04-05,QuickBooks,Software,68.30,2022
4538,2022-04-05,Uber,Travel,154.00,2022
4536,2022-04-05,Uber,Travel,230.80,2022
4537,2022-04-05,Uber,Travel,251.62,2022
4546,2022-04-06,Asana,Software,85.51,2022
4547,2022-04-06,AWS,Software,1170.49,2022
4548,2022-04-06,"Delta Airlines",Travel,2283.73,2022
4545,2022-04-06,"Office Depot","Office Supplies",84.32,2022
4544,2022-04-06,Zoom,Software,149.00,2022
4551,2022-04-07,"Delta Airlines",Travel,2435.00,2022
4550,2022-04-07,Mailchimp,Marketing,NULL,2022
4549,2022-04-07,Stripe,Software,59.00,2022
4556,2022-04-08,"American Airlines",Travel,2990.08,2022
4557,2022-04-08,HubSpot,Marketing,642.91,2022
4553,2022-04-08,Salesforce,Software,800.00,2022
4554,2022-04-08,Staples,"Office Supplies",351.70,2022
4552,2022-04-08,Stripe,Software,59.00,2022
4555,2022-04-08,Uber,Travel,231.24,2022
4560,2022-04-09,Expensify,Software,50.00,2022
4561,2022-04-09,FedEx,Shipping,156.74,2022
4562,2022-04-09,FedEx,Shipping,289.84,2022
4559,2022-04-09,HubSpot,Marketing,437.90,2022
4563,2022-04-09,Marriott,Travel,521.00,2022
4558,2022-04-09,QuickBooks,Software,175.98,2022
4568,2022-04-10,Asana,Software,NULL,2022
4567,2022-04-10,Expensify,Software,50.00,2022
4566,2022-04-10,Mailchimp,Marketing,NULL,2022
4565,2022-04-10,Marriott,Travel,162.40,2022
4564,2022-04-10,Slack,Software,87.00,2022
4569,2022-04-11,"American Airlines",Travel,2838.80,2022
4573,2022-04-11,DHL,Shipping,NULL,2022
4570,2022-04-11,DHL,Shipping,183.11,2022
4572,2022-04-11,Salesforce,Software,800.00,2022
4571,2022-04-11,Staples,"Office Supplies",300.98,2022
4581,2022-04-12,Expensify,Software,NULL,2022
4578,2022-04-12,Expensify,Software,50.00,2022
4577,2022-04-12,FedEx,Shipping,291.00,2022
4580,2022-04-12,Slack,Software,87.00,2022
4575,2022-04-12,Uber,Travel,32.86,2022
4576,2022-04-12,WeWork,Rent,3200.00,2022
4574,2022-04-12,Zoom,Software,149.00,2022
4584,2022-04-13,Amazon,"Office Supplies",1966.88,2022
4583,2022-04-13,Mailchimp,Marketing,299.00,2022
4582,2022-04-13,Marriott,Travel,415.45,2022
4585,2022-04-13,Microsoft,Software,NULL,2022
4586,2022-04-13,Notion,Software,16.00,2022
4587,2022-04-13,Uber,Travel,267.00,2022
4588,2022-04-13,WeWork,Rent,3200.00,2022
4591,2022-04-14,DHL,Shipping,152.00,2022
4590,2022-04-14,FedEx,Shipping,129.00,2022
4593,2022-04-14,Notion,Software,NULL,2022
4592,2022-04-14,Staples,"Office Supplies",NULL,2022
4594,2022-04-14,Staples,"Office Supplies",249.92,2022
4596,2022-04-14,Stripe,Software,59.00,2022
4595,2022-04-14,WeWork,Rent,3200.00,2022
4600,2022-04-15,Amazon,"Office Supplies",105.30,2022
4602,2022-04-15,Amazon,"Office Supplies",514.14,2022
4598,2022-04-15,DHL,Shipping,68.00,2022
4597,2022-04-15,Dropbox,Software,17.67,2022
4599,2022-04-15,Notion,Software,16.00,2022
4601,2022-04-15,"Office Depot","Office Supplies",428.00,2022
4603,2022-04-16,AWS,Software,1220.00,2022
4605,2022-04-16,Expensify,Software,50.00,2022
4604,2022-04-16,Zoom,Software,149.00,2022
4613,2022-04-17,Asana,Software,94.00,2022
4611,2022-04-17,Dropbox,Software,NULL,2022
4610,2022-04-17,FedEx,Shipping,103.50,2022
4606,2022-04-17,"Google Ads",Marketing,2586.03,2022
4607,2022-04-17,Mailchimp,Marketing,299.00,2022
4609,2022-04-17,QuickBooks,Software,166.35,2022
4612,2022-04-17,WeWork,Rent,3200.00,2022
4619,2022-04-18,Amazon,"Office Supplies",1781.00,2022
4616,2022-04-18,"Google Ads",Marketing,2402.20,2022
4618,2022-04-18,Mailchimp,Marketing,299.00,2022
4617,2022-04-18,Microsoft,Software,NULL,2022
4614,2022-04-18,Salesforce,Software,800.00,2022
4621,2022-04-19,Amazon,"Office Supplies",1420.30,2022
4624,2022-04-19,"Delta Airlines",Travel,1249.19,2022
4620,2022-04-19,Dropbox,Software,16.90,2022
4623,2022-04-19,Mailchimp,Marketing,299.00,2022
4622,2022-04-19,Slack,Software,87.00,2022
4631,2022-04-20,"American Airlines",Travel,2923.87,2022
4625,2022-04-20,Asana,Software,80.00,2022
4629,2022-04-20,"Delta Airlines",Travel,1478.17,2022
4626,2022-04-20,Dropbox,Software,22.90,2022
4628,2022-04-20,"LinkedIn Ads",Marketing,NULL,2022
4627,2022-04-20,Marriott,Travel,151.92,2022
4630,2022-04-20,Marriott,Travel,414.80,2022
4632,2022-04-20,Staples,"Office Supplies",NULL,2022
4636,2022-04-21,Dropbox,Software,17.00,2022
4635,2022-04-21,Dropbox,Software,24.09,2022
4633,2022-04-21,Mailchimp,Marketing,299.00,2022
4637,2022-04-21,Uber,Travel,207.49,2022
4634,2022-04-21,WeWork,Rent,3200.00,2022
4641,2022-04-22,DHL,Shipping,NULL,2022
4639,2022-04-22,"Google Ads",Marketing,2288.24,2022
4638,2022-04-22,Marriott,Travel,489.30,2022
4640,2022-04-22,QuickBooks,Software,170.46,2022
4646,2022-04-23,DHL,Shipping,53.47,2022
4643,2022-04-23,Marriott,Travel,209.26,2022
4645,2022-04-23,Notion,Software,16.00,2022
4642,2022-04-23,Stripe,Software,59.00,2022
4644,2022-04-23,WeWork,Rent,3200.00,2022
4648,2022-04-24,"American Airlines",Travel,2148.46,2022
4650,2022-04-24,"American Airlines",Travel,2652.27,2022
4647,2022-04-24,Uber,Travel,201.00,2022
4649,2022-04-24,Zoom,Software,149.00,2022
4653,2022-04-25,"Delta Airlines",Travel,306.35,2022
4651,2022-04-25,"Office Depot","Office Supplies",386.90,2022
4652,2022-04-25,Salesforce,Software,800.00,2022
4654,2022-04-26,"American Airlines",Travel,2420.50,2022
4656,2022-04-26,Asana,Software,67.61,2022
4657,2022-04-26,DHL,Shipping,30.16,2022
4655,2022-04-26,Expensify,Software,50.00,2022
4658,2022-04-26,"LinkedIn Ads",Marketing,1523.95,2022
4661,2022-04-27,Amazon,"Office Supplies",600.00,2022
4664,2022-04-27,"LinkedIn Ads",Marketing,1230.00,2022
4659,2022-04-27,Microsoft,Software,282.34,2022
4660,2022-04-27,Notion,Software,16.00,2022
4662,2022-04-27,WeWork,Rent,3200.00,2022
4669,2022-04-28,FedEx,Shipping,55.00,2022
4665,2022-04-28,HubSpot,Marketing,1107.80,2022
4670,2022-04-28,Microsoft,Software,379.60,2022
4667,2022-04-28,Staples,"Office Supplies",131.85,2022
4666,2022-04-28,Staples,"Office Supplies",211.18,2022
4668,2022-04-28,WeWork,Rent,3200.00,2022
4672,2022-04-29,"American Airlines",Travel,829.22,2022
4674,2022-04-29,"Delta Airlines",Travel,584.85,2022
4671,2022-04-29,"Delta Airlines",Travel,1806.69,2022
4675,2022-04-29,"LinkedIn Ads",Marketing,NULL,2022
4673,2022-04-29,Microsoft,Software,376.50,2022
4676,2022-04-29,Zoom,Software,149.00,2022
4680,2022-04-30,Asana,Software,96.50,2022
4682,2022-04-30,DHL,Shipping,160.00,2022
4679,2022-04-30,Dropbox,Software,21.40,2022
4683,2022-04-30,Mailchimp,Marketing,299.00,2022
4677,2022-04-30,Salesforce,Software,800.00,2022
4678,2022-04-30,Stripe,Software,NULL,2022
4681,2022-04-30,Zoom,Software,149.00,2022
4688,2022-05-01,"American Airlines",Travel,2536.50,2022
4690,2022-05-01,FedEx,Shipping,264.50,2022
4685,2022-05-01,"Google Ads",Marketing,3200.00,2022
4686,2022-05-01,HubSpot,Marketing,588.68,2022
4689,2022-05-01,Staples,"Office Supplies",59.00,2022
4687,2022-05-01,Uber,Travel,248.41,2022
4694,2022-05-02,"Delta Airlines",Travel,1093.00,2022
4693,2022-05-02,Marriott,Travel,497.00,2022
4691,2022-05-02,Notion,Software,16.00,2022
4692,2022-05-02,Staples,"Office Supplies",255.00,2022
4696,2022-05-02,Staples,"Office Supplies",375.90,2022
4697,2022-05-02,WeWork,Rent,3200.00,2022
4699,2022-05-03,"American Airlines",Travel,2743.00,2022
4701,2022-05-03,Asana,Software,39.00,2022
4700,2022-05-03,Dropbox,Software,15.90,2022
4704,2022-05-03,Expensify,Software,50.00,2022
4705,2022-05-03,FedEx,Shipping,242.00,2022
4703,2022-05-03,"Google Ads",Marketing,1104.67,2022
4702,2022-05-03,Notion,Software,16.00,2022
4710,2022-05-04,"Delta Airlines",Travel,NULL,2022
4706,2022-05-04,"Google Ads",Marketing,1838.00,2022
4708,2022-05-04,Mailchimp,Marketing,299.00,2022
4709,2022-05-04,Slack,Software,87.00,2022
4707,2022-05-04,Uber,Travel,299.38,2022
4712,2022-05-05,DHL,Shipping,NULL,2022
4713,2022-05-05,DHL,Shipping,189.00,2022
4714,2022-05-05,"Google Ads",Marketing,1183.00,2022
4711,2022-05-05,Mailchimp,Marketing,299.00,2022
4715,2022-05-05,Marriott,Travel,NULL,2022
4716,2022-05-05,Stripe,Software,59.00,2022
4722,2022-05-06,Expensify,Software,50.00,2022
4717,2022-05-06,"Google Ads",Marketing,1969.00,2022
4720,2022-05-06,QuickBooks,Software,171.40,2022
4721,2022-05-06,Salesforce,Software,800.00,2022
4723,2022-05-06,Staples,"Office Supplies",288.69,2022
4718,2022-05-06,Stripe,Software,59.00,2022
4719,2022-05-06,Uber,Travel,60.36,2022
4727,2022-05-07,Amazon,"Office Supplies",1862.39,2022
4730,2022-05-07,Expensify,Software,50.00,2022
4731,2022-05-07,"LinkedIn Ads",Marketing,539.70,2022
4729,2022-05-07,Marriott,Travel,207.00,2022
4732,2022-05-07,"Office Depot","Office Supplies",461.68,2022
4728,2022-05-07,Uber,Travel,36.84,2022
4725,2022-05-07,Uber,Travel,279.00,2022
4726,2022-05-07,Zoom,Software,149.00,2022
4736,2022-05-08,Asana,Software,75.10,2022
4738,2022-05-08,DHL,Shipping,178.65,2022
4735,2022-05-08,Dropbox,Software,22.76,2022
4733,2022-05-08,"Google Ads",Marketing,3252.77,2022
4737,2022-05-08,Mailchimp,Marketing,299.00,2022
4734,2022-05-08,Staples,"Office Supplies",267.85,2022
4741,2022-05-09,Amazon,"Office Supplies",645.93,2022
4742,2022-05-09,FedEx,Shipping,98.60,2022
4740,2022-05-09,Mailchimp,Marketing,299.00,2022
4739,2022-05-09,Zoom,Software,149.00,2022
4743,2022-05-10,Dropbox,Software,NULL,2022
4745,2022-05-10,Uber,Travel,168.10,2022
4744,2022-05-10,WeWork,Rent,3200.00,2022
4746,2022-05-11,"Office Depot","Office Supplies",267.66,2022
4747,2022-05-11,Staples,"Office Supplies",NULL,2022
4748,2022-05-11,Zoom,Software,149.00,2022
4755,2022-05-12,"American Airlines",Travel,1623.00,2022
4751,2022-05-12,"American Airlines",Travel,2333.00,2022
4754,2022-05-12,"American Airlines",Travel,2950.92,2022
4750,2022-05-12,AWS,Software,3397.90,2022
4749,2022-05-12,DHL,Shipping,151.05,2022
4753,2022-05-12,"Office Depot","Office Supplies",153.45,2022
4752,2022-05-12,"Office Depot","Office Supplies",219.20,2022
4757,2022-05-13,"American Airlines",Travel,2483.92,2022
4760,2022-05-13,"Delta Airlines",Travel,NULL,2022
4758,2022-05-13,"Google Ads",Marketing,2782.48,2022
4759,2022-05-13,Staples,"Office Supplies",114.00,2022
4756,2022-05-13,Zoom,Software,149.00,2022
4761,2022-05-14,QuickBooks,Software,152.75,2022
4764,2022-05-14,Slack,Software,NULL,2022
4763,2022-05-14,Stripe,Software,59.00,2022
4762,2022-05-14,WeWork,Rent,NULL,2022
4768,2022-05-15,Dropbox,Software,22.85,2022
4765,2022-05-15,Mailchimp,Marketing,299.00,2022
4769,2022-05-15,Notion,Software,16.00,2022
4766,2022-05-15,QuickBooks,Software,123.02,2022
4772,2022-05-16,"Google Ads",Marketing,3329.00,2022
4775,2022-05-16,Salesforce,Software,NULL,2022
4771,2022-05-16,Uber,Travel,127.61,2022
4770,2022-05-16,WeWork,Rent,3200.00,2022
4778,2022-05-17,"Google Ads",Marketing,962.53,2022
4776,2022-05-17,Notion,Software,16.00,2022
4779,2022-05-18,Stripe,Software,59.00,2022
4780,2022-05-18,WeWork,Rent,3200.00,2022
4781,2022-05-18,Zoom,Software,NULL,2022
4783,2022-05-19,Asana,Software,58.20,2022
4782,2022-05-19,"Delta Airlines",Travel,1557.50,2022
4784,2022-05-19,Staples,"Office Supplies",62.70,2022
4788,2022-05-20,Expensify,Software,50.00,2022
4786,2022-05-20,Mailchimp,Marketing,299.00,2022
4785,2022-05-20,WeWork,Rent,3200.00,2022
4787,2022-05-20,Zoom,Software,149.00,2022
4791,2022-05-21,"Delta Airlines",Travel,NULL,2022
4793,2022-05-21,"Google Ads",Marketing,1429.57,2022
4789,2022-05-21,HubSpot,Marketing,736.29,2022
4796,2022-05-21,Microsoft,Software,347.00,2022
4795,2022-05-21,"Office Depot","Office Supplies",194.00,2022
4790,2022-05-21,QuickBooks,Software,139.00,2022
4794,2022-05-21,Slack,Software,87.00,2022
4792,2022-05-21,Staples,"Office Supplies",165.00,2022
4797,2022-05-22,Amazon,"Office Supplies",NULL,2022
4799,2022-05-22,AWS,Software,2124.40,2022
4801,2022-05-22,"Delta Airlines",Travel,1148.45,2022
4798,2022-05-22,HubSpot,Marketing,771.40,2022
4800,2022-05-22,Microsoft,Software,NULL,2022
4802,2022-05-22,Stripe,Software,NULL,2022
4806,2022-05-23,Expensify,Software,50.00,2022
4803,2022-05-23,FedEx,Shipping,121.83,2022
4805,2022-05-23,Notion,Software,16.00,2022
4804,2022-05-23,Uber,Travel,188.00,2022
4809,2022-05-24,"Google Ads",Marketing,NULL,2022
4810,2022-05-24,"Google Ads",Marketing,2049.20,2022
4807,2022-05-24,Notion,Software,16.00,2022
4808,2022-05-24,Uber,Travel,217.57,2022
4813,2022-05-25,Asana,Software,57.50,2022
4814,2022-05-25,DHL,Shipping,122.00,2022
4812,2022-05-25,Dropbox,Software,21.00,2022
4811,2022-05-25,Mailchimp,Marketing,299.00,2022
4815,2022-05-25,"Office Depot","Office Supplies",153.00,2022
4820,2022-05-26,"LinkedIn Ads",Marketing,895.69,2022
4816,2022-05-26,Mailchimp,Marketing,299.00,2022
4817,2022-05-26,Microsoft,Software,364.20,2022
4823,2022-05-26,Notion,Software,16.00,2022
4818,2022-05-26,"Office Depot","Office Supplies",315.00,2022
4819,2022-05-26,Stripe,Software,59.00,2022
4821,2022-05-26,Zoom,Software,149.00,2022
4824,2022-05-27,Mailchimp,Marketing,299.00,2022
4826,2022-05-27,"Office Depot","Office Supplies",50.00,2022
4825,2022-05-27,Zoom,Software,149.00,2022
4827,2022-05-28,Microsoft,Software,370.00,2022
4830,2022-05-28,Notion,Software,16.00,2022
4828,2022-05-28,Salesforce,Software,800.00,2022
4829,2022-05-28,Uber,Travel,NULL,2022
4831,2022-05-29,Marriott,Travel,424.92,2022
4834,2022-05-29,Salesforce,Software,800.00,2022
4832,2022-05-29,Zoom,Software,149.00,2022
4836,2022-05-30,Amazon,"Office Supplies",1155.22,2022
4838,2022-05-30,"American Airlines",Travel,1209.00,2022
4837,2022-05-30,Notion,Software,16.00,2022
4835,2022-05-30,Salesforce,Software,800.00,2022
4841,2022-05-31,"Delta Airlines",Travel,952.60,2022
4846,2022-05-31,Dropbox,Software,22.40,2022
4842,2022-05-31,"Google Ads",Marketing,3318.53,2022
4840,2022-05-31,Mailchimp,Marketing,299.00,2022
4845,2022-05-31,Microsoft,Software,231.20,2022
4839,2022-05-31,Salesforce,Software,800.00,2022
4844,2022-05-31,Stripe,Software,59.00,2022
4847,2022-06-01,Amazon,"Office Supplies",162.00,2022
4848,2022-06-01,"American Airlines",Travel,2181.00,2022
4852,2022-06-01,"Delta Airlines",Travel,2485.00,2022
4851,2022-06-01,Expensify,Software,NULL,2022
4850,2022-06-01,QuickBooks,Software,61.70,2022
4849,2022-06-01,Staples,"Office Supplies",313.64,2022
4853,2022-06-01,Uber,Travel,71.00,2022
4854,2022-06-02,"Google Ads",Marketing,1237.00,2022
4855,2022-06-02,"LinkedIn Ads",Marketing,1086.00,2022
4856,2022-06-02,Marriott,Travel,542.46,2022
4858,2022-06-03,Amazon,"Office Supplies",359.00,2022
4857,2022-06-03,"Delta Airlines",Travel,593.65,2022
4860,2022-06-03,Mailchimp,Marketing,299.00,2022
4859,2022-06-03,Notion,Software,16.00,2022
4861,2022-06-04,Expensify,Software,50.00,2022
4865,2022-06-04,"Google Ads",Marketing,1550.58,2022
4863,2022-06-04,"LinkedIn Ads",Marketing,712.00,2022
4864,2022-06-04,"Office Depot","Office Supplies",412.50,2022
4866,2022-06-04,WeWork,Rent,3200.00,2022
4872,2022-06-05,DHL,Shipping,204.00,2022
4868,2022-06-05,"Google Ads",Marketing,1434.47,2022
4867,2022-06-05,Notion,Software,16.00,2022
4874,2022-06-05,Stripe,Software,59.00,2022
4869,2022-06-05,Uber,Travel,64.31,2022
4873,2022-06-05,Uber,Travel,148.60,2022
4871,2022-06-05,WeWork,Rent,3200.00,2022
4880,2022-06-06,"Google Ads",Marketing,1219.00,2022
4878,2022-06-06,HubSpot,Marketing,1097.90,2022
4876,2022-06-06,"LinkedIn Ads",Marketing,658.81,2022
4879,2022-06-06,QuickBooks,Software,69.28,2022
4875,2022-06-06,QuickBooks,Software,132.00,2022
4877,2022-06-06,Stripe,Software,59.00,2022
4883,2022-06-07,AWS,Software,1395.70,2022
4882,2022-06-07,Dropbox,Software,22.25,2022
4884,2022-06-07,"Google Ads",Marketing,NULL,2022
4886,2022-06-07,Mailchimp,Marketing,299.00,2022
4885,2022-06-07,Slack,Software,87.00,2022
4881,2022-06-07,Staples,"Office Supplies",315.00,2022
4890,2022-06-08,Asana,Software,NULL,2022
4887,2022-06-08,Asana,Software,33.50,2022
4891,2022-06-08,Asana,Software,47.00,2022
4888,2022-06-08,Expensify,Software,50.00,2022
4892,2022-06-08,Marriott,Travel,548.60,2022
4889,2022-06-08,Microsoft,Software,392.76,2022
4893,2022-06-08,Slack,Software,87.00,2022
4894,2022-06-08,Staples,"Office Supplies",311.90,2022
4898,2022-06-09,"Delta Airlines",Travel,2299.30,2022
4897,2022-06-09,DHL,Shipping,207.40,2022
4895,2022-06-09,"Google Ads",Marketing,857.95,2022
4896,2022-06-09,Zoom,Software,149.00,2022
4902,2022-06-10,Amazon,"Office Supplies",NULL,2022
4903,2022-06-10,Amazon,"Office Supplies",1734.30,2022
4906,2022-06-10,Asana,Software,79.10,2022
4905,2022-06-10,"Delta Airlines",Travel,2033.00,2022
4899,2022-06-10,HubSpot,Marketing,1053.00,2022
4900,2022-06-10,Microsoft,Software,255.71,2022
4901,2022-06-10,Microsoft,Software,325.00,2022
4904,2022-06-10,"Office Depot","Office Supplies",268.00,2022
4912,2022-06-11,Amazon,"Office Supplies",1342.83,2022
4909,2022-06-11,AWS,Software,1730.00,2022
4907,2022-06-11,DHL,Shipping,72.00,2022
4911,2022-06-11,FedEx,Shipping,181.11,2022
4908,2022-06-11,"LinkedIn Ads",Marketing,849.80,2022
4910,2022-06-11,Notion,Software,16.00,2022
4914,2022-06-11,"Office Depot","Office Supplies",NULL,2022
4913,2022-06-11,Zoom,Software,NULL,2022
4918,2022-06-12,DHL,Shipping,196.90,2022
4916,2022-06-12,Mailchimp,Marketing,299.00,2022
4917,2022-06-12,QuickBooks,Software,103.00,2022
4915,2022-06-12,Salesforce,Software,800.00,2022
4919,2022-06-12,Staples,"Office Supplies",76.60,2022
4923,2022-06-13,"American Airlines",Travel,NULL,2022
4926,2022-06-13,"American Airlines",Travel,1243.00,2022
4920,2022-06-13,DHL,Shipping,NULL,2022
4927,2022-06-13,HubSpot,Marketing,733.70,2022
4921,2022-06-13,Marriott,Travel,198.14,2022
4922,2022-06-13,Uber,Travel,103.61,2022
4924,2022-06-13,WeWork,Rent,3200.00,2022
4928,2022-06-14,Amazon,"Office Supplies",297.00,2022
4932,2022-06-14,Expensify,Software,50.00,2022
4930,2022-06-14,Microsoft,Software,412.53,2022
4929,2022-06-14,Stripe,Software,NULL,2022
4931,2022-06-14,Uber,Travel,244.60,2022
4937,2022-06-15,"American Airlines",Travel,2804.45,2022
4936,2022-06-15,"Delta Airlines",Travel,951.63,2022
4934,2022-06-15,Microsoft,Software,481.00,2022
4935,2022-06-15,"Office Depot","Office Supplies",380.32,2022
4933,2022-06-15,Salesforce,Software,800.00,2022
4938,2022-06-15,WeWork,Rent,NULL,2022
4939,2022-06-15,WeWork,Rent,3200.00,2022
4946,2022-06-16,Amazon,"Office Supplies",208.30,2022
4941,2022-06-16,AWS,Software,4700.77,2022
4940,2022-06-16,"Delta Airlines",Travel,NULL,2022
4945,2022-06-16,Dropbox,Software,NULL,2022
4944,2022-06-16,Notion,Software,NULL,2022
4943,2022-06-16,"Office Depot","Office Supplies",220.00,2022
4942,2022-06-16,WeWork,Rent,3200.00,2022
4947,2022-06-17,Amazon,"Office Supplies",1501.25,2022
4951,2022-06-17,"Google Ads",Marketing,1529.41,2022
4949,2022-06-17,HubSpot,Marketing,669.33,2022
4952,2022-06-17,HubSpot,Marketing,967.83,2022
4950,2022-06-17,Slack,Software,87.00,2022
4948,2022-06-17,Uber,Travel,31.45,2022
4953,2022-06-18,Asana,Software,41.96,2022
4958,2022-06-18,"Delta Airlines",Travel,2092.03,2022
4957,2022-06-18,Dropbox,Software,21.09,2022
4955,2022-06-18,"Google Ads",Marketing,3021.11,2022
4956,2022-06-18,Mailchimp,Marketing,299.00,2022
4954,2022-06-18,Uber,Travel,151.80,2022
4963,2022-06-19,"Delta Airlines",Travel,2280.15,2022
4965,2022-06-19,FedEx,Shipping,273.40,2022
4960,2022-06-19,"Google Ads",Marketing,NULL,2022
4961,2022-06-19,HubSpot,Marketing,643.76,2022
4959,2022-06-19,Salesforce,Software,800.00,2022
4964,2022-06-19,Slack,Software,87.00,2022
4962,2022-06-19,WeWork,Rent,3200.00,2022
4971,2022-06-20,Asana,Software,38.90,2022
4966,2022-06-20,AWS,Software,1761.76,2022
4969,2022-06-20,Notion,Software,16.00,2022
4970,2022-06-20,QuickBooks,Software,155.72,2022
4968,2022-06-20,Slack,Software,87.00,2022
4967,2022-06-20,Staples,"Office Supplies",383.40,2022
4977,2022-06-21,"American Airlines",Travel,2869.30,2022
4975,2022-06-21,"Google Ads",Marketing,NULL,2022
4974,2022-06-21,HubSpot,Marketing,954.20,2022
4976,2022-06-21,Marriott,Travel,217.00,2022
4973,2022-06-21,Notion,Software,16.00,2022
4978,2022-06-22,Asana,Software,90.89,2022
4981,2022-06-22,QuickBooks,Software,132.00,2022
4980,2022-06-22,Salesforce,Software,800.00,2022
4979,2022-06-22,Zoom,Software,149.00,2022
4984,2022-06-23,"LinkedIn Ads",Marketing,1385.40,2022
4982,2022-06-23,Notion,Software,NULL,2022
4985,2022-06-23,"Office Depot","Office Supplies",235.80,2022
4983,2022-06-23,QuickBooks,Software,111.80,2022
4988,2022-06-24,DHL,Shipping,164.00,2022
4986,2022-06-24,HubSpot,Marketing,403.10,2022
4987,2022-06-24,Microsoft,Software,390.00,2022
4991,2022-06-25,Dropbox,Software,24.40,2022
4992,2022-06-25,Marriott,Travel,411.69,2022
4990,2022-06-25,Slack,Software,87.00,2022
4993,2022-06-25,Staples,"Office Supplies",152.54,2022
4989,2022-06-25,WeWork,Rent,3200.00,2022
4995,2022-06-26,DHL,Shipping,169.00,2022
4997,2022-06-26,"Google Ads",Marketing,1875.87,2022
4994,2022-06-26,Microsoft,Software,260.61,2022
4996,2022-06-26,Salesforce,Software,NULL,2022
4998,2022-06-26,Staples,"Office Supplies",190.08,2022
5000,2022-06-27,FedEx,Shipping,175.22,2022
4999,2022-06-27,HubSpot,Marketing,543.00,2022
5001,2022-06-27,HubSpot,Marketing,1101.81,2022
5006,2022-06-28,Amazon,"Office Supplies",189.00,2022
5005,2022-06-28,Amazon,"Office Supplies",383.00,2022
5003,2022-06-28,Asana,Software,71.65,2022
5004,2022-06-28,HubSpot,Marketing,678.11,2022
5007,2022-06-28,Marriott,Travel,325.67,2022
5008,2022-06-28,Notion,Software,16.00,2022
5009,2022-06-28,QuickBooks,Software,76.00,2022
5002,2022-06-28,Uber,Travel,119.07,2022
5015,2022-06-29,Amazon,"Office Supplies",314.70,2022
5013,2022-06-29,AWS,Software,4587.11,2022
5014,2022-06-29,Dropbox,Software,19.72,2022
5011,2022-06-29,Expensify,Software,50.00,2022
5012,2022-06-29,"LinkedIn Ads",Marketing,NULL,2022
5010,2022-06-29,Microsoft,Software,183.98,2022
5016,2022-06-30,"American Airlines",Travel,544.00,2022
5020,2022-06-30,"Google Ads",Marketing,NULL,2022
5019,2022-06-30,HubSpot,Marketing,1121.00,2022
5017,2022-06-30,Microsoft,Software,482.39,2022
5018,2022-06-30,Staples,"Office Supplies",219.40,2022
5022,2022-07-01,AWS,Software,857.25,2022
5023,2022-07-01,"Google Ads",Marketing,3335.14,2022
5024,2022-07-01,Salesforce,Software,800.00,2022
5021,2022-07-01,Slack,Software,87.00,2022
5025,2022-07-02,Amazon,"Office Supplies",591.40,2022
5027,2022-07-02,FedEx,Shipping,195.00,2022
5028,2022-07-02,"Google Ads",Marketing,1060.25,2022
5029,2022-07-02,HubSpot,Marketing,NULL,2022
5026,2022-07-02,Microsoft,Software,339.00,2022
5030,2022-07-02,WeWork,Rent,3200.00,2022
5032,2022-07-03,Amazon,"Office Supplies",1507.94,2022
5034,2022-07-03,"Office Depot","Office Supplies",251.98,2022
5031,2022-07-03,Slack,Software,87.00,2022
5033,2022-07-03,WeWork,Rent,NULL,2022
5041,2022-07-04,AWS,Software,NULL,2022
5039,2022-07-04,DHL,Shipping,214.00,2022
5035,2022-07-04,Expensify,Software,50.00,2022
5038,2022-07-04,"Google Ads",Marketing,1288.55,2022
5037,2022-07-04,HubSpot,Marketing,656.00,2022
5036,2022-07-04,HubSpot,Marketing,914.00,2022
5040,2022-07-04,Slack,Software,87.00,2022
5042,2022-07-04,Uber,Travel,NULL,2022
5049,2022-07-05,"Delta Airlines",Travel,871.91,2022
5044,2022-07-05,Expensify,Software,50.00,2022
5048,2022-07-05,FedEx,Shipping,190.90,2022
5046,2022-07-05,Microsoft,Software,303.00,2022
5045,2022-07-05,"Office Depot","Office Supplies",202.08,2022
5047,2022-07-05,Slack,Software,87.00,2022
5050,2022-07-05,Uber,Travel,120.01,2022
5043,2022-07-05,Uber,Travel,128.00,2022
5051,2022-07-06,"Delta Airlines",Travel,574.59,2022
5054,2022-07-06,HubSpot,Marketing,454.60,2022
5053,2022-07-06,"LinkedIn Ads",Marketing,1904.51,2022
5052,2022-07-06,WeWork,Rent,3200.00,2022
5055,2022-07-07,AWS,Software,1142.20,2022
5059,2022-07-07,AWS,Software,4098.41,2022
5058,2022-07-07,DHL,Shipping,72.86,2022
5056,2022-07-07,"Google Ads",Marketing,NULL,2022
5061,2022-07-07,"LinkedIn Ads",Marketing,1528.00,2022
5057,2022-07-07,Slack,Software,87.00,2022
5062,2022-07-08,AWS,Software,620.60,2022
5063,2022-07-08,"Google Ads",Marketing,2399.72,2022
5064,2022-07-08,Microsoft,Software,228.57,2022
5065,2022-07-08,Notion,Software,16.00,2022
5066,2022-07-08,QuickBooks,Software,153.00,2022
5067,2022-07-08,Uber,Travel,194.59,2022
5074,2022-07-09,Asana,Software,82.60,2022
5069,2022-07-09,AWS,Software,NULL,2022
5070,2022-07-09,DHL,Shipping,184.50,2022
5071,2022-07-09,HubSpot,Marketing,875.00,2022
5073,2022-07-09,Marriott,Travel,572.00,2022
5072,2022-07-09,Microsoft,Software,209.00,2022
5075,2022-07-09,Notion,Software,16.00,2022
5068,2022-07-09,Uber,Travel,60.00,2022
5077,2022-07-10,Dropbox,Software,22.42,2022
5078,2022-07-10,"Google Ads",Marketing,1187.30,2022
5079,2022-07-10,Marriott,Travel,392.47,2022
5076,2022-07-10,Salesforce,Software,800.00,2022
5081,2022-07-10,WeWork,Rent,3200.00,2022
5080,2022-07-10,Zoom,Software,149.00,2022
5084,2022-07-11,Dropbox,Software,16.05,2022
5083,2022-07-11,"LinkedIn Ads",Marketing,1244.50,2022
5086,2022-07-11,"Office Depot","Office Supplies",234.18,2022
5085,2022-07-11,QuickBooks,Software,53.00,2022
5082,2022-07-11,Salesforce,Software,800.00,2022
5089,2022-07-12,Amazon,"Office Supplies",1501.99,2022
5087,2022-07-12,Mailchimp,Marketing,299.00,2022
5092,2022-07-12,Notion,Software,16.00,2022
5091,2022-07-12,Salesforce,Software,800.00,2022
5090,2022-07-12,Slack,Software,87.00,2022
5088,2022-07-12,Stripe,Software,59.00,2022
5093,2022-07-12,WeWork,Rent,3200.00,2022
5096,2022-07-13,Amazon,"Office Supplies",1517.64,2022
5095,2022-07-13,DHL,Shipping,96.60,2022
5101,2022-07-13,Dropbox,Software,NULL,2022
5094,2022-07-13,Expensify,Software,NULL,2022
5099,2022-07-13,FedEx,Shipping,71.53,2022
5097,2022-07-13,Notion,Software,16.00,2022
5104,2022-07-14,"Delta Airlines",Travel,1134.00,2022
5103,2022-07-14,Staples,"Office Supplies",74.40,2022
5102,2022-07-14,Zoom,Software,149.00,2022
5107,2022-07-15,"American Airlines",Travel,219.00,2022
5105,2022-07-15,"Delta Airlines",Travel,1818.50,2022
5106,2022-07-15,Notion,Software,16.00,2022
5113,2022-07-16,DHL,Shipping,55.16,2022
5109,2022-07-16,DHL,Shipping,80.40,2022
5111,2022-07-16,FedEx,Shipping,130.15,2022
5110,2022-07-16,Staples,"Office Supplies",133.79,2022
5112,2022-07-16,Staples,"Office Supplies",151.56,2022
5108,2022-07-16,WeWork,Rent,3200.00,2022
5114,2022-07-17,AWS,Software,NULL,2022
5117,2022-07-17,"Google Ads",Marketing,2207.00,2022
5115,2022-07-17,HubSpot,Marketing,875.60,2022
5116,2022-07-17,"LinkedIn Ads",Marketing,507.00,2022
5118,2022-07-17,Stripe,Software,59.00,2022
5119,2022-07-17,WeWork,Rent,NULL,2022
5125,2022-07-18,Dropbox,Software,23.00,2022
5121,2022-07-18,"LinkedIn Ads",Marketing,NULL,2022
5120,2022-07-18,Salesforce,Software,800.00,2022
5122,2022-07-18,Slack,Software,87.00,2022
5124,2022-07-18,Zoom,Software,149.00,2022
5131,2022-07-19,Asana,Software,65.00,2022
5129,2022-07-19,AWS,Software,2130.23,2022
5133,2022-07-19,Mailchimp,Marketing,299.00,2022
5127,2022-07-19,Notion,Software,16.00,2022
5132,2022-07-19,"Office Depot","Office Supplies",NULL,2022
5126,2022-07-19,Stripe,Software,59.00,2022
5135,2022-07-20,Amazon,"Office Supplies",1319.43,2022
5134,2022-07-20,AWS,Software,791.77,2022
5137,2022-07-20,"Office Depot","Office Supplies",368.80,2022
5136,2022-07-20,Slack,Software,87.00,2022
5138,2022-07-21,"Delta Airlines",Travel,1599.42,2022
5139,2022-07-21,Dropbox,Software,19.90,2022
5142,2022-07-21,Expensify,Software,50.00,2022
5141,2022-07-21,Marriott,Travel,255.30,2022
5140,2022-07-21,QuickBooks,Software,147.16,2022
5145,2022-07-22,Amazon,"Office Supplies",453.95,2022
5143,2022-07-22,Amazon,"Office Supplies",1249.58,2022
5149,2022-07-22,Expensify,Software,NULL,2022
5144,2022-07-22,FedEx,Shipping,90.20,2022
5146,2022-07-22,FedEx,Shipping,108.77,2022
5150,2022-07-22,Stripe,Software,NULL,2022
5147,2022-07-22,Stripe,Software,59.00,2022
5148,2022-07-22,WeWork,Rent,3200.00,2022
5156,2022-07-23,Amazon,"Office Supplies",1216.00,2022
5154,2022-07-23,"American Airlines",Travel,NULL,2022
5151,2022-07-23,"American Airlines",Travel,1856.38,2022
5153,2022-07-23,HubSpot,Marketing,NULL,2022
5152,2022-07-23,Notion,Software,16.00,2022
5155,2022-07-23,Zoom,Software,149.00,2022
5158,2022-07-24,"Delta Airlines",Travel,703.30,2022
5157,2022-07-24,Marriott,Travel,325.40,2022
5159,2022-07-24,Microsoft,Software,427.71,2022
5160,2022-07-24,Stripe,Software,59.00,2022
5164,2022-07-25,Amazon,"Office Supplies",383.69,2022
5161,2022-07-25,"LinkedIn Ads",Marketing,649.52,2022
5163,2022-07-25,Slack,Software,87.00,2022
5162,2022-07-25,Uber,Travel,82.00,2022
5167,2022-07-26,Marriott,Travel,210.99,2022
5166,2022-07-26,"Office Depot","Office Supplies",402.40,2022
5165,2022-07-26,Zoom,Software,NULL,2022
5171,2022-07-27,Amazon,"Office Supplies",1617.20,2022
5169,2022-07-27,AWS,Software,NULL,2022
5170,2022-07-27,AWS,Software,1368.30,2022
5173,2022-07-27,"Google Ads",Marketing,NULL,2022
5168,2022-07-27,HubSpot,Marketing,NULL,2022
5172,2022-07-27,WeWork,Rent,3200.00,2022
5176,2022-07-28,Amazon,"Office Supplies",1628.00,2022
5179,2022-07-28,AWS,Software,4204.00,2022
5177,2022-07-28,Marriott,Travel,NULL,2022
5174,2022-07-28,Notion,Software,16.00,2022
5175,2022-07-28,QuickBooks,Software,100.68,2022
5178,2022-07-28,Slack,Software,87.00,2022
5183,2022-07-29,Amazon,"Office Supplies",373.00,2022
5182,2022-07-29,"Google Ads",Marketing,NULL,2022
5180,2022-07-29,"LinkedIn Ads",Marketing,580.69,2022
5181,2022-07-29,"Office Depot","Office Supplies",171.72,2022
5186,2022-07-30,AWS,Software,4439.85,2022
5185,2022-07-30,Notion,Software,16.00,2022
5184,2022-07-30,Zoom,Software,149.00,2022
5187,2022-07-31,DHL,Shipping,66.00,2022
5189,2022-07-31,"LinkedIn Ads",Marketing,618.00,2022
5190,2022-07-31,Marriott,Travel,400.74,2022
5188,2022-07-31,Salesforce,Software,800.00,2022
5191,2022-08-01,FedEx,Shipping,255.00,2022
5194,2022-08-01,"Google Ads",Marketing,2974.60,2022
5193,2022-08-01,Notion,Software,16.00,2022
5195,2022-08-01,"Office Depot","Office Supplies",360.50,2022
5192,2022-08-01,Slack,Software,87.00,2022
5198,2022-08-02,Amazon,"Office Supplies",1050.40,2022
5196,2022-08-02,AWS,Software,2868.80,2022
5200,2022-08-02,DHL,Shipping,NULL,2022
5199,2022-08-02,Stripe,Software,59.00,2022
5197,2022-08-02,Zoom,Software,149.00,2022
5201,2022-08-03,Notion,Software,16.00,2022
5202,2022-08-03,WeWork,Rent,NULL,2022
5204,2022-08-04,Asana,Software,97.34,2022
5207,2022-08-04,Dropbox,Software,16.60,2022
5206,2022-08-04,Dropbox,Software,19.37,2022
5209,2022-08-04,"Google Ads",Marketing,978.00,2022
5205,2022-08-04,Salesforce,Software,800.00,2022
5215,2022-08-05,Amazon,"Office Supplies",1080.70,2022
5217,2022-08-05,Amazon,"Office Supplies",1201.33,2022
5211,2022-08-05,Amazon,"Office Supplies",1769.43,2022
5214,2022-08-05,Expensify,Software,NULL,2022
5213,2022-08-05,Mailchimp,Marketing,299.00,2022
5210,2022-08-05,Marriott,Travel,NULL,2022
5216,2022-08-05,Slack,Software,87.00,2022
5212,2022-08-05,Uber,Travel,35.60,2022
5223,2022-08-06,HubSpot,Marketing,740.20,2022
5222,2022-08-06,HubSpot,Marketing,1036.13,2022
5221,2022-08-06,Marriott,Travel,NULL,2022
5220,2022-08-06,Marriott,Travel,524.20,2022
5218,2022-08-06,Notion,Software,16.00,2022
5219,2022-08-06,Zoom,Software,149.00,2022
5225,2022-08-07,DHL,Shipping,74.30,2022
5226,2022-08-07,Marriott,Travel,525.76,2022
5227,2022-08-07,Slack,Software,NULL,2022
5224,2022-08-07,Uber,Travel,43.00,2022
5228,2022-08-08,Asana,Software,68.00,2022
5231,2022-08-08,DHL,Shipping,27.00,2022
5233,2022-08-08,Expensify,Software,50.00,2022
5235,2022-08-08,"LinkedIn Ads",Marketing,1162.43,2022
5234,2022-08-08,Microsoft,Software,353.70,2022
5232,2022-08-08,"Office Depot","Office Supplies",142.41,2022
5229,2022-08-08,Salesforce,Software,800.00,2022
5230,2022-08-08,Zoom,Software,149.00,2022
5238,2022-08-09,"American Airlines",Travel,1619.59,2022
5236,2022-08-09,HubSpot,Marketing,510.36,2022
5237,2022-08-09,Zoom,Software,149.00,2022
5241,2022-08-10,Dropbox,Software,18.50,2022
5239,2022-08-10,Expensify,Software,50.00,2022
5245,2022-08-10,FedEx,Shipping,NULL,2022
5244,2022-08-10,"LinkedIn Ads",Marketing,967.36,2022
5243,2022-08-10,Mailchimp,Marketing,299.00,2022
5242,2022-08-10,Stripe,Software,59.00,2022
5240,2022-08-10,Zoom,Software,149.00,2022
5248,2022-08-11,DHL,Shipping,NULL,2022
5246,2022-08-11,"Google Ads",Marketing,2473.34,2022
5247,2022-08-11,HubSpot,Marketing,NULL,2022
5251,2022-08-12,Asana,Software,NULL,2022
5255,2022-08-12,"Delta Airlines",Travel,2463.90,2022
5252,2022-08-12,"LinkedIn Ads",Marketing,NULL,2022
5253,2022-08-12,Mailchimp,Marketing,299.00,2022
5249,2022-08-12,Salesforce,Software,NULL,2022
5250,2022-08-12,Staples,"Office Supplies",NULL,2022
5254,2022-08-12,WeWork,Rent,3200.00,2022
5257,2022-08-13,"American Airlines",Travel,1247.90,2022
5258,2022-08-13,"LinkedIn Ads",Marketing,1627.00,2022
5261,2022-08-13,"LinkedIn Ads",Marketing,1981.00,2022
5259,2022-08-13,Microsoft,Software,NULL,2022
5260,2022-08-13,QuickBooks,Software,73.10,2022
5262,2022-08-13,Staples,"Office Supplies",NULL,2022
5263,2022-08-13,WeWork,Rent,NULL,2022
5271,2022-08-14,"American Airlines",Travel,2392.88,2022
5265,2022-08-14,AWS,Software,4257.00,2022
5266,2022-08-14,HubSpot,Marketing,NULL,2022
5267,2022-08-14,HubSpot,Marketing,535.26,2022
5270,2022-08-14,"LinkedIn Ads",Marketing,1555.00,2022
5268,2022-08-14,Marriott,Travel,455.73,2022
5264,2022-08-14,Marriott,Travel,509.00,2022
5269,2022-08-14,Staples,"Office Supplies",NULL,2022
5274,2022-08-15,Asana,Software,50.54,2022
5275,2022-08-15,DHL,Shipping,NULL,2022
5276,2022-08-15,FedEx,Shipping,43.91,2022
5273,2022-08-15,"LinkedIn Ads",Marketing,1778.00,2022
5272,2022-08-15,WeWork,Rent,3200.00,2022
5279,2022-08-16,"Delta Airlines",Travel,976.70,2022
5283,2022-08-16,FedEx,Shipping,106.76,2022
5280,2022-08-16,Marriott,Travel,489.26,2022
5277,2022-08-16,Microsoft,Software,325.00,2022
5282,2022-08-16,Stripe,Software,59.00,2022
5278,2022-08-16,Zoom,Software,149.00,2022
5284,2022-08-17,DHL,Shipping,180.47,2022
5289,2022-08-17,Dropbox,Software,23.74,2022
5287,2022-08-17,Expensify,Software,50.00,2022
5288,2022-08-17,Mailchimp,Marketing,299.00,2022
5285,2022-08-17,"Office Depot","Office Supplies",88.20,2022
5286,2022-08-17,"Office Depot","Office Supplies",121.92,2022
5297,2022-08-18,Amazon,"Office Supplies",1665.21,2022
5296,2022-08-18,"American Airlines",Travel,1324.10,2022
5291,2022-08-18,HubSpot,Marketing,418.00,2022
5295,2022-08-18,Marriott,Travel,233.92,2022
5294,2022-08-18,Microsoft,Software,218.63,2022
5292,2022-08-18,"Office Depot","Office Supplies",38.59,2022
5293,2022-08-18,Uber,Travel,79.00,2022
5290,2022-08-18,WeWork,Rent,3200.00,2022
5300,2022-08-19,"American Airlines",Travel,764.60,2022
5298,2022-08-19,"American Airlines",Travel,2243.90,2022
5299,2022-08-19,Uber,Travel,296.61,2022
5302,2022-08-20,"Delta Airlines",Travel,955.19,2022
5303,2022-08-20,Mailchimp,Marketing,299.00,2022
5301,2022-08-20,WeWork,Rent,NULL,2022
5310,2022-08-21,"Delta Airlines",Travel,2408.00,2022
5304,2022-08-21,Expensify,Software,50.00,2022
5309,2022-08-21,FedEx,Shipping,279.53,2022
5307,2022-08-21,Marriott,Travel,NULL,2022
5308,2022-08-21,Microsoft,Software,445.00,2022
5305,2022-08-21,"Office Depot","Office Supplies",382.10,2022
5306,2022-08-21,Zoom,Software,149.00,2022
5314,2022-08-22,Asana,Software,83.20,2022
5317,2022-08-22,AWS,Software,4884.55,2022
5313,2022-08-22,Dropbox,Software,22.40,2022
5311,2022-08-22,"Google Ads",Marketing,NULL,2022
5316,2022-08-22,HubSpot,Marketing,NULL,2022
5312,2022-08-22,HubSpot,Marketing,822.80,2022
5315,2022-08-22,Slack,Software,NULL,2022
5324,2022-08-23,Amazon,"Office Supplies",422.00,2022
5318,2022-08-23,Asana,Software,91.50,2022
5320,2022-08-23,AWS,Software,1826.50,2022
5325,2022-08-23,"Delta Airlines",Travel,2056.50,2022
5323,2022-08-23,FedEx,Shipping,161.04,2022
5322,2022-08-23,"Google Ads",Marketing,2955.00,2022
5321,2022-08-23,"LinkedIn Ads",Marketing,NULL,2022
5319,2022-08-23,Stripe,Software,59.00,2022
5328,2022-08-24,Expensify,Software,50.00,2022
5326,2022-08-24,"Google Ads",Marketing,3419.75,2022
5327,2022-08-24,Staples,"Office Supplies",260.00,2022
5329,2022-08-24,Staples,"Office Supplies",330.00,2022
5331,2022-08-25,FedEx,Shipping,221.22,2022
5330,2022-08-25,"LinkedIn Ads",Marketing,NULL,2022
5332,2022-08-25,WeWork,Rent,3200.00,2022
5337,2022-08-26,Asana,Software,67.67,2022
5334,2022-08-26,"Delta Airlines",Travel,NULL,2022
5336,2022-08-26,Microsoft,Software,446.99,2022
5335,2022-08-26,QuickBooks,Software,117.95,2022
5333,2022-08-26,Zoom,Software,NULL,2022
5339,2022-08-27,Amazon,"Office Supplies",119.40,2022
5340,2022-08-27,Asana,Software,NULL,2022
5342,2022-08-27,FedEx,Shipping,277.00,2022
5338,2022-08-27,HubSpot,Marketing,1084.22,2022
5341,2022-08-27,Salesforce,Software,NULL,2022
5344,2022-08-28,"American Airlines",Travel,2423.00,2022
5348,2022-08-28,AWS,Software,2626.70,2022
5343,2022-08-28,HubSpot,Marketing,1191.30,2022
5345,2022-08-28,Mailchimp,Marketing,NULL,2022
5346,2022-08-28,Salesforce,Software,NULL,2022
5350,2022-08-28,Salesforce,Software,800.00,2022
5349,2022-08-28,Slack,Software,87.00,2022
5347,2022-08-28,Stripe,Software,59.00,2022
5354,2022-08-29,FedEx,Shipping,107.50,2022
5351,2022-08-29,HubSpot,Marketing,1016.30,2022
5353,2022-08-29,"Office Depot","Office Supplies",294.00,2022
5352,2022-08-29,Salesforce,Software,800.00,2022
5356,2022-08-30,Amazon,"Office Supplies",391.70,2022
5355,2022-08-30,Asana,Software,62.30,2022
5360,2022-08-30,"Delta Airlines",Travel,434.52,2022
5359,2022-08-30,FedEx,Shipping,NULL,2022
5361,2022-08-30,FedEx,Shipping,139.90,2022
5362,2022-08-30,HubSpot,Marketing,1195.90,2022
5358,2022-08-30,"LinkedIn Ads",Marketing,1659.75,2022
5357,2022-08-30,"Office Depot","Office Supplies",376.00,2022
5366,2022-08-31,Dropbox,Software,23.47,2022
5365,2022-08-31,Expensify,Software,NULL,2022
5363,2022-08-31,Marriott,Travel,NULL,2022
5364,2022-08-31,Microsoft,Software,492.55,2022
5367,2022-08-31,Staples,"Office Supplies",67.00,2022
5368,2022-08-31,Stripe,Software,59.00,2022
5370,2022-08-31,Uber,Travel,151.15,2022
5369,2022-08-31,Zoom,Software,149.00,2022
5373,2022-09-01,"American Airlines",Travel,778.30,2022
5371,2022-09-01,Expensify,Software,50.00,2022
5372,2022-09-01,Zoom,Software,NULL,2022
5376,2022-09-02,Asana,Software,33.65,2022
5375,2022-09-02,"Delta Airlines",Travel,2264.90,2022
5374,2022-09-02,"LinkedIn Ads",Marketing,1537.44,2022
5378,2022-09-02,Notion,Software,16.00,2022
5379,2022-09-02,"Office Depot","Office Supplies",204.14,2022
5377,2022-09-02,Stripe,Software,59.00,2022
5380,2022-09-03,Amazon,"Office Supplies",1405.88,2022
5381,2022-09-03,AWS,Software,1160.07,2022
5384,2022-09-03,"LinkedIn Ads",Marketing,1175.30,2022
5383,2022-09-03,"Office Depot","Office Supplies",34.00,2022
5382,2022-09-03,Salesforce,Software,800.00,2022
5385,2022-09-04,"American Airlines",Travel,1149.20,2022
5388,2022-09-04,"Delta Airlines",Travel,2192.69,2022
5387,2022-09-04,Dropbox,Software,17.60,2022
5389,2022-09-04,Expensify,Software,50.00,2022
5390,2022-09-04,"Google Ads",Marketing,3347.97,2022
5386,2022-09-04,WeWork,Rent,3200.00,2022
5393,2022-09-05,AWS,Software,711.00,2022
5391,2022-09-05,"Office Depot","Office Supplies",65.00,2022
5392,2022-09-05,QuickBooks,Software,165.31,2022
5394,2022-09-06,Asana,Software,91.00,2022
5397,2022-09-06,Notion,Software,16.00,2022
5395,2022-09-06,Stripe,Software,59.00,2022
5396,2022-09-06,Uber,Travel,131.20,2022
5398,2022-09-07,Amazon,"Office Supplies",1807.13,2022
5400,2022-09-07,DHL,Shipping,114.44,2022
5399,2022-09-07,Slack,Software,87.00,2022
5401,2022-09-07,Uber,Travel,NULL,2022
5402,2022-09-08,Expensify,Software,50.00,2022
5406,2022-09-08,"Google Ads",Marketing,1485.27,2022
5405,2022-09-08,Notion,Software,16.00,2022
5404,2022-09-08,Salesforce,Software,800.00,2022
5407,2022-09-08,Slack,Software,87.00,2022
5403,2022-09-08,WeWork,Rent,3200.00,2022
5411,2022-09-09,FedEx,Shipping,200.00,2022
5409,2022-09-09,HubSpot,Marketing,577.80,2022
5408,2022-09-09,"LinkedIn Ads",Marketing,1968.33,2022
5410,2022-09-09,"Office Depot","Office Supplies",466.93,2022
5412,2022-09-09,Slack,Software,87.00,2022
5413,2022-09-09,Zoom,Software,149.00,2022
5414,2022-09-10,HubSpot,Marketing,1088.94,2022
5417,2022-09-10,"LinkedIn Ads",Marketing,1577.00,2022
5416,2022-09-10,"Office Depot","Office Supplies",294.71,2022
5415,2022-09-10,Staples,"Office Supplies",127.00,2022
5420,2022-09-11,Asana,Software,82.42,2022
5418,2022-09-11,Expensify,Software,50.00,2022
5419,2022-09-11,FedEx,Shipping,294.00,2022
5422,2022-09-12,Amazon,"Office Supplies",895.00,2022
5426,2022-09-12,"Google Ads",Marketing,NULL,2022
5425,2022-09-12,Notion,Software,16.00,2022
5423,2022-09-12,"Office Depot","Office Supplies",224.01,2022
5424,2022-09-12,Uber,Travel,177.32,2022
5429,2022-09-13,"Delta Airlines",Travel,843.99,2022
5431,2022-09-13,FedEx,Shipping,275.00,2022
5430,2022-09-13,Mailchimp,Marketing,NULL,2022
5427,2022-09-13,Mailchimp,Marketing,299.00,2022
5428,2022-09-13,Notion,Software,16.00,2022
5434,2022-09-14,Mailchimp,Marketing,299.00,2022
5433,2022-09-14,Microsoft,Software,265.00,2022
5432,2022-09-14,Slack,Software,87.00,2022
5438,2022-09-15,Amazon,"Office Supplies",NULL,2022
5435,2022-09-15,"Delta Airlines",Travel,1672.32,2022
5436,2022-09-15,"Delta Airlines",Travel,2225.32,2022
5442,2022-09-15,Expensify,Software,50.00,2022
5439,2022-09-15,Marriott,Travel,483.19,2022
5441,2022-09-15,"Office Depot","Office Supplies",157.00,2022
5440,2022-09-15,Slack,Software,87.00,2022
5437,2022-09-15,Staples,"Office Supplies",371.70,2022
5443,2022-09-16,Asana,Software,72.08,2022
5445,2022-09-16,"Delta Airlines",Travel,465.00,2022
5447,2022-09-16,"Google Ads",Marketing,2407.30,2022
5444,2022-09-16,Slack,Software,87.00,2022
5446,2022-09-16,Stripe,Software,59.00,2022
5454,2022-09-17,"American Airlines",Travel,271.13,2022
5450,2022-09-17,"American Airlines",Travel,841.42,2022
5452,2022-09-17,AWS,Software,1728.80,2022
5448,2022-09-17,"Delta Airlines",Travel,2283.71,2022
5451,2022-09-17,Marriott,Travel,330.00,2022
5449,2022-09-17,Notion,Software,16.00,2022
5453,2022-09-17,Stripe,Software,59.00,2022
5458,2022-09-18,"Google Ads",Marketing,NULL,2022
5456,2022-09-18,"Google Ads",Marketing,2581.00,2022
5459,2022-09-18,Mailchimp,Marketing,299.00,2022
5455,2022-09-18,"Office Depot","Office Supplies",NULL,2022
5457,2022-09-18,Salesforce,Software,800.00,2022
5460,2022-09-18,Slack,Software,87.00,2022
5462,2022-09-19,Dropbox,Software,23.50,2022
5461,2022-09-19,Notion,Software,16.00,2022
5463,2022-09-19,QuickBooks,Software,68.16,2022
5464,2022-09-20,"American Airlines",Travel,2275.50,2022
5468,2022-09-20,Microsoft,Software,420.08,2022
5467,2022-09-20,Notion,Software,16.00,2022
5466,2022-09-20,QuickBooks,Software,153.73,2022
5465,2022-09-20,WeWork,Rent,3200.00,2022
5469,2022-09-21,AWS,Software,3243.43,2022
5470,2022-09-21,"Delta Airlines",Travel,2237.40,2022
5471,2022-09-21,FedEx,Shipping,64.77,2022
5472,2022-09-21,"Google Ads",Marketing,1718.00,2022
5473,2022-09-21,"LinkedIn Ads",Marketing,912.00,2022
5474,2022-09-21,QuickBooks,Software,115.45,2022
5477,2022-09-22,Amazon,"Office Supplies",1505.30,2022
5482,2022-09-22,Amazon,"Office Supplies",1534.00,2022
5476,2022-09-22,"American Airlines",Travel,2422.46,2022
5481,2022-09-22,"Google Ads",Marketing,2299.00,2022
5475,2022-09-22,HubSpot,Marketing,537.40,2022
5480,2022-09-22,Marriott,Travel,317.90,2022
5479,2022-09-22,Microsoft,Software,473.00,2022
5478,2022-09-22,Zoom,Software,149.00,2022
5490,2022-09-23,Amazon,"Office Supplies",598.00,2022
5489,2022-09-23,"American Airlines",Travel,1441.50,2022
5488,2022-09-23,Asana,Software,79.15,2022
5483,2022-09-23,DHL,Shipping,235.00,2022
5484,2022-09-23,Expensify,Software,50.00,2022
5485,2022-09-23,"Google Ads",Marketing,NULL,2022
5486,2022-09-23,"Google Ads",Marketing,1463.00,2022
5487,2022-09-23,Notion,Software,16.00,2022
5493,2022-09-24,"American Airlines",Travel,NULL,2022
5492,2022-09-24,AWS,Software,4212.58,2022
5491,2022-09-24,Notion,Software,16.00,2022
5496,2022-09-25,Expensify,Software,50.00,2022
5495,2022-09-25,HubSpot,Marketing,895.00,2022
5494,2022-09-25,Notion,Software,16.00,2022
5502,2022-09-26,Amazon,"Office Supplies",128.00,2022
5497,2022-09-26,Amazon,"Office Supplies",1420.17,2022
5498,2022-09-26,Dropbox,Software,16.44,2022
5499,2022-09-26,Salesforce,Software,800.00,2022
5501,2022-09-26,Staples,"Office Supplies",148.00,2022
5500,2022-09-26,Uber,Travel,157.98,2022
5503,2022-09-27,"Delta Airlines",Travel,NULL,2022
5505,2022-09-27,"Delta Airlines",Travel,2462.70,2022
5504,2022-09-27,"LinkedIn Ads",Marketing,1488.55,2022
5506,2022-09-27,Slack,Software,87.00,2022
5507,2022-09-28,"American Airlines",Travel,460.83,2022
5508,2022-09-28,"Delta Airlines",Travel,1873.00,2022
5511,2022-09-28,Dropbox,Software,18.62,2022
5510,2022-09-28,"Google Ads",Marketing,2052.60,2022
5509,2022-09-28,Microsoft,Software,190.70,2022
5512,2022-09-29,"American Airlines",Travel,783.00,2022
5516,2022-09-29,AWS,Software,3174.67,2022
5513,2022-09-29,"Google Ads",Marketing,NULL,2022
5514,2022-09-29,"LinkedIn Ads",Marketing,1713.00,2022
5517,2022-09-29,Microsoft,Software,NULL,2022
5515,2022-09-29,Slack,Software,87.00,2022
5521,2022-09-30,Dropbox,Software,23.20,2022
5520,2022-09-30,FedEx,Shipping,151.38,2022
5518,2022-09-30,HubSpot,Marketing,575.00,2022
5522,2022-09-30,Notion,Software,NULL,2022
5519,2022-09-30,WeWork,Rent,3200.00,2022
5527,2022-10-01,Amazon,"Office Supplies",1231.00,2022
5526,2022-10-01,Marriott,Travel,NULL,2022
5524,2022-10-01,"Office Depot","Office Supplies",94.30,2022
5523,2022-10-01,"Office Depot","Office Supplies",281.90,2022
5525,2022-10-01,Stripe,Software,59.00,2022
5534,2022-10-02,Mailchimp,Marketing,299.00,2022
5530,2022-10-02,"Office Depot","Office Supplies",NULL,2022
5533,2022-10-02,QuickBooks,Software,132.00,2022
5528,2022-10-02,Salesforce,Software,800.00,2022
5532,2022-10-02,Stripe,Software,NULL,2022
5531,2022-10-02,Uber,Travel,187.02,2022
5529,2022-10-02,WeWork,Rent,3200.00,2022
5541,2022-10-03,Dropbox,Software,18.73,2022
5540,2022-10-03,FedEx,Shipping,211.37,2022
5537,2022-10-03,"LinkedIn Ads",Marketing,884.60,2022
5539,2022-10-03,Staples,"Office Supplies",243.71,2022
5536,2022-10-03,WeWork,Rent,3200.00,2022
5538,2022-10-03,Zoom,Software,149.00,2022
5544,2022-10-04,Microsoft,Software,267.10,2022
5543,2022-10-04,Notion,Software,NULL,2022
5542,2022-10-04,Zoom,Software,149.00,2022
5547,2022-10-05,Mailchimp,Marketing,299.00,2022
5545,2022-10-05,Microsoft,Software,491.70,2022
5546,2022-10-05,Uber,Travel,NULL,2022
5548,2022-10-06,Amazon,"Office Supplies",853.08,2022
5549,2022-10-06,Amazon,"Office Supplies",1653.10,2022
5550,2022-10-06,HubSpot,Marketing,1146.41,2022
5551,2022-10-06,"LinkedIn Ads",Marketing,1115.00,2022
5552,2022-10-07,Asana,Software,31.10,2022
5553,2022-10-07,Salesforce,Software,800.00,2022
5554,2022-10-07,Staples,"Office Supplies",214.80,2022
5557,2022-10-08,Amazon,"Office Supplies",1703.30,2022
5555,2022-10-08,Microsoft,Software,387.90,2022
5556,2022-10-08,Staples,"Office Supplies",58.00,2022
5558,2022-10-08,Zoom,Software,149.00,2022
5561,2022-10-09,Amazon,"Office Supplies",873.56,2022
5563,2022-10-09,AWS,Software,1119.96,2022
5560,2022-10-09,HubSpot,Marketing,1091.50,2022
5562,2022-10-09,"Office Depot","Office Supplies",62.77,2022
5559,2022-10-09,QuickBooks,Software,161.34,2022
5564,2022-10-10,Asana,Software,35.61,2022
5565,2022-10-10,AWS,Software,775.00,2022
5570,2022-10-10,"Delta Airlines",Travel,1879.52,2022
5569,2022-10-10,"Google Ads",Marketing,1894.11,2022
5568,2022-10-10,HubSpot,Marketing,738.00,2022
5566,2022-10-10,"Office Depot","Office Supplies",125.90,2022
5567,2022-10-10,WeWork,Rent,3200.00,2022
5571,2022-10-11,DHL,Shipping,198.00,2022
5572,2022-10-11,DHL,Shipping,247.65,2022
5573,2022-10-11,Slack,Software,87.00,2022
5576,2022-10-12,Amazon,"Office Supplies",798.94,2022
5574,2022-10-12,Amazon,"Office Supplies",1988.38,2022
5579,2022-10-12,"American Airlines",Travel,2099.20,2022
5575,2022-10-12,Asana,Software,53.80,2022
5578,2022-10-12,DHL,Shipping,201.93,2022
5577,2022-10-12,Stripe,Software,59.00,2022
5587,2022-10-13,Asana,Software,98.00,2022
5582,2022-10-13,DHL,Shipping,NULL,2022
5583,2022-10-13,Dropbox,Software,20.80,2022
5586,2022-10-13,Expensify,Software,NULL,2022
5580,2022-10-13,HubSpot,Marketing,489.32,2022
5585,2022-10-13,QuickBooks,Software,116.43,2022
5584,2022-10-13,Slack,Software,87.00,2022
5581,2022-10-13,Staples,"Office Supplies",271.00,2022
5589,2022-10-14,Dropbox,Software,21.41,2022
5588,2022-10-14,Expensify,Software,50.00,2022
5593,2022-10-15,DHL,Shipping,216.00,2022
5591,2022-10-15,"LinkedIn Ads",Marketing,1325.00,2022
5592,2022-10-15,Microsoft,Software,444.86,2022
5594,2022-10-15,Notion,Software,16.00,2022
5597,2022-10-15,Slack,Software,87.00,2022
5595,2022-10-15,WeWork,Rent,3200.00,2022
5598,2022-10-16,Amazon,"Office Supplies",1159.19,2022
5600,2022-10-16,"LinkedIn Ads",Marketing,791.00,2022
5599,2022-10-16,Mailchimp,Marketing,299.00,2022
5601,2022-10-16,Stripe,Software,59.00,2022
5603,2022-10-17,Amazon,"Office Supplies",NULL,2022
5609,2022-10-17,"American Airlines",Travel,364.60,2022
5608,2022-10-17,HubSpot,Marketing,1127.60,2022
5606,2022-10-17,"LinkedIn Ads",Marketing,1395.01,2022
5607,2022-10-17,Mailchimp,Marketing,299.00,2022
5605,2022-10-17,Microsoft,Software,206.81,2022
5604,2022-10-17,Microsoft,Software,433.68,2022
5602,2022-10-17,QuickBooks,Software,73.90,2022
5611,2022-10-18,Salesforce,Software,800.00,2022
5612,2022-10-18,Uber,Travel,125.00,2022
5610,2022-10-18,Zoom,Software,149.00,2022
5617,2022-10-19,"American Airlines",Travel,1795.88,2022
5616,2022-10-19,Dropbox,Software,NULL,2022
5613,2022-10-19,Dropbox,Software,22.50,2022
5614,2022-10-19,FedEx,Shipping,242.51,2022
5615,2022-10-19,Mailchimp,Marketing,299.00,2022
5621,2022-10-20,Asana,Software,84.30,2022
5618,2022-10-20,FedEx,Shipping,111.90,2022
5620,2022-10-20,"LinkedIn Ads",Marketing,557.70,2022
5622,2022-10-20,Microsoft,Software,354.00,2022
5623,2022-10-20,Notion,Software,16.00,2022
5619,2022-10-20,Zoom,Software,149.00,2022
5630,2022-10-21,"Delta Airlines",Travel,1005.40,2022
5625,2022-10-21,Dropbox,Software,18.90,2022
5628,2022-10-21,"Google Ads",Marketing,1310.69,2022
5626,2022-10-21,Notion,Software,NULL,2022
5629,2022-10-21,Notion,Software,16.00,2022
5627,2022-10-21,Staples,"Office Supplies",75.40,2022
5631,2022-10-21,Staples,"Office Supplies",244.60,2022
5633,2022-10-22,Amazon,"Office Supplies",672.10,2022
5635,2022-10-22,Asana,Software,NULL,2022
5632,2022-10-22,Asana,Software,43.10,2022
5636,2022-10-22,Asana,Software,66.95,2022
5634,2022-10-22,Uber,Travel,171.00,2022
5637,2022-10-22,Zoom,Software,149.00,2022
5639,2022-10-23,"American Airlines",Travel,1505.95,2022
5640,2022-10-23,Microsoft,Software,409.42,2022
5638,2022-10-23,WeWork,Rent,NULL,2022
5641,2022-10-24,Marriott,Travel,NULL,2022
5645,2022-10-24,QuickBooks,Software,92.00,2022
5643,2022-10-24,Salesforce,Software,800.00,2022
5642,2022-10-24,Slack,Software,87.00,2022
5644,2022-10-24,Zoom,Software,149.00,2022
5649,2022-10-25,Amazon,"Office Supplies",1183.40,2022
5646,2022-10-25,Marriott,Travel,503.66,2022
5647,2022-10-25,Microsoft,Software,468.01,2022
5648,2022-10-25,Uber,Travel,170.02,2022
5653,2022-10-26,Amazon,"Office Supplies",261.83,2022
5650,2022-10-26,Asana,Software,NULL,2022
5651,2022-10-26,HubSpot,Marketing,1124.60,2022
5655,2022-10-26,"LinkedIn Ads",Marketing,650.00,2022
5654,2022-10-26,QuickBooks,Software,171.60,2022
5652,2022-10-26,QuickBooks,Software,178.41,2022
5661,2022-10-27,Amazon,"Office Supplies",198.48,2022
5657,2022-10-27,Amazon,"Office Supplies",688.00,2022
5658,2022-10-27,AWS,Software,1436.00,2022
5660,2022-10-27,DHL,Shipping,164.20,2022
5659,2022-10-27,Mailchimp,Marketing,299.00,2022
5656,2022-10-27,Zoom,Software,149.00,2022
5665,2022-10-28,"American Airlines",Travel,1133.87,2022
5667,2022-10-28,Expensify,Software,50.00,2022
5662,2022-10-28,"Google Ads",Marketing,997.00,2022
5669,2022-10-28,Microsoft,Software,NULL,2022
5668,2022-10-28,Microsoft,Software,448.10,2022
5666,2022-10-28,Notion,Software,16.00,2022
5664,2022-10-28,"Office Depot","Office Supplies",341.72,2022
5663,2022-10-28,Uber,Travel,NULL,2022
5672,2022-10-29,Amazon,"Office Supplies",1414.00,2022
5670,2022-10-29,"LinkedIn Ads",Marketing,538.50,2022
5674,2022-10-29,QuickBooks,Software,54.00,2022
5673,2022-10-29,WeWork,Rent,3200.00,2022
5671,2022-10-29,Zoom,Software,149.00,2022
5681,2022-10-30,"American Airlines",Travel,2442.00,2022
5677,2022-10-30,"Delta Airlines",Travel,NULL,2022
5679,2022-10-30,FedEx,Shipping,130.04,2022
5682,2022-10-30,Mailchimp,Marketing,NULL,2022
5676,2022-10-30,Notion,Software,16.00,2022
5680,2022-10-30,Salesforce,Software,800.00,2022
5678,2022-10-30,WeWork,Rent,3200.00,2022
5685,2022-10-31,"American Airlines",Travel,1072.15,2022
5684,2022-10-31,Microsoft,Software,153.96,2022
5683,2022-10-31,QuickBooks,Software,113.95,2022
5687,2022-11-01,Asana,Software,94.62,2022
5692,2022-11-01,DHL,Shipping,125.08,2022
5691,2022-11-01,DHL,Shipping,238.42,2022
5688,2022-11-01,"Google Ads",Marketing,1019.87,2022
5690,2022-11-01,Mailchimp,Marketing,299.00,2022
5689,2022-11-01,Notion,Software,16.00,2022
5686,2022-11-01,Stripe,Software,59.00,2022
5695,2022-11-02,"Delta Airlines",Travel,1889.20,2022
5697,2022-11-02,Microsoft,Software,NULL,2022
5693,2022-11-02,Salesforce,Software,800.00,2022
5694,2022-11-02,Staples,"Office Supplies",148.87,2022
5698,2022-11-02,Uber,Travel,235.80,2022
5696,2022-11-02,Zoom,Software,149.00,2022
5701,2022-11-03,"American Airlines",Travel,528.96,2022
5699,2022-11-03,Dropbox,Software,22.20,2022
5700,2022-11-03,Uber,Travel,NULL,2022
5708,2022-11-04,Expensify,Software,50.00,2022
5706,2022-11-04,"Google Ads",Marketing,2960.92,2022
5703,2022-11-04,Mailchimp,Marketing,299.00,2022
5702,2022-11-04,Marriott,Travel,520.00,2022
5707,2022-11-04,Slack,Software,87.00,2022
5704,2022-11-04,Staples,"Office Supplies",NULL,2022
5705,2022-11-04,Stripe,Software,59.00,2022
5709,2022-11-05,Amazon,"Office Supplies",695.70,2022
5710,2022-11-05,DHL,Shipping,26.00,2022
5711,2022-11-05,FedEx,Shipping,224.90,2022
5712,2022-11-05,HubSpot,Marketing,943.12,2022
5720,2022-11-06,Amazon,"Office Supplies",346.50,2022
5718,2022-11-06,Amazon,"Office Supplies",790.27,2022
5713,2022-11-06,"Delta Airlines",Travel,475.00,2022
5717,2022-11-06,"Google Ads",Marketing,1470.10,2022
5715,2022-11-06,Marriott,Travel,259.80,2022
5719,2022-11-06,Marriott,Travel,322.00,2022
5714,2022-11-06,Staples,"Office Supplies",311.00,2022
5716,2022-11-06,Staples,"Office Supplies",399.20,2022
5721,2022-11-07,"Delta Airlines",Travel,2295.07,2022
5722,2022-11-07,Salesforce,Software,NULL,2022
5723,2022-11-07,Uber,Travel,136.98,2022
5726,2022-11-08,Asana,Software,68.15,2022
5727,2022-11-08,Notion,Software,NULL,2022
5725,2022-11-08,QuickBooks,Software,132.33,2022
5724,2022-11-08,Uber,Travel,64.90,2022
5728,2022-11-08,Uber,Travel,247.48,2022
5729,2022-11-09,FedEx,Shipping,75.00,2022
5730,2022-11-09,"Google Ads",Marketing,2659.10,2022
5732,2022-11-09,Mailchimp,Marketing,299.00,2022
5731,2022-11-09,"Office Depot","Office Supplies",204.00,2022
5738,2022-11-10,"American Airlines",Travel,998.88,2022
5735,2022-11-10,AWS,Software,4685.00,2022
5736,2022-11-10,Stripe,Software,59.00,2022
5733,2022-11-10,Uber,Travel,43.40,2022
5734,2022-11-10,Uber,Travel,65.00,2022
5737,2022-11-10,Uber,Travel,116.00,2022
5740,2022-11-11,FedEx,Shipping,203.00,2022
5739,2022-11-11,HubSpot,Marketing,413.00,2022
5741,2022-11-11,Microsoft,Software,416.70,2022
5744,2022-11-12,"American Airlines",Travel,NULL,2022
5742,2022-11-12,"Google Ads",Marketing,2412.22,2022
5745,2022-11-12,"LinkedIn Ads",Marketing,653.82,2022
5743,2022-11-12,Slack,Software,87.00,2022
5750,2022-11-13,"Delta Airlines",Travel,NULL,2022
5747,2022-11-13,Expensify,Software,50.00,2022
5749,2022-11-13,FedEx,Shipping,NULL,2022
5746,2022-11-13,HubSpot,Marketing,738.00,2022
5748,2022-11-13,Staples,"Office Supplies",55.61,2022
5757,2022-11-14,DHL,Shipping,207.60,2022
5753,2022-11-14,Expensify,Software,50.00,2022
5751,2022-11-14,Marriott,Travel,NULL,2022
5755,2022-11-14,Microsoft,Software,304.80,2022
5758,2022-11-14,Notion,Software,16.00,2022
5752,2022-11-14,Slack,Software,NULL,2022
5754,2022-11-14,Stripe,Software,59.00,2022
5762,2022-11-15,HubSpot,Marketing,588.00,2022
5764,2022-11-15,HubSpot,Marketing,1163.90,2022
5760,2022-11-15,"LinkedIn Ads",Marketing,1946.60,2022
5759,2022-11-15,Marriott,Travel,186.00,2022
5761,2022-11-15,Notion,Software,16.00,2022
5763,2022-11-15,Stripe,Software,59.00,2022
5765,2022-11-15,Uber,Travel,238.40,2022
5768,2022-11-16,Asana,Software,55.19,2022
5770,2022-11-16,"Delta Airlines",Travel,2029.50,2022
5769,2022-11-16,"Delta Airlines",Travel,2170.70,2022
5766,2022-11-16,Marriott,Travel,189.92,2022
5771,2022-11-16,Microsoft,Software,240.68,2022
5767,2022-11-16,QuickBooks,Software,63.03,2022
5775,2022-11-17,Asana,Software,95.00,2022
5772,2022-11-17,Mailchimp,Marketing,299.00,2022
5776,2022-11-17,QuickBooks,Software,68.29,2022
5773,2022-11-17,Staples,"Office Supplies",266.06,2022
5774,2022-11-17,Stripe,Software,59.00,2022
5779,2022-11-18,Dropbox,Software,17.00,2022
5777,2022-11-18,Notion,Software,16.00,2022
5778,2022-11-18,WeWork,Rent,3200.00,2022
5783,2022-11-19,"American Airlines",Travel,1157.87,2022
5781,2022-11-19,Asana,Software,30.00,2022
5785,2022-11-19,"Delta Airlines",Travel,1512.45,2022
5780,2022-11-19,DHL,Shipping,40.89,2022
5784,2022-11-19,Expensify,Software,50.00,2022
5782,2022-11-19,Salesforce,Software,800.00,2022
5786,2022-11-20,"American Airlines",Travel,2530.55,2022
5787,2022-11-20,"Delta Airlines",Travel,1781.60,2022
5788,2022-11-20,QuickBooks,Software,144.21,2022
5792,2022-11-21,Amazon,"Office Supplies",1858.47,2022
5789,2022-11-21,Expensify,Software,50.00,2022
5793,2022-11-21,HubSpot,Marketing,689.20,2022
5790,2022-11-21,"LinkedIn Ads",Marketing,1830.05,2022
5794,2022-11-21,Salesforce,Software,800.00,2022
5791,2022-11-21,Staples,"Office Supplies",190.60,2022
5798,2022-11-22,AWS,Software,3951.21,2022
5795,2022-11-22,QuickBooks,Software,87.40,2022
5796,2022-11-22,QuickBooks,Software,111.48,2022
5797,2022-11-22,Zoom,Software,149.00,2022
5799,2022-11-23,Expensify,Software,50.00,2022
5800,2022-11-23,"LinkedIn Ads",Marketing,NULL,2022
5801,2022-11-23,Mailchimp,Marketing,299.00,2022
5804,2022-11-23,Notion,Software,16.00,2022
5802,2022-11-23,QuickBooks,Software,160.10,2022
5803,2022-11-23,Stripe,Software,59.00,2022
5808,2022-11-24,Asana,Software,85.30,2022
5807,2022-11-24,Marriott,Travel,408.00,2022
5812,2022-11-24,Microsoft,Software,225.77,2022
5805,2022-11-24,Notion,Software,16.00,2022
5810,2022-11-24,Salesforce,Software,800.00,2022
5809,2022-11-24,Uber,Travel,189.00,2022
5811,2022-11-24,Zoom,Software,149.00,2022
5817,2022-11-25,Amazon,"Office Supplies",NULL,2022
5815,2022-11-25,DHL,Shipping,NULL,2022
5818,2022-11-25,Expensify,Software,50.00,2022
5814,2022-11-25,"Google Ads",Marketing,2740.22,2022
5816,2022-11-25,Microsoft,Software,346.00,2022
5813,2022-11-25,Stripe,Software,NULL,2022
5819,2022-11-25,Zoom,Software,149.00,2022
5820,2022-11-26,Microsoft,Software,210.42,2022
5821,2022-11-26,Salesforce,Software,800.00,2022
5824,2022-11-26,Uber,Travel,119.00,2022
5825,2022-11-26,WeWork,Rent,NULL,2022
5822,2022-11-26,WeWork,Rent,3200.00,2022
5823,2022-11-26,Zoom,Software,149.00,2022
5826,2022-11-27,Marriott,Travel,239.00,2022
5828,2022-11-27,Staples,"Office Supplies",58.60,2022
5827,2022-11-27,Staples,"Office Supplies",157.00,2022
5831,2022-11-28,Asana,Software,90.07,2022
5830,2022-11-28,"Delta Airlines",Travel,2243.91,2022
5836,2022-11-28,DHL,Shipping,138.00,2022
5829,2022-11-28,Expensify,Software,50.00,2022
5835,2022-11-28,Salesforce,Software,800.00,2022
5832,2022-11-28,Staples,"Office Supplies",NULL,2022
5833,2022-11-28,Uber,Travel,184.96,2022
5840,2022-11-29,AWS,Software,NULL,2022
5837,2022-11-29,DHL,Shipping,233.00,2022
5842,2022-11-29,Dropbox,Software,23.56,2022
5839,2022-11-29,FedEx,Shipping,65.00,2022
5838,2022-11-29,Salesforce,Software,800.00,2022
5841,2022-11-29,Staples,"Office Supplies",233.30,2022
5847,2022-11-30,"Delta Airlines",Travel,1464.40,2022
5846,2022-11-30,Microsoft,Software,151.73,2022
5844,2022-11-30,Slack,Software,87.00,2022
5845,2022-11-30,Stripe,Software,59.00,2022
5843,2022-11-30,WeWork,Rent,3200.00,2022
5848,2022-12-01,Dropbox,Software,22.80,2022
5850,2022-12-01,"LinkedIn Ads",Marketing,790.00,2022
5849,2022-12-01,Uber,Travel,227.15,2022
5854,2022-12-02,Amazon,"Office Supplies",1967.00,2022
5853,2022-12-02,Marriott,Travel,171.83,2022
5855,2022-12-02,Marriott,Travel,181.12,2022
5852,2022-12-02,Uber,Travel,76.00,2022
5851,2022-12-02,Zoom,Software,149.00,2022
5860,2022-12-03,Asana,Software,NULL,2022
5857,2022-12-03,AWS,Software,3062.60,2022
5859,2022-12-03,HubSpot,Marketing,615.00,2022
5856,2022-12-03,"Office Depot","Office Supplies",NULL,2022
5862,2022-12-03,"Office Depot","Office Supplies",354.91,2022
5861,2022-12-03,Uber,Travel,155.30,2022
5858,2022-12-03,Zoom,Software,149.00,2022
5867,2022-12-04,"American Airlines",Travel,1927.58,2022
5868,2022-12-04,Mailchimp,Marketing,299.00,2022
5864,2022-12-04,Notion,Software,NULL,2022
5865,2022-12-04,Notion,Software,16.00,2022
5863,2022-12-04,Salesforce,Software,800.00,2022
5866,2022-12-04,Zoom,Software,149.00,2022
5873,2022-12-05,Asana,Software,55.00,2022
5872,2022-12-05,AWS,Software,1571.00,2022
5870,2022-12-05,"Delta Airlines",Travel,2157.64,2022
5875,2022-12-05,DHL,Shipping,142.60,2022
5871,2022-12-05,Slack,Software,87.00,2022
5874,2022-12-05,WeWork,Rent,3200.00,2022
5882,2022-12-06,Dropbox,Software,17.10,2022
5876,2022-12-06,Dropbox,Software,22.00,2022
5881,2022-12-06,"Google Ads",Marketing,2039.00,2022
5879,2022-12-06,"Google Ads",Marketing,3421.00,2022
5880,2022-12-06,Marriott,Travel,396.00,2022
5877,2022-12-06,QuickBooks,Software,117.00,2022
5878,2022-12-06,Slack,Software,87.00,2022
5883,2022-12-07,"American Airlines",Travel,206.97,2022
5884,2022-12-07,DHL,Shipping,242.49,2022
5886,2022-12-07,Expensify,Software,50.00,2022
5885,2022-12-07,FedEx,Shipping,63.99,2022
5888,2022-12-08,Asana,Software,68.40,2022
5891,2022-12-08,Dropbox,Software,NULL,2022
5887,2022-12-08,FedEx,Shipping,253.60,2022
5892,2022-12-08,"Google Ads",Marketing,1415.60,2022
5890,2022-12-08,Mailchimp,Marketing,NULL,2022
5889,2022-12-08,Zoom,Software,149.00,2022
5893,2022-12-09,"American Airlines",Travel,2475.10,2022
5894,2022-12-09,Salesforce,Software,800.00,2022
5895,2022-12-09,Uber,Travel,211.20,2022
5898,2022-12-10,HubSpot,Marketing,832.60,2022
5901,2022-12-10,HubSpot,Marketing,864.80,2022
5897,2022-12-10,"LinkedIn Ads",Marketing,1244.60,2022
5899,2022-12-10,Marriott,Travel,244.00,2022
5900,2022-12-10,Notion,Software,16.00,2022
5903,2022-12-11,HubSpot,Marketing,809.38,2022
5902,2022-12-11,Staples,"Office Supplies",339.00,2022
5905,2022-12-11,WeWork,Rent,3200.00,2022
5904,2022-12-11,Zoom,Software,149.00,2022
5909,2022-12-12,QuickBooks,Software,NULL,2022
5907,2022-12-12,QuickBooks,Software,160.46,2022
5906,2022-12-12,Slack,Software,87.00,2022
5908,2022-12-12,Zoom,Software,149.00,2022
5910,2022-12-13,Amazon,"Office Supplies",1332.80,2022
5913,2022-12-13,AWS,Software,3940.81,2022
5912,2022-12-13,Slack,Software,87.00,2022
5911,2022-12-13,Staples,"Office Supplies",300.34,2022
5915,2022-12-14,"American Airlines",Travel,1631.90,2022
5919,2022-12-14,"Delta Airlines",Travel,1044.30,2022
5916,2022-12-14,DHL,Shipping,93.35,2022
5914,2022-12-14,HubSpot,Marketing,885.00,2022
5917,2022-12-14,Mailchimp,Marketing,NULL,2022
5918,2022-12-14,Salesforce,Software,800.00,2022
5925,2022-12-15,Asana,Software,72.25,2022
5921,2022-12-15,DHL,Shipping,227.00,2022
5920,2022-12-15,Expensify,Software,NULL,2022
5924,2022-12-15,FedEx,Shipping,NULL,2022
5923,2022-12-15,"Office Depot","Office Supplies",179.60,2022
5922,2022-12-15,Salesforce,Software,NULL,2022
5929,2022-12-16,AWS,Software,4764.67,2022
5927,2022-12-16,Microsoft,Software,278.68,2022
5930,2022-12-16,"Office Depot","Office Supplies",101.00,2022
5928,2022-12-16,Slack,Software,87.00,2022
5926,2022-12-16,Stripe,Software,59.00,2022
5931,2022-12-16,Uber,Travel,83.60,2022
5939,2022-12-17,Amazon,"Office Supplies",226.15,2022
5934,2022-12-17,Asana,Software,NULL,2022
5940,2022-12-17,Asana,Software,52.40,2022
5937,2022-12-17,AWS,Software,2957.62,2022
5936,2022-12-17,FedEx,Shipping,150.80,2022
5935,2022-12-17,Mailchimp,Marketing,299.00,2022
5938,2022-12-17,"Office Depot","Office Supplies",228.00,2022
5933,2022-12-17,Uber,Travel,187.30,2022
5945,2022-12-18,"American Airlines",Travel,305.69,2022
5943,2022-12-18,Asana,Software,93.70,2022
5942,2022-12-18,AWS,Software,1957.05,2022
5941,2022-12-18,DHL,Shipping,NULL,2022
5944,2022-12-18,Mailchimp,Marketing,299.00,2022
5947,2022-12-18,QuickBooks,Software,71.28,2022
5946,2022-12-18,Salesforce,Software,800.00,2022
5951,2022-12-19,Amazon,"Office Supplies",1898.00,2022
5950,2022-12-19,HubSpot,Marketing,598.00,2022
5948,2022-12-19,Microsoft,Software,181.00,2022
5949,2022-12-19,WeWork,Rent,3200.00,2022
5955,2022-12-20,AWS,Software,1485.13,2022
5953,2022-12-20,"Google Ads",Marketing,2763.00,2022
5954,2022-12-20,HubSpot,Marketing,NULL,2022
5956,2022-12-20,"LinkedIn Ads",Marketing,NULL,2022
5952,2022-12-20,Staples,"Office Supplies",346.30,2022
5960,2022-12-21,DHL,Shipping,132.89,2022
5957,2022-12-21,"Google Ads",Marketing,1007.70,2022
5958,2022-12-21,Notion,Software,16.00,2022
5959,2022-12-21,Slack,Software,87.00,2022
5962,2022-12-22,Expensify,Software,50.00,2022
5964,2022-12-22,Microsoft,Software,382.55,2022
5961,2022-12-22,Notion,Software,16.00,2022
5965,2022-12-22,"Office Depot","Office Supplies",469.10,2022
5966,2022-12-22,QuickBooks,Software,95.22,2022
5968,2022-12-22,Slack,Software,87.00,2022
5969,2022-12-23,Expensify,Software,50.00,2022
5972,2022-12-23,"Google Ads",Marketing,2990.53,2022
5970,2022-12-23,"LinkedIn Ads",Marketing,NULL,2022
5971,2022-12-23,Salesforce,Software,800.00,2022
5974,2022-12-23,Stripe,Software,59.00,2022
5973,2022-12-23,Zoom,Software,149.00,2022
5976,2022-12-24,"LinkedIn Ads",Marketing,1232.33,2022
5975,2022-12-24,Marriott,Travel,346.97,2022
5978,2022-12-24,Salesforce,Software,800.00,2022
5977,2022-12-24,Slack,Software,87.00,2022
5980,2022-12-25,Mailchimp,Marketing,299.00,2022
5981,2022-12-25,Microsoft,Software,448.00,2022
5979,2022-12-25,Stripe,Software,59.00,2022
5986,2022-12-26,FedEx,Shipping,191.49,2022
5985,2022-12-26,Marriott,Travel,557.00,2022
5983,2022-12-26,Slack,Software,87.00,2022
5984,2022-12-26,Staples,"Office Supplies",126.00,2022
5982,2022-12-26,Zoom,Software,149.00,2022
5987,2022-12-27,DHL,Shipping,123.00,2022
5989,2022-12-27,HubSpot,Marketing,658.00,2022
5992,2022-12-27,HubSpot,Marketing,719.46,2022
5990,2022-12-27,Salesforce,Software,800.00,2022
5991,2022-12-27,Stripe,Software,59.00,2022
5988,2022-12-27,WeWork,Rent,NULL,2022
5993,2022-12-28,Amazon,"Office Supplies",671.31,2022
5996,2022-12-28,AWS,Software,1603.57,2022
5999,2022-12-28,"Delta Airlines",Travel,439.76,2022
5998,2022-12-28,Dropbox,Software,20.00,2022
5997,2022-12-28,FedEx,Shipping,64.10,2022
5995,2022-12-28,Marriott,Travel,NULL,2022
5994,2022-12-28,WeWork,Rent,3200.00,2022
6000,2022-12-29,Amazon,"Office Supplies",1208.00,2022
6001,2022-12-29,AWS,Software,3323.03,2022
6004,2022-12-29,Mailchimp,Marketing,299.00,2022
6003,2022-12-29,Uber,Travel,57.00,2022
6002,2022-12-29,Uber,Travel,218.56,2022
6007,2022-12-30,Amazon,"Office Supplies",1023.20,2022
6006,2022-12-30,AWS,Software,2767.33,2022
6009,2022-12-30,"LinkedIn Ads",Marketing,951.80,2022
6008,2022-12-30,Slack,Software,87.00,2022
6005,2022-12-30,WeWork,Rent,3200.00,2022
6010,2022-12-31,"LinkedIn Ads",Marketing,1463.47,2022
6012,2022-12-31,Mailchimp,Marketing,299.00,2022
6011,2022-12-31,Zoom,Software,149.00,2022
6016,2023-01-01,"American Airlines",Travel,252.83,2023
6015,2023-01-01,Dropbox,Software,19.00,2023
6017,2023-01-01,"Google Ads",Marketing,NULL,2023
6013,2023-01-01,"Google Ads",Marketing,2708.20,2023
6014,2023-01-01,Uber,Travel,44.25,2023
6020,2023-01-02,Amazon,"Office Supplies",281.40,2023
6018,2023-01-02,Amazon,"Office Supplies",867.06,2023
6021,2023-01-02,Mailchimp,Marketing,299.00,2023
6019,2023-01-02,Salesforce,Software,800.00,2023
6024,2023-01-03,"Google Ads",Marketing,NULL,2023
6023,2023-01-03,Salesforce,Software,800.00,2023
6025,2023-01-03,Zoom,Software,NULL,2023
6022,2023-01-03,Zoom,Software,149.00,2023
6026,2023-01-04,Asana,Software,83.03,2023
6030,2023-01-04,"Delta Airlines",Travel,648.00,2023
6029,2023-01-04,FedEx,Shipping,87.20,2023
6028,2023-01-04,Mailchimp,Marketing,299.00,2023
6033,2023-01-04,Microsoft,Software,420.40,2023
6027,2023-01-04,"Office Depot","Office Supplies",127.64,2023
6031,2023-01-04,Salesforce,Software,800.00,2023
6034,2023-01-05,Amazon,"Office Supplies",429.20,2023
6039,2023-01-05,DHL,Shipping,153.00,2023
6035,2023-01-05,"LinkedIn Ads",Marketing,789.99,2023
6037,2023-01-05,"LinkedIn Ads",Marketing,1625.50,2023
6036,2023-01-05,Marriott,Travel,514.61,2023
6038,2023-01-05,QuickBooks,Software,167.00,2023
6040,2023-01-06,Asana,Software,63.00,2023
6041,2023-01-06,"Office Depot","Office Supplies",73.30,2023
6042,2023-01-06,Staples,"Office Supplies",179.82,2023
6043,2023-01-06,Stripe,Software,59.00,2023
6047,2023-01-07,"Google Ads",Marketing,1579.00,2023
6045,2023-01-07,"LinkedIn Ads",Marketing,950.00,2023
6044,2023-01-07,Mailchimp,Marketing,299.00,2023
6048,2023-01-07,"Office Depot","Office Supplies",215.09,2023
6052,2023-01-08,AWS,Software,4634.14,2023
6049,2023-01-08,"Delta Airlines",Travel,1534.60,2023
6051,2023-01-08,Marriott,Travel,262.40,2023
6053,2023-01-08,Salesforce,Software,800.00,2023
6050,2023-01-08,Zoom,Software,149.00,2023
6054,2023-01-09,"American Airlines",Travel,2815.23,2023
6060,2023-01-09,"LinkedIn Ads",Marketing,644.27,2023
6056,2023-01-09,"LinkedIn Ads",Marketing,1322.80,2023
6057,2023-01-09,Mailchimp,Marketing,NULL,2023
6059,2023-01-09,Notion,Software,16.00,2023
6055,2023-01-09,Salesforce,Software,800.00,2023
6058,2023-01-09,Slack,Software,87.00,2023
6064,2023-01-10,"American Airlines",Travel,664.93,2023
6063,2023-01-10,"Delta Airlines",Travel,1342.80,2023
6069,2023-01-10,"Delta Airlines",Travel,1602.70,2023
6062,2023-01-10,Expensify,Software,50.00,2023
6066,2023-01-10,HubSpot,Marketing,NULL,2023
6065,2023-01-10,Slack,Software,87.00,2023
6067,2023-01-10,Staples,"Office Supplies",306.17,2023
6068,2023-01-10,Zoom,Software,149.00,2023
6075,2023-01-11,Amazon,"Office Supplies",508.00,2023
6073,2023-01-11,"Delta Airlines",Travel,2317.75,2023
6074,2023-01-11,Expensify,Software,50.00,2023
6070,2023-01-11,"Google Ads",Marketing,1672.95,2023
6071,2023-01-11,Marriott,Travel,410.17,2023
6072,2023-01-11,Staples,"Office Supplies",344.90,2023
6080,2023-01-12,"Delta Airlines",Travel,1023.00,2023
6079,2023-01-12,DHL,Shipping,30.75,2023
6076,2023-01-12,DHL,Shipping,42.98,2023
6078,2023-01-12,Notion,Software,16.00,2023
6082,2023-01-12,"Office Depot","Office Supplies",NULL,2023
6077,2023-01-12,QuickBooks,Software,103.00,2023
6081,2023-01-12,Slack,Software,NULL,2023
6089,2023-01-13,AWS,Software,NULL,2023
6086,2023-01-13,AWS,Software,3352.00,2023
6090,2023-01-13,HubSpot,Marketing,472.00,2023
6087,2023-01-13,HubSpot,Marketing,1035.00,2023
6083,2023-01-13,Mailchimp,Marketing,299.00,2023
6084,2023-01-13,"Office Depot","Office Supplies",384.54,2023
6085,2023-01-13,Stripe,Software,59.00,2023
6088,2023-01-13,WeWork,Rent,3200.00,2023
6094,2023-01-14,"LinkedIn Ads",Marketing,1888.74,2023
6096,2023-01-14,Mailchimp,Marketing,299.00,2023
6095,2023-01-14,Marriott,Travel,584.17,2023
6092,2023-01-14,"Office Depot","Office Supplies",41.71,2023
6091,2023-01-14,QuickBooks,Software,142.35,2023
6097,2023-01-14,Stripe,Software,59.00,2023
6093,2023-01-14,Uber,Travel,70.60,2023
6100,2023-01-15,"American Airlines",Travel,1538.56,2023
6101,2023-01-15,AWS,Software,4219.20,2023
6099,2023-01-15,"Delta Airlines",Travel,NULL,2023
6102,2023-01-15,"Delta Airlines",Travel,2325.72,2023
6098,2023-01-15,HubSpot,Marketing,608.91,2023
6103,2023-01-16,AWS,Software,674.63,2023
6104,2023-01-16,AWS,Software,756.83,2023
6107,2023-01-16,"Google Ads",Marketing,3420.75,2023
6105,2023-01-16,Notion,Software,16.00,2023
6106,2023-01-16,Zoom,Software,149.00,2023
6110,2023-01-17,"American Airlines",Travel,410.23,2023
6111,2023-01-17,"LinkedIn Ads",Marketing,1214.70,2023
6109,2023-01-17,QuickBooks,Software,88.90,2023
6112,2023-01-17,Staples,"Office Supplies",153.10,2023
6108,2023-01-17,WeWork,Rent,3200.00,2023
6114,2023-01-18,AWS,Software,1648.00,2023
6113,2023-01-18,HubSpot,Marketing,NULL,2023
6116,2023-01-18,Mailchimp,Marketing,NULL,2023
6115,2023-01-18,Slack,Software,87.00,2023
6118,2023-01-19,"Delta Airlines",Travel,1029.30,2023
6119,2023-01-19,DHL,Shipping,NULL,2023
6117,2023-01-19,WeWork,Rent,NULL,2023
6122,2023-01-20,Amazon,"Office Supplies",364.00,2023
6120,2023-01-20,FedEx,Shipping,127.66,2023
6123,2023-01-20,Marriott,Travel,513.90,2023
6124,2023-01-20,Notion,Software,16.00,2023
6121,2023-01-20,"Office Depot","Office Supplies",338.31,2023
6128,2023-01-21,"American Airlines",Travel,2245.00,2023
6126,2023-01-21,Asana,Software,49.76,2023
6129,2023-01-21,DHL,Shipping,231.00,2023
6125,2023-01-21,Dropbox,Software,24.10,2023
6131,2023-01-21,Expensify,Software,NULL,2023
6130,2023-01-21,"Office Depot","Office Supplies",267.29,2023
6127,2023-01-21,Uber,Travel,NULL,2023
6136,2023-01-22,Amazon,"Office Supplies",1975.00,2023
6134,2023-01-22,AWS,Software,NULL,2023
6133,2023-01-22,FedEx,Shipping,46.73,2023
6137,2023-01-22,"Google Ads",Marketing,1503.80,2023
6135,2023-01-22,QuickBooks,Software,NULL,2023
6132,2023-01-22,Staples,"Office Supplies",96.60,2023
6138,2023-01-23,Amazon,"Office Supplies",106.50,2023
6139,2023-01-23,"LinkedIn Ads",Marketing,NULL,2023
6140,2023-01-23,"Office Depot","Office Supplies",77.14,2023
6141,2023-01-24,AWS,Software,2156.69,2023
6142,2023-01-24,Slack,Software,87.00,2023
6143,2023-01-24,Zoom,Software,149.00,2023
6145,2023-01-25,AWS,Software,1768.36,2023
6146,2023-01-25,FedEx,Shipping,299.00,2023
6144,2023-01-25,HubSpot,Marketing,NULL,2023
6147,2023-01-25,Uber,Travel,NULL,2023
6153,2023-01-26,Amazon,"Office Supplies",1603.94,2023
6149,2023-01-26,FedEx,Shipping,NULL,2023
6150,2023-01-26,Mailchimp,Marketing,NULL,2023
6151,2023-01-26,"Office Depot","Office Supplies",177.80,2023
6154,2023-01-26,QuickBooks,Software,141.00,2023
6148,2023-01-26,Stripe,Software,59.00,2023
6152,2023-01-26,Zoom,Software,149.00,2023
6157,2023-01-27,Amazon,"Office Supplies",NULL,2023
6156,2023-01-27,Amazon,"Office Supplies",342.49,2023
6158,2023-01-27,"American Airlines",Travel,2841.02,2023
6159,2023-01-27,Asana,Software,53.30,2023
6161,2023-01-27,Expensify,Software,50.00,2023
6160,2023-01-27,QuickBooks,Software,84.10,2023
6155,2023-01-27,Uber,Travel,191.67,2023
6163,2023-01-28,Amazon,"Office Supplies",832.50,2023
6168,2023-01-28,Asana,Software,70.00,2023
6165,2023-01-28,Expensify,Software,50.00,2023
6164,2023-01-28,HubSpot,Marketing,913.98,2023
6166,2023-01-28,Slack,Software,87.00,2023
6167,2023-01-28,Stripe,Software,59.00,2023
6162,2023-01-28,Uber,Travel,77.33,2023
6174,2023-01-29,Amazon,"Office Supplies",816.80,2023
6173,2023-01-29,"American Airlines",Travel,1034.50,2023
6171,2023-01-29,HubSpot,Marketing,1007.65,2023
6172,2023-01-29,"LinkedIn Ads",Marketing,1404.11,2023
6170,2023-01-29,Notion,Software,16.00,2023
6169,2023-01-29,Salesforce,Software,800.00,2023
6180,2023-01-30,Dropbox,Software,17.80,2023
6176,2023-01-30,FedEx,Shipping,NULL,2023
6179,2023-01-30,HubSpot,Marketing,446.87,2023
6178,2023-01-30,"LinkedIn Ads",Marketing,NULL,2023
6177,2023-01-30,Salesforce,Software,800.00,2023
6181,2023-01-31,Asana,Software,41.20,2023
6183,2023-01-31,"Google Ads",Marketing,1672.39,2023
6184,2023-01-31,HubSpot,Marketing,625.59,2023
6182,2023-01-31,Microsoft,Software,244.30,2023
6186,2023-01-31,"Office Depot","Office Supplies",NULL,2023
6185,2023-01-31,Stripe,Software,59.00,2023
6187,2023-01-31,Zoom,Software,149.00,2023
6191,2023-02-01,Amazon,"Office Supplies",408.10,2023
6189,2023-02-01,Salesforce,Software,800.00,2023
6190,2023-02-01,Staples,"Office Supplies",110.90,2023
6188,2023-02-01,Staples,"Office Supplies",260.00,2023
6193,2023-02-02,Asana,Software,85.00,2023
6194,2023-02-02,FedEx,Shipping,87.13,2023
6192,2023-02-02,Mailchimp,Marketing,299.00,2023
6199,2023-02-03,Asana,Software,39.00,2023
6198,2023-02-03,Expensify,Software,50.00,2023
6196,2023-02-03,Mailchimp,Marketing,NULL,2023
6195,2023-02-03,QuickBooks,Software,119.90,2023
6197,2023-02-03,Zoom,Software,149.00,2023
6200,2023-02-04,"LinkedIn Ads",Marketing,1196.02,2023
6201,2023-02-04,Slack,Software,87.00,2023
6202,2023-02-04,Staples,"Office Supplies",183.86,2023
6206,2023-02-05,Amazon,"Office Supplies",NULL,2023
6204,2023-02-05,"Delta Airlines",Travel,566.44,2023
6207,2023-02-05,DHL,Shipping,NULL,2023
6205,2023-02-05,Dropbox,Software,15.00,2023
6203,2023-02-05,Mailchimp,Marketing,299.00,2023
6208,2023-02-05,QuickBooks,Software,81.66,2023
6214,2023-02-06,Amazon,"Office Supplies",1481.48,2023
6209,2023-02-06,Asana,Software,64.10,2023
6211,2023-02-06,"LinkedIn Ads",Marketing,649.00,2023
6212,2023-02-06,Staples,"Office Supplies",300.40,2023
6210,2023-02-06,Uber,Travel,204.00,2023
6213,2023-02-06,WeWork,Rent,3200.00,2023
6215,2023-02-07,Amazon,"Office Supplies",642.74,2023
6218,2023-02-07,Microsoft,Software,266.00,2023
6217,2023-02-07,QuickBooks,Software,131.58,2023
6216,2023-02-07,Zoom,Software,NULL,2023
6219,2023-02-08,Expensify,Software,50.00,2023
6222,2023-02-08,"LinkedIn Ads",Marketing,1567.00,2023
6220,2023-02-08,"Office Depot","Office Supplies",195.79,2023
6221,2023-02-08,WeWork,Rent,3200.00,2023
6226,2023-02-09,AWS,Software,2827.71,2023
6223,2023-02-09,DHL,Shipping,131.00,2023
6225,2023-02-09,HubSpot,Marketing,469.00,2023
6224,2023-02-09,WeWork,Rent,3200.00,2023
6229,2023-02-10,Amazon,"Office Supplies",834.10,2023
6227,2023-02-10,Asana,Software,34.19,2023
6230,2023-02-10,"Delta Airlines",Travel,1037.66,2023
6228,2023-02-10,DHL,Shipping,50.60,2023
6231,2023-02-10,DHL,Shipping,134.42,2023
6233,2023-02-10,QuickBooks,Software,116.60,2023
6232,2023-02-10,WeWork,Rent,3200.00,2023
6235,2023-02-11,Amazon,"Office Supplies",176.08,2023
6236,2023-02-11,Expensify,Software,50.00,2023
6238,2023-02-11,Mailchimp,Marketing,NULL,2023
6237,2023-02-11,Notion,Software,16.00,2023
6242,2023-02-12,AWS,Software,3363.70,2023
6243,2023-02-12,"LinkedIn Ads",Marketing,NULL,2023
6239,2023-02-12,"LinkedIn Ads",Marketing,1016.90,2023
6241,2023-02-12,"Office Depot","Office Supplies",483.29,2023
6240,2023-02-12,Staples,"Office Supplies",264.40,2023
6244,2023-02-13,Dropbox,Software,NULL,2023
6246,2023-02-13,FedEx,Shipping,82.00,2023
6247,2023-02-13,"Google Ads",Marketing,1963.92,2023
6245,2023-02-13,Stripe,Software,NULL,2023
6250,2023-02-14,AWS,Software,4760.90,2023
6252,2023-02-14,"LinkedIn Ads",Marketing,890.00,2023
6249,2023-02-14,Salesforce,Software,800.00,2023
6248,2023-02-14,WeWork,Rent,3200.00,2023
6254,2023-02-15,"American Airlines",Travel,1229.00,2023
6253,2023-02-15,"LinkedIn Ads",Marketing,739.00,2023
6255,2023-02-15,"LinkedIn Ads",Marketing,1438.20,2023
6256,2023-02-15,Notion,Software,16.00,2023
6259,2023-02-15,"Office Depot","Office Supplies",89.40,2023
6257,2023-02-15,Staples,"Office Supplies",236.84,2023
6258,2023-02-15,Zoom,Software,NULL,2023
6261,2023-02-16,"American Airlines",Travel,261.00,2023
6260,2023-02-16,AWS,Software,1060.00,2023
6265,2023-02-16,"Delta Airlines",Travel,943.96,2023
6264,2023-02-16,DHL,Shipping,NULL,2023
6266,2023-02-16,Microsoft,Software,468.80,2023
6262,2023-02-16,Stripe,Software,59.00,2023
6263,2023-02-16,WeWork,Rent,NULL,2023
6267,2023-02-16,Zoom,Software,149.00,2023
6272,2023-02-17,"American Airlines",Travel,357.00,2023
6275,2023-02-17,"Delta Airlines",Travel,1195.39,2023
6270,2023-02-17,Expensify,Software,50.00,2023
6271,2023-02-17,"Office Depot","Office Supplies",144.22,2023
6268,2023-02-17,QuickBooks,Software,NULL,2023
6269,2023-02-17,QuickBooks,Software,129.00,2023
6273,2023-02-17,Salesforce,Software,800.00,2023
6274,2023-02-17,Staples,"Office Supplies",318.10,2023
6280,2023-02-18,"Delta Airlines",Travel,2484.30,2023
6281,2023-02-18,DHL,Shipping,NULL,2023
6282,2023-02-18,Dropbox,Software,16.70,2023
6276,2023-02-18,"LinkedIn Ads",Marketing,NULL,2023
6278,2023-02-18,Marriott,Travel,454.00,2023
6277,2023-02-18,Zoom,Software,149.00,2023
6286,2023-02-19,Amazon,"Office Supplies",1168.30,2023
6285,2023-02-19,Asana,Software,94.21,2023
6288,2023-02-19,"Delta Airlines",Travel,620.26,2023
6283,2023-02-19,Marriott,Travel,NULL,2023
6284,2023-02-19,Staples,"Office Supplies",53.00,2023
6287,2023-02-19,Stripe,Software,59.00,2023
6289,2023-02-20,"Delta Airlines",Travel,1123.24,2023
6292,2023-02-20,HubSpot,Marketing,1102.22,2023
6293,2023-02-20,Microsoft,Software,NULL,2023
6291,2023-02-20,Slack,Software,87.00,2023
6295,2023-02-20,Staples,"Office Supplies",362.77,2023
6294,2023-02-20,Uber,Travel,NULL,2023
6290,2023-02-20,WeWork,Rent,3200.00,2023
6299,2023-02-21,Asana,Software,NULL,2023
6296,2023-02-21,"Delta Airlines",Travel,1449.00,2023
6297,2023-02-21,Dropbox,Software,21.50,2023
6300,2023-02-21,Dropbox,Software,24.30,2023
6298,2023-02-21,Salesforce,Software,NULL,2023
6301,2023-02-22,AWS,Software,4235.00,2023
6302,2023-02-22,Uber,Travel,54.63,2023
6303,2023-02-22,Zoom,Software,149.00,2023
6304,2023-02-23,Asana,Software,66.90,2023
6305,2023-02-23,AWS,Software,3568.29,2023
6309,2023-02-23,DHL,Shipping,69.80,2023
6308,2023-02-23,Expensify,Software,50.00,2023
6306,2023-02-23,FedEx,Shipping,174.20,2023
6307,2023-02-23,Slack,Software,87.00,2023
6311,2023-02-24,"Delta Airlines",Travel,1124.83,2023
6310,2023-02-24,Marriott,Travel,NULL,2023
6312,2023-02-24,Notion,Software,16.00,2023
6313,2023-02-25,FedEx,Shipping,104.20,2023
6319,2023-02-25,HubSpot,Marketing,787.90,2023
6318,2023-02-25,HubSpot,Marketing,1051.50,2023
6315,2023-02-25,Microsoft,Software,205.73,2023
6314,2023-02-25,Notion,Software,16.00,2023
6317,2023-02-25,Salesforce,Software,NULL,2023
6316,2023-02-25,Slack,Software,87.00,2023
6320,2023-02-26,Amazon,"Office Supplies",388.09,2023
6321,2023-02-26,"Google Ads",Marketing,3232.60,2023
6322,2023-02-26,"Office Depot","Office Supplies",210.60,2023
6323,2023-02-26,Stripe,Software,59.00,2023
6327,2023-02-27,AWS,Software,800.30,2023
6326,2023-02-27,"Delta Airlines",Travel,NULL,2023
6325,2023-02-27,"LinkedIn Ads",Marketing,659.70,2023
6324,2023-02-27,Salesforce,Software,800.00,2023
6329,2023-02-28,AWS,Software,4008.12,2023
6332,2023-02-28,"Delta Airlines",Travel,302.41,2023
6328,2023-02-28,Expensify,Software,50.00,2023
6335,2023-02-28,Microsoft,Software,386.30,2023
6331,2023-02-28,Salesforce,Software,800.00,2023
6330,2023-02-28,Slack,Software,87.00,2023
6334,2023-02-28,Zoom,Software,149.00,2023
6337,2023-03-01,AWS,Software,650.90,2023
6340,2023-03-01,FedEx,Shipping,240.70,2023
6336,2023-03-01,Marriott,Travel,446.40,2023
6338,2023-03-01,Slack,Software,87.00,2023
6343,2023-03-02,Amazon,"Office Supplies",133.18,2023
6345,2023-03-02,DHL,Shipping,110.47,2023
6342,2023-03-02,Dropbox,Software,23.00,2023
6344,2023-03-02,"Google Ads",Marketing,3327.66,2023
6341,2023-03-02,Microsoft,Software,164.20,2023
6346,2023-03-02,"Office Depot","Office Supplies",245.68,2023
6349,2023-03-03,"American Airlines",Travel,996.60,2023
6348,2023-03-03,Asana,Software,79.00,2023
6350,2023-03-03,Uber,Travel,235.81,2023
6347,2023-03-03,WeWork,Rent,3200.00,2023
6353,2023-03-04,"LinkedIn Ads",Marketing,513.37,2023
6351,2023-03-04,Salesforce,Software,800.00,2023
6352,2023-03-04,WeWork,Rent,3200.00,2023
6355,2023-03-05,Expensify,Software,50.00,2023
6357,2023-03-05,FedEx,Shipping,NULL,2023
6354,2023-03-05,FedEx,Shipping,185.00,2023
6356,2023-03-05,Mailchimp,Marketing,299.00,2023
6358,2023-03-05,Slack,Software,87.00,2023
6359,2023-03-05,Stripe,Software,59.00,2023
6367,2023-03-06,Amazon,"Office Supplies",1137.60,2023
6362,2023-03-06,"American Airlines",Travel,588.40,2023
6363,2023-03-06,FedEx,Shipping,78.00,2023
6365,2023-03-06,Marriott,Travel,374.13,2023
6364,2023-03-06,Staples,"Office Supplies",238.55,2023
6360,2023-03-06,Staples,"Office Supplies",348.57,2023
6366,2023-03-06,Uber,Travel,248.93,2023
6361,2023-03-06,Zoom,Software,149.00,2023
6368,2023-03-07,DHL,Shipping,192.00,2023
6372,2023-03-07,QuickBooks,Software,140.49,2023
6371,2023-03-07,Staples,"Office Supplies",384.03,2023
6370,2023-03-07,Stripe,Software,59.00,2023
6369,2023-03-07,WeWork,Rent,3200.00,2023
6375,2023-03-08,Amazon,"Office Supplies",NULL,2023
6374,2023-03-08,Asana,Software,79.89,2023
6373,2023-03-08,"LinkedIn Ads",Marketing,1767.50,2023
6376,2023-03-08,Uber,Travel,189.12,2023
6377,2023-03-08,WeWork,Rent,3200.00,2023
6381,2023-03-09,Asana,Software,77.81,2023
6380,2023-03-09,HubSpot,Marketing,1104.62,2023
6378,2023-03-09,HubSpot,Marketing,1173.74,2023
6379,2023-03-09,Salesforce,Software,800.00,2023
6382,2023-03-09,Uber,Travel,279.30,2023
6386,2023-03-10,Dropbox,Software,15.00,2023
6384,2023-03-10,"Google Ads",Marketing,2241.23,2023
6383,2023-03-10,"LinkedIn Ads",Marketing,632.80,2023
6388,2023-03-10,"Office Depot","Office Supplies",NULL,2023
6387,2023-03-10,"Office Depot","Office Supplies",245.00,2023
6385,2023-03-10,Zoom,Software,149.00,2023
6392,2023-03-11,AWS,Software,4663.00,2023
6395,2023-03-11,AWS,Software,4993.00,2023
6391,2023-03-11,DHL,Shipping,200.40,2023
6389,2023-03-11,Mailchimp,Marketing,299.00,2023
6394,2023-03-11,Marriott,Travel,288.79,2023
6396,2023-03-11,QuickBooks,Software,53.70,2023
6390,2023-03-11,Uber,Travel,294.46,2023
6393,2023-03-11,Zoom,Software,149.00,2023
6400,2023-03-12,Amazon,"Office Supplies",266.79,2023
6398,2023-03-12,AWS,Software,2111.02,2023
6401,2023-03-12,Expensify,Software,50.00,2023
6402,2023-03-12,"Google Ads",Marketing,1947.81,2023
6397,2023-03-12,"LinkedIn Ads",Marketing,1218.40,2023
6399,2023-03-12,"LinkedIn Ads",Marketing,1890.00,2023
6403,2023-03-13,"American Airlines",Travel,2125.80,2023
6408,2023-03-13,Asana,Software,63.40,2023
6406,2023-03-13,Expensify,Software,50.00,2023
6405,2023-03-13,"Google Ads",Marketing,1305.61,2023
6407,2023-03-13,Notion,Software,16.00,2023
6409,2023-03-13,Salesforce,Software,800.00,2023
6404,2023-03-13,WeWork,Rent,3200.00,2023
6410,2023-03-14,Amazon,"Office Supplies",1143.00,2023
6412,2023-03-14,"American Airlines",Travel,2835.30,2023
6414,2023-03-14,AWS,Software,2846.89,2023
6411,2023-03-14,Marriott,Travel,389.49,2023
6413,2023-03-14,Slack,Software,87.00,2023
6418,2023-03-15,Dropbox,Software,NULL,2023
6416,2023-03-15,FedEx,Shipping,248.40,2023
6415,2023-03-15,Notion,Software,16.00,2023
6417,2023-03-15,WeWork,Rent,3200.00,2023
6421,2023-03-16,Dropbox,Software,24.50,2023
6422,2023-03-16,FedEx,Shipping,206.26,2023
6419,2023-03-16,"Office Depot","Office Supplies",50.49,2023
6423,2023-03-16,QuickBooks,Software,52.17,2023
6420,2023-03-16,Stripe,Software,59.00,2023
6425,2023-03-17,QuickBooks,Software,51.70,2023
6426,2023-03-17,QuickBooks,Software,54.70,2023
6424,2023-03-17,Slack,Software,87.00,2023
6431,2023-03-18,Amazon,"Office Supplies",1886.80,2023
6427,2023-03-18,DHL,Shipping,169.70,2023
6428,2023-03-18,"Google Ads",Marketing,1413.07,2023
6429,2023-03-18,Slack,Software,NULL,2023
6432,2023-03-18,Staples,"Office Supplies",277.00,2023
6430,2023-03-18,Uber,Travel,33.68,2023
6434,2023-03-19,Amazon,"Office Supplies",1424.84,2023
6438,2023-03-19,"Delta Airlines",Travel,1096.00,2023
6436,2023-03-19,"LinkedIn Ads",Marketing,1517.00,2023
6439,2023-03-19,Mailchimp,Marketing,299.00,2023
6433,2023-03-19,Notion,Software,16.00,2023
6435,2023-03-19,QuickBooks,Software,149.00,2023
6440,2023-03-19,Staples,"Office Supplies",279.40,2023
6437,2023-03-19,Uber,Travel,224.50,2023
6445,2023-03-20,"Delta Airlines",Travel,1255.00,2023
6443,2023-03-20,DHL,Shipping,236.40,2023
6441,2023-03-20,Dropbox,Software,16.00,2023
6442,2023-03-20,Dropbox,Software,16.98,2023
6444,2023-03-20,QuickBooks,Software,70.80,2023
6450,2023-03-21,DHL,Shipping,211.55,2023
6448,2023-03-21,Dropbox,Software,24.01,2023
6447,2023-03-21,Expensify,Software,50.00,2023
6452,2023-03-21,HubSpot,Marketing,NULL,2023
6451,2023-03-21,Marriott,Travel,343.00,2023
6449,2023-03-21,"Office Depot","Office Supplies",445.40,2023
6446,2023-03-21,Salesforce,Software,NULL,2023
6454,2023-03-22,Asana,Software,42.20,2023
6456,2023-03-22,"Delta Airlines",Travel,916.80,2023
6455,2023-03-22,"Google Ads",Marketing,NULL,2023
6457,2023-03-22,Notion,Software,16.00,2023
6453,2023-03-22,Salesforce,Software,800.00,2023
6458,2023-03-23,AWS,Software,4553.00,2023
6462,2023-03-23,FedEx,Shipping,50.00,2023
6464,2023-03-23,HubSpot,Marketing,475.37,2023
6460,2023-03-23,Mailchimp,Marketing,NULL,2023
6463,2023-03-23,Microsoft,Software,NULL,2023
6459,2023-03-23,Stripe,Software,59.00,2023
6465,2023-03-23,WeWork,Rent,3200.00,2023
6461,2023-03-23,Zoom,Software,149.00,2023
6468,2023-03-24,"Delta Airlines",Travel,473.07,2023
6473,2023-03-24,DHL,Shipping,102.00,2023
6466,2023-03-24,DHL,Shipping,176.28,2023
6471,2023-03-24,"Google Ads",Marketing,3189.28,2023
6472,2023-03-24,HubSpot,Marketing,747.30,2023
6467,2023-03-24,"Office Depot","Office Supplies",260.00,2023
6469,2023-03-24,Slack,Software,87.00,2023
6470,2023-03-24,Stripe,Software,59.00,2023
6478,2023-03-25,DHL,Shipping,227.00,2023
6475,2023-03-25,FedEx,Shipping,116.00,2023
6474,2023-03-25,Mailchimp,Marketing,299.00,2023
6477,2023-03-25,Notion,Software,NULL,2023
6476,2023-03-25,QuickBooks,Software,148.36,2023
6479,2023-03-25,Salesforce,Software,800.00,2023
6482,2023-03-26,"Delta Airlines",Travel,844.39,2023
6487,2023-03-26,Dropbox,Software,24.80,2023
6484,2023-03-26,FedEx,Shipping,290.46,2023
6481,2023-03-26,"Google Ads",Marketing,NULL,2023
6486,2023-03-26,"Office Depot","Office Supplies",229.43,2023
6485,2023-03-26,"Office Depot","Office Supplies",229.94,2023
6480,2023-03-26,Uber,Travel,279.40,2023
6483,2023-03-26,Zoom,Software,149.00,2023
6488,2023-03-27,Amazon,"Office Supplies",1219.40,2023
6490,2023-03-27,Mailchimp,Marketing,299.00,2023
6489,2023-03-27,Notion,Software,16.00,2023
6491,2023-03-27,WeWork,Rent,3200.00,2023
6494,2023-03-28,Expensify,Software,50.00,2023
6496,2023-03-28,Microsoft,Software,325.73,2023
6495,2023-03-28,"Office Depot","Office Supplies",131.20,2023
6492,2023-03-28,Salesforce,Software,800.00,2023
6493,2023-03-28,Zoom,Software,149.00,2023
6503,2023-03-29,"American Airlines",Travel,1127.00,2023
6498,2023-03-29,Asana,Software,87.00,2023
6501,2023-03-29,AWS,Software,1936.70,2023
6502,2023-03-29,Expensify,Software,50.00,2023
6500,2023-03-29,Marriott,Travel,256.90,2023
6497,2023-03-29,Microsoft,Software,NULL,2023
6504,2023-03-29,QuickBooks,Software,83.64,2023
6499,2023-03-29,Uber,Travel,261.94,2023
6509,2023-03-30,Amazon,"Office Supplies",875.20,2023
6508,2023-03-30,AWS,Software,769.00,2023
6507,2023-03-30,DHL,Shipping,172.00,2023
6510,2023-03-30,DHL,Shipping,235.60,2023
6512,2023-03-30,"Google Ads",Marketing,2174.93,2023
6506,2023-03-30,Mailchimp,Marketing,NULL,2023
6505,2023-03-30,Microsoft,Software,237.00,2023
6511,2023-03-30,Salesforce,Software,800.00,2023
6519,2023-03-31,Amazon,"Office Supplies",939.93,2023
6513,2023-03-31,Asana,Software,NULL,2023
6514,2023-03-31,AWS,Software,1297.22,2023
6520,2023-03-31,FedEx,Shipping,NULL,2023
6517,2023-03-31,"Office Depot","Office Supplies",257.00,2023
6516,2023-03-31,Salesforce,Software,800.00,2023
6515,2023-03-31,Slack,Software,87.00,2023
6518,2023-03-31,Zoom,Software,149.00,2023
6525,2023-04-01,"Google Ads",Marketing,2405.00,2023
6523,2023-04-01,HubSpot,Marketing,795.49,2023
6524,2023-04-01,Marriott,Travel,573.06,2023
6521,2023-04-01,Uber,Travel,32.80,2023
6522,2023-04-01,Zoom,Software,149.00,2023
6527,2023-04-02,Amazon,"Office Supplies",1248.72,2023
6530,2023-04-02,Mailchimp,Marketing,299.00,2023
6529,2023-04-02,Microsoft,Software,368.90,2023
6528,2023-04-02,Stripe,Software,59.00,2023
6531,2023-04-02,Uber,Travel,50.39,2023
6526,2023-04-02,Uber,Travel,94.00,2023
6537,2023-04-03,DHL,Shipping,189.50,2023
6536,2023-04-03,FedEx,Shipping,246.98,2023
6532,2023-04-03,"Google Ads",Marketing,993.00,2023
6533,2023-04-03,Slack,Software,87.00,2023
6542,2023-04-04,Dropbox,Software,20.90,2023
6544,2023-04-04,FedEx,Shipping,73.64,2023
6543,2023-04-04,"LinkedIn Ads",Marketing,NULL,2023
6539,2023-04-04,"LinkedIn Ads",Marketing,1761.64,2023
6541,2023-04-04,Marriott,Travel,NULL,2023
6540,2023-04-04,QuickBooks,Software,171.99,2023
6538,2023-04-04,Slack,Software,87.00,2023
6545,2023-04-05,AWS,Software,4584.00,2023
6546,2023-04-05,Mailchimp,Marketing,299.00,2023
6547,2023-04-05,QuickBooks,Software,137.00,2023
6550,2023-04-06,Asana,Software,48.00,2023
6548,2023-04-06,"Google Ads",Marketing,NULL,2023
6549,2023-04-06,WeWork,Rent,3200.00,2023
6553,2023-04-07,Expensify,Software,NULL,2023
6554,2023-04-07,Expensify,Software,50.00,2023
6552,2023-04-07,FedEx,Shipping,127.99,2023
6551,2023-04-07,FedEx,Shipping,149.30,2023
6555,2023-04-07,"Office Depot","Office Supplies",96.00,2023
6559,2023-04-08,"Delta Airlines",Travel,1497.80,2023
6558,2023-04-08,FedEx,Shipping,134.50,2023
6561,2023-04-08,Marriott,Travel,212.00,2023
6560,2023-04-08,Marriott,Travel,278.92,2023
6557,2023-04-08,"Office Depot","Office Supplies",237.09,2023
6556,2023-04-08,Slack,Software,87.00,2023
6564,2023-04-09,Amazon,"Office Supplies",664.03,2023
6565,2023-04-09,Expensify,Software,NULL,2023
6566,2023-04-09,"Google Ads",Marketing,NULL,2023
6568,2023-04-09,HubSpot,Marketing,989.70,2023
6567,2023-04-09,Microsoft,Software,NULL,2023
6563,2023-04-09,Staples,"Office Supplies",111.57,2023
6562,2023-04-09,Staples,"Office Supplies",386.50,2023
6569,2023-04-09,Stripe,Software,59.00,2023
6572,2023-04-10,Amazon,"Office Supplies",153.80,2023
6571,2023-04-10,Amazon,"Office Supplies",511.26,2023
6573,2023-04-10,DHL,Shipping,160.80,2023
6574,2023-04-10,Marriott,Travel,252.00,2023
6570,2023-04-10,Staples,"Office Supplies",238.50,2023
6581,2023-04-11,AWS,Software,795.57,2023
6579,2023-04-11,DHL,Shipping,NULL,2023
6576,2023-04-11,DHL,Shipping,169.87,2023
6580,2023-04-11,Expensify,Software,50.00,2023
6575,2023-04-11,"Google Ads",Marketing,2816.41,2023
6577,2023-04-11,Staples,"Office Supplies",165.44,2023
6578,2023-04-11,Uber,Travel,NULL,2023
6586,2023-04-12,Asana,Software,72.02,2023
6584,2023-04-12,DHL,Shipping,125.00,2023
6588,2023-04-12,"LinkedIn Ads",Marketing,1685.00,2023
6585,2023-04-12,Notion,Software,16.00,2023
6583,2023-04-12,QuickBooks,Software,56.00,2023
6587,2023-04-12,Slack,Software,NULL,2023
6582,2023-04-12,Slack,Software,87.00,2023
6590,2023-04-13,Amazon,"Office Supplies",922.00,2023
6595,2023-04-13,Asana,Software,51.40,2023
6592,2023-04-13,"Delta Airlines",Travel,2124.00,2023
6593,2023-04-13,FedEx,Shipping,256.53,2023
6591,2023-04-13,"LinkedIn Ads",Marketing,NULL,2023
6589,2023-04-13,Marriott,Travel,192.71,2023
6594,2023-04-13,Marriott,Travel,540.00,2023
6600,2023-04-14,AWS,Software,568.00,2023
6601,2023-04-14,"Delta Airlines",Travel,2049.76,2023
6596,2023-04-14,Dropbox,Software,15.71,2023
6597,2023-04-14,Dropbox,Software,23.53,2023
6599,2023-04-14,Slack,Software,87.00,2023
6602,2023-04-14,Staples,"Office Supplies",127.63,2023
6598,2023-04-14,Staples,"Office Supplies",235.64,2023
6604,2023-04-15,Asana,Software,90.27,2023
6608,2023-04-15,Dropbox,Software,17.25,2023
6606,2023-04-15,Mailchimp,Marketing,299.00,2023
6607,2023-04-15,Marriott,Travel,283.00,2023
6605,2023-04-15,"Office Depot","Office Supplies",428.51,2023
6603,2023-04-15,Slack,Software,87.00,2023
6616,2023-04-16,"American Airlines",Travel,2976.10,2023
6611,2023-04-16,Asana,Software,74.00,2023
6609,2023-04-16,Asana,Software,94.19,2023
6615,2023-04-16,AWS,Software,4364.70,2023
6612,2023-04-16,"Office Depot","Office Supplies",481.70,2023
6614,2023-04-16,Salesforce,Software,800.00,2023
6613,2023-04-16,Stripe,Software,59.00,2023
6610,2023-04-16,Zoom,Software,149.00,2023
6618,2023-04-17,FedEx,Shipping,107.00,2023
6619,2023-04-17,Salesforce,Software,800.00,2023
6617,2023-04-17,Slack,Software,87.00,2023
6620,2023-04-18,Asana,Software,47.00,2023
6621,2023-04-18,Asana,Software,58.00,2023
6622,2023-04-18,"Office Depot","Office Supplies",NULL,2023
6626,2023-04-19,"American Airlines",Travel,501.31,2023
6623,2023-04-19,"American Airlines",Travel,2052.50,2023
6625,2023-04-19,HubSpot,Marketing,1188.22,2023
6628,2023-04-19,"LinkedIn Ads",Marketing,NULL,2023
6627,2023-04-19,Salesforce,Software,800.00,2023
6624,2023-04-19,Zoom,Software,149.00,2023
6630,2023-04-20,Amazon,"Office Supplies",1008.60,2023
6632,2023-04-20,"American Airlines",Travel,2775.67,2023
6629,2023-04-20,Asana,Software,62.90,2023
6631,2023-04-20,DHL,Shipping,75.93,2023
6640,2023-04-21,"American Airlines",Travel,982.00,2023
6634,2023-04-21,"American Airlines",Travel,1926.84,2023
6633,2023-04-21,"Google Ads",Marketing,2784.43,2023
6636,2023-04-21,Marriott,Travel,255.61,2023
6638,2023-04-21,Microsoft,Software,251.00,2023
6637,2023-04-21,Slack,Software,NULL,2023
6635,2023-04-21,Uber,Travel,141.18,2023
6639,2023-04-21,Zoom,Software,149.00,2023
6642,2023-04-22,"American Airlines",Travel,NULL,2023
6641,2023-04-22,"American Airlines",Travel,1882.00,2023
6643,2023-04-22,Marriott,Travel,381.00,2023
6646,2023-04-23,"Delta Airlines",Travel,1328.41,2023
6649,2023-04-23,DHL,Shipping,227.91,2023
6648,2023-04-23,Dropbox,Software,24.09,2023
6647,2023-04-23,Microsoft,Software,443.57,2023
6645,2023-04-23,Slack,Software,87.00,2023
6644,2023-04-23,Stripe,Software,59.00,2023
6654,2023-04-24,Asana,Software,42.00,2023
6657,2023-04-24,Asana,Software,77.38,2023
6650,2023-04-24,"Delta Airlines",Travel,1000.00,2023
6651,2023-04-24,"Google Ads",Marketing,2823.24,2023
6655,2023-04-24,Mailchimp,Marketing,299.00,2023
6653,2023-04-24,Staples,"Office Supplies",298.90,2023
6652,2023-04-24,Uber,Travel,201.20,2023
6656,2023-04-24,WeWork,Rent,3200.00,2023
6661,2023-04-25,"Delta Airlines",Travel,2073.10,2023
6660,2023-04-25,Dropbox,Software,22.45,2023
6662,2023-04-25,Mailchimp,Marketing,299.00,2023
6659,2023-04-25,Microsoft,Software,150.77,2023
6658,2023-04-25,Zoom,Software,149.00,2023
6668,2023-04-26,Amazon,"Office Supplies",1197.00,2023
6669,2023-04-26,Asana,Software,49.00,2023
6663,2023-04-26,Dropbox,Software,18.00,2023
6664,2023-04-26,Marriott,Travel,166.00,2023
6665,2023-04-26,Microsoft,Software,211.50,2023
6670,2023-04-26,QuickBooks,Software,162.50,2023
6667,2023-04-26,Salesforce,Software,800.00,2023
6666,2023-04-26,Staples,"Office Supplies",380.00,2023
6672,2023-04-27,AWS,Software,NULL,2023
6676,2023-04-27,"Delta Airlines",Travel,2356.00,2023
6677,2023-04-27,DHL,Shipping,109.90,2023
6671,2023-04-27,"LinkedIn Ads",Marketing,925.07,2023
6673,2023-04-27,Slack,Software,87.00,2023
6675,2023-04-27,Stripe,Software,59.00,2023
6674,2023-04-27,Uber,Travel,235.00,2023
6679,2023-04-28,Amazon,"Office Supplies",NULL,2023
6683,2023-04-28,Dropbox,Software,17.60,2023
6678,2023-04-28,Notion,Software,16.00,2023
6680,2023-04-28,QuickBooks,Software,52.90,2023
6682,2023-04-28,WeWork,Rent,3200.00,2023
6685,2023-04-29,"LinkedIn Ads",Marketing,NULL,2023
6684,2023-04-29,Salesforce,Software,800.00,2023
6686,2023-04-29,WeWork,Rent,3200.00,2023
6691,2023-04-30,Amazon,"Office Supplies",1777.00,2023
6690,2023-04-30,Asana,Software,92.00,2023
6694,2023-04-30,AWS,Software,NULL,2023
6693,2023-04-30,"LinkedIn Ads",Marketing,1112.79,2023
6689,2023-04-30,Microsoft,Software,393.00,2023
6688,2023-04-30,Notion,Software,16.00,2023
6692,2023-04-30,Salesforce,Software,NULL,2023
6687,2023-04-30,Slack,Software,87.00,2023
6701,2023-05-01,Dropbox,Software,NULL,2023
6699,2023-05-01,HubSpot,Marketing,659.00,2023
6700,2023-05-01,"LinkedIn Ads",Marketing,1616.00,2023
6695,2023-05-01,Marriott,Travel,555.50,2023
6702,2023-05-01,"Office Depot","Office Supplies",385.00,2023
6697,2023-05-01,Salesforce,Software,800.00,2023
6696,2023-05-01,WeWork,Rent,3200.00,2023
6698,2023-05-01,Zoom,Software,149.00,2023
6708,2023-05-02,Asana,Software,NULL,2023
6704,2023-05-02,DHL,Shipping,111.00,2023
6707,2023-05-02,HubSpot,Marketing,862.48,2023
6703,2023-05-02,Mailchimp,Marketing,299.00,2023
6706,2023-05-02,"Office Depot","Office Supplies",67.30,2023
6709,2023-05-02,QuickBooks,Software,169.69,2023
6710,2023-05-03,AWS,Software,2406.40,2023
6713,2023-05-03,"Delta Airlines",Travel,858.20,2023
6716,2023-05-03,HubSpot,Marketing,457.55,2023
6717,2023-05-03,Mailchimp,Marketing,299.00,2023
6715,2023-05-03,Marriott,Travel,482.44,2023
6714,2023-05-03,QuickBooks,Software,127.40,2023
6711,2023-05-03,Uber,Travel,270.70,2023
6712,2023-05-03,Zoom,Software,149.00,2023
6723,2023-05-04,"American Airlines",Travel,315.20,2023
6718,2023-05-04,"American Airlines",Travel,2558.20,2023
6721,2023-05-04,"Google Ads",Marketing,2623.10,2023
6719,2023-05-04,Mailchimp,Marketing,299.00,2023
6720,2023-05-04,Stripe,Software,59.00,2023
6725,2023-05-05,Asana,Software,49.08,2023
6729,2023-05-05,AWS,Software,2068.60,2023
6726,2023-05-05,Microsoft,Software,443.76,2023
6727,2023-05-05,Notion,Software,16.00,2023
6728,2023-05-05,Stripe,Software,59.00,2023
6730,2023-05-06,Amazon,"Office Supplies",603.80,2023
6732,2023-05-06,Expensify,Software,50.00,2023
6731,2023-05-06,"LinkedIn Ads",Marketing,NULL,2023
6733,2023-05-06,Salesforce,Software,800.00,2023
6734,2023-05-06,Uber,Travel,NULL,2023
6735,2023-05-07,"American Airlines",Travel,330.23,2023
6742,2023-05-07,DHL,Shipping,196.61,2023
6740,2023-05-07,"Google Ads",Marketing,3267.23,2023
6741,2023-05-07,"LinkedIn Ads",Marketing,NULL,2023
6736,2023-05-07,"LinkedIn Ads",Marketing,1058.90,2023
6737,2023-05-07,Mailchimp,Marketing,299.00,2023
6739,2023-05-07,QuickBooks,Software,135.00,2023
6743,2023-05-08,Expensify,Software,50.00,2023
6745,2023-05-08,Notion,Software,16.00,2023
6747,2023-05-08,Salesforce,Software,NULL,2023
6744,2023-05-08,WeWork,Rent,3200.00,2023
6752,2023-05-09,DHL,Shipping,25.00,2023
6751,2023-05-09,Dropbox,Software,21.40,2023
6754,2023-05-09,HubSpot,Marketing,1108.35,2023
6755,2023-05-09,Marriott,Travel,317.80,2023
6750,2023-05-09,Microsoft,Software,314.63,2023
6748,2023-05-09,Salesforce,Software,800.00,2023
6753,2023-05-09,Staples,"Office Supplies",284.90,2023
6749,2023-05-09,Stripe,Software,NULL,2023
6758,2023-05-10,"American Airlines",Travel,848.36,2023
6756,2023-05-10,Asana,Software,NULL,2023
6757,2023-05-10,Asana,Software,34.75,2023
6759,2023-05-10,AWS,Software,2229.50,2023
6760,2023-05-10,Salesforce,Software,800.00,2023
6766,2023-05-11,"Google Ads",Marketing,1505.00,2023
6763,2023-05-11,HubSpot,Marketing,NULL,2023
6761,2023-05-11,HubSpot,Marketing,737.86,2023
6764,2023-05-11,Microsoft,Software,307.87,2023
6762,2023-05-11,Stripe,Software,NULL,2023
6765,2023-05-11,Stripe,Software,59.00,2023
6767,2023-05-11,Zoom,Software,149.00,2023
6772,2023-05-12,AWS,Software,1651.74,2023
6770,2023-05-12,FedEx,Shipping,297.90,2023
6771,2023-05-12,"LinkedIn Ads",Marketing,965.10,2023
6769,2023-05-12,Marriott,Travel,251.67,2023
6768,2023-05-12,Slack,Software,87.00,2023
6776,2023-05-13,"Delta Airlines",Travel,2391.00,2023
6774,2023-05-13,FedEx,Shipping,173.70,2023
6775,2023-05-13,"Office Depot","Office Supplies",179.00,2023
6777,2023-05-13,QuickBooks,Software,NULL,2023
6773,2023-05-13,WeWork,Rent,3200.00,2023
6783,2023-05-14,"Delta Airlines",Travel,1483.68,2023
6780,2023-05-14,"Google Ads",Marketing,3422.00,2023
6779,2023-05-14,Notion,Software,16.00,2023
6778,2023-05-14,Salesforce,Software,800.00,2023
6782,2023-05-14,Staples,"Office Supplies",211.25,2023
6785,2023-05-15,"American Airlines",Travel,2343.20,2023
6787,2023-05-15,"Delta Airlines",Travel,870.05,2023
6789,2023-05-15,FedEx,Shipping,189.30,2023
6791,2023-05-15,"Google Ads",Marketing,971.00,2023
6786,2023-05-15,HubSpot,Marketing,452.00,2023
6788,2023-05-15,Microsoft,Software,NULL,2023
6790,2023-05-15,"Office Depot","Office Supplies",428.09,2023
6792,2023-05-16,Microsoft,Software,NULL,2023
6794,2023-05-16,QuickBooks,Software,96.33,2023
6793,2023-05-16,Staples,"Office Supplies",80.00,2023
6795,2023-05-16,WeWork,Rent,NULL,2023
6797,2023-05-17,DHL,Shipping,185.20,2023
6798,2023-05-17,FedEx,Shipping,199.00,2023
6800,2023-05-17,Mailchimp,Marketing,299.00,2023
6796,2023-05-17,Microsoft,Software,153.59,2023
6799,2023-05-17,Salesforce,Software,800.00,2023
6801,2023-05-18,HubSpot,Marketing,993.59,2023
6803,2023-05-18,Salesforce,Software,800.00,2023
6802,2023-05-18,Zoom,Software,149.00,2023
6806,2023-05-19,"American Airlines",Travel,NULL,2023
6807,2023-05-19,"American Airlines",Travel,2234.79,2023
6805,2023-05-19,"American Airlines",Travel,2295.00,2023
6808,2023-05-19,DHL,Shipping,81.26,2023
6804,2023-05-19,Marriott,Travel,NULL,2023
6809,2023-05-19,Staples,"Office Supplies",237.44,2023
6810,2023-05-19,Zoom,Software,149.00,2023
6815,2023-05-20,Amazon,"Office Supplies",756.00,2023
6813,2023-05-20,Amazon,"Office Supplies",1105.20,2023
6812,2023-05-20,Asana,Software,69.79,2023
6814,2023-05-20,Notion,Software,16.00,2023
6811,2023-05-20,QuickBooks,Software,102.30,2023
6819,2023-05-21,HubSpot,Marketing,671.68,2023
6820,2023-05-21,Stripe,Software,59.00,2023
6817,2023-05-21,Uber,Travel,219.93,2023
6818,2023-05-21,Uber,Travel,289.00,2023
6821,2023-05-21,Zoom,Software,NULL,2023
6816,2023-05-21,Zoom,Software,149.00,2023
6824,2023-05-22,Amazon,"Office Supplies",NULL,2023
6825,2023-05-22,Amazon,"Office Supplies",429.65,2023
6822,2023-05-22,"American Airlines",Travel,2471.93,2023
6823,2023-05-22,"American Airlines",Travel,2803.30,2023
6826,2023-05-23,Amazon,"Office Supplies",895.00,2023
6829,2023-05-23,"American Airlines",Travel,1822.80,2023
6828,2023-05-23,"American Airlines",Travel,2943.24,2023
6827,2023-05-23,AWS,Software,1464.80,2023
6830,2023-05-23,QuickBooks,Software,115.00,2023
6834,2023-05-24,Dropbox,Software,20.10,2023
6835,2023-05-24,FedEx,Shipping,150.65,2023
6833,2023-05-24,"LinkedIn Ads",Marketing,1707.90,2023
6832,2023-05-24,Slack,Software,87.00,2023
6831,2023-05-24,Staples,"Office Supplies",387.03,2023
6836,2023-05-24,WeWork,Rent,3200.00,2023
6842,2023-05-25,Amazon,"Office Supplies",493.00,2023
6839,2023-05-25,HubSpot,Marketing,705.80,2023
6840,2023-05-25,Notion,Software,16.00,2023
6841,2023-05-25,"Office Depot","Office Supplies",NULL,2023
6837,2023-05-25,QuickBooks,Software,66.64,2023
6838,2023-05-25,WeWork,Rent,3200.00,2023
6847,2023-05-26,FedEx,Shipping,100.67,2023
6844,2023-05-26,HubSpot,Marketing,534.00,2023
6849,2023-05-26,"LinkedIn Ads",Marketing,1211.00,2023
6845,2023-05-26,Microsoft,Software,175.70,2023
6848,2023-05-26,Notion,Software,NULL,2023
6843,2023-05-26,Notion,Software,16.00,2023
6846,2023-05-26,Stripe,Software,59.00,2023
6851,2023-05-27,Amazon,"Office Supplies",1634.90,2023
6854,2023-05-27,FedEx,Shipping,241.32,2023
6855,2023-05-27,"Google Ads",Marketing,2218.95,2023
6857,2023-05-27,Mailchimp,Marketing,NULL,2023
6850,2023-05-27,Mailchimp,Marketing,299.00,2023
6856,2023-05-27,"Office Depot","Office Supplies",389.05,2023
6852,2023-05-27,QuickBooks,Software,118.00,2023
6853,2023-05-27,Staples,"Office Supplies",291.07,2023
6860,2023-05-28,Asana,Software,96.44,2023
6859,2023-05-28,AWS,Software,4551.91,2023
6861,2023-05-28,AWS,Software,4873.00,2023
6863,2023-05-28,FedEx,Shipping,NULL,2023
6862,2023-05-28,Notion,Software,16.00,2023
6858,2023-05-28,Salesforce,Software,800.00,2023
6870,2023-05-29,Asana,Software,73.00,2023
6869,2023-05-29,"LinkedIn Ads",Marketing,1165.64,2023
6871,2023-05-29,Mailchimp,Marketing,299.00,2023
6868,2023-05-29,Microsoft,Software,489.76,2023
6865,2023-05-29,QuickBooks,Software,70.60,2023
6866,2023-05-29,Stripe,Software,59.00,2023
6867,2023-05-29,WeWork,Rent,NULL,2023
6874,2023-05-30,Mailchimp,Marketing,NULL,2023
6872,2023-05-30,"Office Depot","Office Supplies",198.00,2023
6873,2023-05-30,Slack,Software,87.00,2023
6875,2023-05-31,Notion,Software,16.00,2023
6877,2023-05-31,Uber,Travel,53.20,2023
6876,2023-05-31,Uber,Travel,255.47,2023
6882,2023-06-01,Dropbox,Software,22.66,2023
6885,2023-06-01,HubSpot,Marketing,404.00,2023
6880,2023-06-01,Microsoft,Software,420.30,2023
6878,2023-06-01,QuickBooks,Software,70.18,2023
6881,2023-06-01,Staples,"Office Supplies",NULL,2023
6884,2023-06-01,Stripe,Software,59.00,2023
6883,2023-06-01,WeWork,Rent,3200.00,2023
6879,2023-06-01,Zoom,Software,149.00,2023
6886,2023-06-02,Expensify,Software,50.00,2023
6889,2023-06-02,FedEx,Shipping,103.70,2023
6888,2023-06-02,Salesforce,Software,800.00,2023
6887,2023-06-02,Staples,"Office Supplies",395.00,2023
6890,2023-06-03,Asana,Software,92.00,2023
6892,2023-06-03,AWS,Software,852.96,2023
6891,2023-06-03,Marriott,Travel,521.11,2023
6893,2023-06-04,"American Airlines",Travel,2587.18,2023
6896,2023-06-04,Dropbox,Software,NULL,2023
6897,2023-06-04,FedEx,Shipping,292.16,2023
6898,2023-06-04,HubSpot,Marketing,NULL,2023
6895,2023-06-04,"LinkedIn Ads",Marketing,1166.67,2023
6894,2023-06-04,Slack,Software,87.00,2023
6903,2023-06-05,Asana,Software,NULL,2023
6901,2023-06-05,Asana,Software,55.00,2023
6900,2023-06-05,"Google Ads",Marketing,1842.95,2023
6902,2023-06-05,Microsoft,Software,NULL,2023
6899,2023-06-05,Salesforce,Software,800.00,2023
6909,2023-06-06,Asana,Software,67.90,2023
6905,2023-06-06,Dropbox,Software,15.00,2023
6910,2023-06-06,Dropbox,Software,22.80,2023
6907,2023-06-06,Microsoft,Software,183.59,2023
6908,2023-06-06,Salesforce,Software,NULL,2023
6911,2023-06-06,Stripe,Software,59.00,2023
6906,2023-06-06,WeWork,Rent,3200.00,2023
6915,2023-06-07,HubSpot,Marketing,776.00,2023
6916,2023-06-07,"LinkedIn Ads",Marketing,1701.05,2023
6912,2023-06-07,Notion,Software,16.00,2023
6914,2023-06-07,QuickBooks,Software,158.60,2023
6913,2023-06-07,Salesforce,Software,800.00,2023
6917,2023-06-08,Amazon,"Office Supplies",1677.13,2023
6918,2023-06-08,AWS,Software,2143.59,2023
6921,2023-06-08,DHL,Shipping,35.00,2023
6924,2023-06-08,DHL,Shipping,41.00,2023
6919,2023-06-08,Microsoft,Software,452.00,2023
6920,2023-06-08,Notion,Software,16.00,2023
6923,2023-06-08,"Office Depot","Office Supplies",165.24,2023
6922,2023-06-08,QuickBooks,Software,82.79,2023
6932,2023-06-09,AWS,Software,3784.80,2023
6926,2023-06-09,Expensify,Software,50.00,2023
6931,2023-06-09,FedEx,Shipping,183.00,2023
6925,2023-06-09,HubSpot,Marketing,787.00,2023
6930,2023-06-09,Mailchimp,Marketing,299.00,2023
6928,2023-06-09,Microsoft,Software,183.00,2023
6927,2023-06-09,Slack,Software,87.00,2023
6933,2023-06-10,Dropbox,Software,15.98,2023
6937,2023-06-10,Expensify,Software,NULL,2023
6936,2023-06-10,"Google Ads",Marketing,1443.00,2023
6935,2023-06-10,QuickBooks,Software,133.20,2023
6934,2023-06-10,Zoom,Software,149.00,2023
6940,2023-06-11,DHL,Shipping,157.72,2023
6941,2023-06-11,Microsoft,Software,193.00,2023
6942,2023-06-11,Notion,Software,NULL,2023
6939,2023-06-11,QuickBooks,Software,143.10,2023
6938,2023-06-11,Staples,"Office Supplies",332.40,2023
6946,2023-06-12,Asana,Software,77.45,2023
6943,2023-06-12,AWS,Software,4706.40,2023
6945,2023-06-12,Staples,"Office Supplies",NULL,2023
6944,2023-06-12,Uber,Travel,NULL,2023
6949,2023-06-13,AWS,Software,2806.38,2023
6947,2023-06-13,Expensify,Software,50.00,2023
6948,2023-06-13,Notion,Software,16.00,2023
6955,2023-06-14,"American Airlines",Travel,1676.10,2023
6952,2023-06-14,DHL,Shipping,148.70,2023
6953,2023-06-14,Expensify,Software,50.00,2023
6954,2023-06-14,"LinkedIn Ads",Marketing,1230.00,2023
6950,2023-06-14,Salesforce,Software,NULL,2023
6956,2023-06-14,Uber,Travel,152.70,2023
6951,2023-06-14,Zoom,Software,149.00,2023
6960,2023-06-15,"Google Ads",Marketing,2129.75,2023
6961,2023-06-15,"LinkedIn Ads",Marketing,1107.78,2023
6957,2023-06-15,"Office Depot","Office Supplies",70.00,2023
6958,2023-06-15,Slack,Software,87.00,2023
6959,2023-06-15,Stripe,Software,59.00,2023
6962,2023-06-16,AWS,Software,3618.90,2023
6965,2023-06-16,DHL,Shipping,36.60,2023
6964,2023-06-16,Dropbox,Software,24.63,2023
6963,2023-06-16,Expensify,Software,50.00,2023
6966,2023-06-16,FedEx,Shipping,241.00,2023
6970,2023-06-17,"American Airlines",Travel,NULL,2023
6973,2023-06-17,"Google Ads",Marketing,1004.01,2023
6969,2023-06-17,Mailchimp,Marketing,299.00,2023
6971,2023-06-17,"Office Depot","Office Supplies",275.85,2023
6968,2023-06-17,Salesforce,Software,800.00,2023
6972,2023-06-17,WeWork,Rent,3200.00,2023
6967,2023-06-17,Zoom,Software,NULL,2023
6974,2023-06-18,"Google Ads",Marketing,NULL,2023
6975,2023-06-18,Notion,Software,16.00,2023
6977,2023-06-18,"Office Depot","Office Supplies",386.00,2023
6978,2023-06-18,QuickBooks,Software,131.00,2023
6976,2023-06-18,Salesforce,Software,800.00,2023
6985,2023-06-19,"American Airlines",Travel,1860.70,2023
6979,2023-06-19,"Delta Airlines",Travel,697.00,2023
6986,2023-06-19,Dropbox,Software,NULL,2023
6983,2023-06-19,Dropbox,Software,24.66,2023
6981,2023-06-19,Slack,Software,87.00,2023
6980,2023-06-19,Stripe,Software,NULL,2023
6984,2023-06-19,Uber,Travel,85.64,2023
6982,2023-06-19,WeWork,Rent,3200.00,2023
6987,2023-06-20,AWS,Software,4707.68,2023
6989,2023-06-20,Dropbox,Software,17.00,2023
6988,2023-06-20,"Google Ads",Marketing,NULL,2023
6991,2023-06-20,"Google Ads",Marketing,2262.60,2023
6990,2023-06-20,Uber,Travel,NULL,2023
6992,2023-06-21,Amazon,"Office Supplies",1065.50,2023
6995,2023-06-21,HubSpot,Marketing,589.79,2023
6994,2023-06-21,"LinkedIn Ads",Marketing,1492.10,2023
6993,2023-06-21,Microsoft,Software,314.05,2023
6997,2023-06-22,"American Airlines",Travel,2547.35,2023
6996,2023-06-22,Asana,Software,56.10,2023
7000,2023-06-22,DHL,Shipping,92.46,2023
6999,2023-06-22,Dropbox,Software,23.46,2023
6998,2023-06-22,Slack,Software,NULL,2023
7002,2023-06-22,Staples,"Office Supplies",345.70,2023
7003,2023-06-22,Stripe,Software,59.00,2023
7001,2023-06-22,Uber,Travel,91.07,2023
7009,2023-06-23,"American Airlines",Travel,2891.72,2023
7004,2023-06-23,Asana,Software,NULL,2023
7005,2023-06-23,DHL,Shipping,194.36,2023
7008,2023-06-23,Mailchimp,Marketing,299.00,2023
7007,2023-06-23,Notion,Software,16.00,2023
7010,2023-06-23,Slack,Software,87.00,2023
7006,2023-06-23,Staples,"Office Supplies",324.62,2023
7017,2023-06-24,"LinkedIn Ads",Marketing,1357.08,2023
7015,2023-06-24,Marriott,Travel,212.35,2023
7011,2023-06-24,Notion,Software,16.00,2023
7016,2023-06-24,Staples,"Office Supplies",328.56,2023
7013,2023-06-24,Stripe,Software,59.00,2023
7014,2023-06-24,WeWork,Rent,3200.00,2023
7022,2023-06-25,Amazon,"Office Supplies",875.00,2023
7018,2023-06-25,"American Airlines",Travel,1628.00,2023
7020,2023-06-25,"Delta Airlines",Travel,1999.95,2023
7019,2023-06-25,Dropbox,Software,15.10,2023
7021,2023-06-25,"Office Depot","Office Supplies",266.64,2023
7024,2023-06-25,Staples,"Office Supplies",250.00,2023
7023,2023-06-25,WeWork,Rent,3200.00,2023
7025,2023-06-26,Amazon,"Office Supplies",1764.00,2023
7027,2023-06-26,HubSpot,Marketing,NULL,2023
7026,2023-06-26,Uber,Travel,274.98,2023
7031,2023-06-27,AWS,Software,590.94,2023
7032,2023-06-27,"Delta Airlines",Travel,371.90,2023
7028,2023-06-27,Dropbox,Software,24.50,2023
7029,2023-06-27,Notion,Software,16.00,2023
7030,2023-06-27,"Office Depot","Office Supplies",435.30,2023
7034,2023-06-28,Amazon,"Office Supplies",726.00,2023
7035,2023-06-28,HubSpot,Marketing,1047.00,2023
7033,2023-06-28,Notion,Software,16.00,2023
7039,2023-06-29,Amazon,"Office Supplies",836.00,2023
7038,2023-06-29,Expensify,Software,50.00,2023
7036,2023-06-29,Mailchimp,Marketing,299.00,2023
7037,2023-06-29,"Office Depot","Office Supplies",292.00,2023
7040,2023-06-30,"American Airlines",Travel,2807.40,2023
7041,2023-06-30,DHL,Shipping,167.88,2023
7043,2023-06-30,Mailchimp,Marketing,299.00,2023
7044,2023-06-30,Marriott,Travel,522.00,2023
7045,2023-06-30,"Office Depot","Office Supplies",492.00,2023
7042,2023-06-30,QuickBooks,Software,149.13,2023
7046,2023-06-30,Salesforce,Software,NULL,2023
7047,2023-06-30,Stripe,Software,59.00,2023
7054,2023-07-01,AWS,Software,4776.10,2023
7048,2023-07-01,Expensify,Software,50.00,2023
7049,2023-07-01,HubSpot,Marketing,474.18,2023
7053,2023-07-01,"LinkedIn Ads",Marketing,NULL,2023
7055,2023-07-01,Microsoft,Software,458.00,2023
7052,2023-07-01,Notion,Software,16.00,2023
7050,2023-07-01,Salesforce,Software,800.00,2023
7061,2023-07-02,Marriott,Travel,337.60,2023
7058,2023-07-02,Microsoft,Software,327.42,2023
7059,2023-07-02,"Office Depot","Office Supplies",NULL,2023
7056,2023-07-02,Salesforce,Software,800.00,2023
7060,2023-07-02,Stripe,Software,59.00,2023
7057,2023-07-02,Zoom,Software,149.00,2023
7069,2023-07-03,DHL,Shipping,NULL,2023
7065,2023-07-03,Expensify,Software,50.00,2023
7064,2023-07-03,HubSpot,Marketing,781.10,2023
7068,2023-07-03,Marriott,Travel,513.55,2023
7062,2023-07-03,Notion,Software,16.00,2023
7063,2023-07-03,WeWork,Rent,3200.00,2023
7067,2023-07-03,Zoom,Software,149.00,2023
7070,2023-07-04,FedEx,Shipping,72.00,2023
7071,2023-07-04,"Google Ads",Marketing,1306.10,2023
7072,2023-07-04,HubSpot,Marketing,1173.47,2023
7073,2023-07-04,Microsoft,Software,220.60,2023
7076,2023-07-05,"American Airlines",Travel,2690.90,2023
7075,2023-07-05,Stripe,Software,NULL,2023
7074,2023-07-05,Zoom,Software,149.00,2023
7081,2023-07-06,Dropbox,Software,18.44,2023
7080,2023-07-06,"Office Depot","Office Supplies",96.07,2023
7079,2023-07-06,Salesforce,Software,800.00,2023
7078,2023-07-06,Staples,"Office Supplies",264.19,2023
7077,2023-07-06,Stripe,Software,59.00,2023
7082,2023-07-06,Uber,Travel,242.00,2023
7088,2023-07-07,Expensify,Software,50.00,2023
7084,2023-07-07,HubSpot,Marketing,783.10,2023
7085,2023-07-07,Slack,Software,87.00,2023
7086,2023-07-07,Stripe,Software,59.00,2023
7087,2023-07-07,Zoom,Software,NULL,2023
7091,2023-07-08,Amazon,"Office Supplies",NULL,2023
7090,2023-07-08,HubSpot,Marketing,824.00,2023
7092,2023-07-08,Notion,Software,16.00,2023
7089,2023-07-08,Salesforce,Software,800.00,2023
7093,2023-07-08,WeWork,Rent,NULL,2023
7098,2023-07-09,"American Airlines",Travel,413.00,2023
7094,2023-07-09,"American Airlines",Travel,2730.00,2023
7100,2023-07-09,AWS,Software,4595.00,2023
7095,2023-07-09,"Delta Airlines",Travel,2393.13,2023
7097,2023-07-09,"Google Ads",Marketing,3283.15,2023
7096,2023-07-09,HubSpot,Marketing,1048.90,2023
7099,2023-07-09,Notion,Software,16.00,2023
7103,2023-07-10,Amazon,"Office Supplies",715.94,2023
7104,2023-07-10,Dropbox,Software,19.88,2023
7102,2023-07-10,HubSpot,Marketing,NULL,2023
7101,2023-07-10,Slack,Software,87.00,2023
7105,2023-07-10,Zoom,Software,149.00,2023
7106,2023-07-11,"American Airlines",Travel,NULL,2023
7107,2023-07-11,AWS,Software,1932.00,2023
7109,2023-07-11,DHL,Shipping,NULL,2023
7112,2023-07-11,FedEx,Shipping,84.50,2023
7111,2023-07-11,Salesforce,Software,NULL,2023
7110,2023-07-11,Stripe,Software,59.00,2023
7108,2023-07-11,WeWork,Rent,3200.00,2023
7116,2023-07-12,"Delta Airlines",Travel,329.50,2023
7120,2023-07-12,Expensify,Software,50.00,2023
7115,2023-07-12,Microsoft,Software,407.23,2023
7114,2023-07-12,Staples,"Office Supplies",69.00,2023
7121,2023-07-12,Staples,"Office Supplies",219.00,2023
7118,2023-07-12,Staples,"Office Supplies",237.20,2023
7119,2023-07-12,Uber,Travel,244.00,2023
7117,2023-07-12,Zoom,Software,149.00,2023
7122,2023-07-13,"American Airlines",Travel,479.22,2023
7124,2023-07-13,AWS,Software,3124.70,2023
7125,2023-07-13,DHL,Shipping,54.00,2023
7127,2023-07-13,HubSpot,Marketing,523.00,2023
7123,2023-07-13,Slack,Software,87.00,2023
7126,2023-07-13,WeWork,Rent,NULL,2023
7128,2023-07-13,Zoom,Software,149.00,2023
7130,2023-07-14,Notion,Software,16.00,2023
7131,2023-07-14,Salesforce,Software,800.00,2023
7129,2023-07-14,Stripe,Software,59.00,2023
7135,2023-07-15,"American Airlines",Travel,2605.00,2023
7134,2023-07-15,Expensify,Software,50.00,2023
7136,2023-07-15,"Google Ads",Marketing,1607.37,2023
7132,2023-07-15,Slack,Software,87.00,2023
7133,2023-07-15,WeWork,Rent,3200.00,2023
7141,2023-07-16,"American Airlines",Travel,2410.00,2023
7138,2023-07-16,Dropbox,Software,24.26,2023
7139,2023-07-16,"Google Ads",Marketing,1611.00,2023
7137,2023-07-16,"LinkedIn Ads",Marketing,737.68,2023
7140,2023-07-16,Marriott,Travel,352.30,2023
7142,2023-07-16,Microsoft,Software,216.00,2023
7143,2023-07-16,Microsoft,Software,367.90,2023
7144,2023-07-17,Asana,Software,98.20,2023
7147,2023-07-17,"Google Ads",Marketing,2456.14,2023
7146,2023-07-17,Mailchimp,Marketing,299.00,2023
7145,2023-07-17,Slack,Software,87.00,2023
7151,2023-07-18,Amazon,"Office Supplies",1242.00,2023
7152,2023-07-18,AWS,Software,1294.00,2023
7148,2023-07-18,HubSpot,Marketing,917.82,2023
7149,2023-07-18,Microsoft,Software,314.82,2023
7150,2023-07-18,QuickBooks,Software,NULL,2023
7156,2023-07-19,Asana,Software,83.00,2023
7155,2023-07-19,Mailchimp,Marketing,299.00,2023
7153,2023-07-19,Staples,"Office Supplies",183.68,2023
7154,2023-07-19,Zoom,Software,149.00,2023
7163,2023-07-20,"Delta Airlines",Travel,2453.00,2023
7158,2023-07-20,Expensify,Software,50.00,2023
7161,2023-07-20,"LinkedIn Ads",Marketing,1357.37,2023
7160,2023-07-20,Microsoft,Software,469.00,2023
7159,2023-07-20,"Office Depot","Office Supplies",246.20,2023
7162,2023-07-20,QuickBooks,Software,58.55,2023
7157,2023-07-20,Uber,Travel,276.34,2023
7170,2023-07-21,Amazon,"Office Supplies",181.14,2023
7166,2023-07-21,"American Airlines",Travel,1547.64,2023
7169,2023-07-21,Expensify,Software,50.00,2023
7167,2023-07-21,FedEx,Shipping,104.79,2023
7168,2023-07-21,"Google Ads",Marketing,1964.00,2023
7172,2023-07-21,"LinkedIn Ads",Marketing,950.92,2023
7171,2023-07-21,Notion,Software,16.00,2023
7165,2023-07-21,"Office Depot","Office Supplies",181.80,2023
7177,2023-07-22,Asana,Software,40.05,2023
7180,2023-07-22,DHL,Shipping,154.00,2023
7176,2023-07-22,"Google Ads",Marketing,2531.50,2023
7174,2023-07-22,Mailchimp,Marketing,299.00,2023
7178,2023-07-22,Marriott,Travel,344.00,2023
7173,2023-07-22,Microsoft,Software,255.40,2023
7179,2023-07-22,Notion,Software,16.00,2023
7175,2023-07-22,Stripe,Software,NULL,2023
7182,2023-07-23,"American Airlines",Travel,1170.93,2023
7181,2023-07-23,"Delta Airlines",Travel,1926.55,2023
7184,2023-07-23,Mailchimp,Marketing,299.00,2023
7183,2023-07-23,Salesforce,Software,800.00,2023
7185,2023-07-23,Stripe,Software,59.00,2023
7188,2023-07-24,Amazon,"Office Supplies",1303.73,2023
7187,2023-07-24,"Google Ads",Marketing,1211.00,2023
7186,2023-07-24,"Google Ads",Marketing,3461.55,2023
7192,2023-07-25,Amazon,"Office Supplies",NULL,2023
7189,2023-07-25,Expensify,Software,50.00,2023
7194,2023-07-25,QuickBooks,Software,NULL,2023
7196,2023-07-25,Salesforce,Software,NULL,2023
7193,2023-07-25,Salesforce,Software,800.00,2023
7190,2023-07-25,Uber,Travel,NULL,2023
7191,2023-07-25,Zoom,Software,149.00,2023
7201,2023-07-26,Amazon,"Office Supplies",763.00,2023
7203,2023-07-26,Asana,Software,79.00,2023
7202,2023-07-26,Asana,Software,97.27,2023
7199,2023-07-26,AWS,Software,NULL,2023
7197,2023-07-26,"Google Ads",Marketing,1802.61,2023
7200,2023-07-26,Mailchimp,Marketing,299.00,2023
7198,2023-07-26,Zoom,Software,149.00,2023
7210,2023-07-27,"American Airlines",Travel,1411.21,2023
7204,2023-07-27,AWS,Software,4319.90,2023
7209,2023-07-27,DHL,Shipping,175.00,2023
7206,2023-07-27,"Google Ads",Marketing,3388.74,2023
7208,2023-07-27,"LinkedIn Ads",Marketing,680.49,2023
7211,2023-07-27,"Office Depot","Office Supplies",30.36,2023
7205,2023-07-27,Slack,Software,87.00,2023
7207,2023-07-27,Stripe,Software,NULL,2023
7216,2023-07-28,Amazon,"Office Supplies",1834.52,2023
7214,2023-07-28,DHL,Shipping,171.70,2023
7213,2023-07-28,HubSpot,Marketing,927.00,2023
7212,2023-07-28,Uber,Travel,NULL,2023
7215,2023-07-28,WeWork,Rent,3200.00,2023
7219,2023-07-29,Asana,Software,40.42,2023
7218,2023-07-29,Marriott,Travel,NULL,2023
7217,2023-07-29,Uber,Travel,51.20,2023
7224,2023-07-30,Asana,Software,33.20,2023
7220,2023-07-30,Asana,Software,44.50,2023
7221,2023-07-30,DHL,Shipping,50.78,2023
7225,2023-07-30,DHL,Shipping,158.00,2023
7222,2023-07-30,"LinkedIn Ads",Marketing,1950.00,2023
7226,2023-07-30,"Office Depot","Office Supplies",291.70,2023
7223,2023-07-30,WeWork,Rent,3200.00,2023
7228,2023-07-31,"American Airlines",Travel,1567.17,2023
7229,2023-07-31,DHL,Shipping,175.50,2023
7227,2023-07-31,"Google Ads",Marketing,NULL,2023
7231,2023-07-31,"LinkedIn Ads",Marketing,924.08,2023
7232,2023-07-31,Marriott,Travel,475.99,2023
7230,2023-07-31,Zoom,Software,149.00,2023
7235,2023-08-01,Asana,Software,68.40,2023
7233,2023-08-01,"Office Depot","Office Supplies",218.00,2023
7234,2023-08-01,Slack,Software,87.00,2023
7238,2023-08-02,FedEx,Shipping,57.80,2023
7239,2023-08-02,Slack,Software,87.00,2023
7236,2023-08-02,Staples,"Office Supplies",218.30,2023
7237,2023-08-02,Staples,"Office Supplies",234.40,2023
7240,2023-08-02,Uber,Travel,124.00,2023
7243,2023-08-03,"Delta Airlines",Travel,1594.86,2023
7241,2023-08-03,"Delta Airlines",Travel,2493.21,2023
7242,2023-08-03,Dropbox,Software,15.50,2023
7245,2023-08-03,"LinkedIn Ads",Marketing,996.91,2023
7246,2023-08-03,"Office Depot","Office Supplies",250.77,2023
7244,2023-08-03,Zoom,Software,149.00,2023
7247,2023-08-04,DHL,Shipping,70.00,2023
7248,2023-08-04,Slack,Software,87.00,2023
7252,2023-08-05,Amazon,"Office Supplies",1350.00,2023
7251,2023-08-05,FedEx,Shipping,288.00,2023
7250,2023-08-05,Slack,Software,87.00,2023
7259,2023-08-06,Amazon,"Office Supplies",NULL,2023
7254,2023-08-06,DHL,Shipping,151.81,2023
7256,2023-08-06,Mailchimp,Marketing,299.00,2023
7255,2023-08-06,Notion,Software,16.00,2023
7258,2023-08-06,"Office Depot","Office Supplies",162.59,2023
7257,2023-08-06,Staples,"Office Supplies",84.09,2023
7253,2023-08-06,Uber,Travel,166.97,2023
7261,2023-08-07,Amazon,"Office Supplies",1034.00,2023
7260,2023-08-07,"Google Ads",Marketing,2460.74,2023
7263,2023-08-07,Salesforce,Software,800.00,2023
7262,2023-08-07,Slack,Software,87.00,2023
7264,2023-08-07,Zoom,Software,149.00,2023
7268,2023-08-08,Mailchimp,Marketing,299.00,2023
7267,2023-08-08,QuickBooks,Software,NULL,2023
7265,2023-08-08,Slack,Software,87.00,2023
7269,2023-08-08,Uber,Travel,130.50,2023
7266,2023-08-08,Zoom,Software,149.00,2023
7270,2023-08-09,"Google Ads",Marketing,1770.45,2023
7272,2023-08-09,"Office Depot","Office Supplies",435.17,2023
7271,2023-08-09,Stripe,Software,59.00,2023
7274,2023-08-10,"Google Ads",Marketing,1387.00,2023
7276,2023-08-10,Notion,Software,16.00,2023
7275,2023-08-10,"Office Depot","Office Supplies",159.44,2023
7273,2023-08-10,WeWork,Rent,3200.00,2023
7284,2023-08-11,"American Airlines",Travel,627.00,2023
7282,2023-08-11,Expensify,Software,50.00,2023
7279,2023-08-11,"Google Ads",Marketing,2957.96,2023
7281,2023-08-11,Marriott,Travel,181.72,2023
7278,2023-08-11,Microsoft,Software,255.96,2023
7280,2023-08-11,Stripe,Software,59.00,2023
7283,2023-08-11,WeWork,Rent,3200.00,2023
7286,2023-08-12,Amazon,"Office Supplies",NULL,2023
7289,2023-08-12,Marriott,Travel,291.90,2023
7285,2023-08-12,Slack,Software,87.00,2023
7287,2023-08-12,WeWork,Rent,3200.00,2023
7293,2023-08-13,Dropbox,Software,16.04,2023
7290,2023-08-13,Marriott,Travel,368.79,2023
7291,2023-08-13,Microsoft,Software,NULL,2023
7294,2023-08-13,Microsoft,Software,153.40,2023
7292,2023-08-13,WeWork,Rent,3200.00,2023
7298,2023-08-14,Amazon,"Office Supplies",1187.80,2023
7295,2023-08-14,"American Airlines",Travel,848.08,2023
7300,2023-08-14,Dropbox,Software,NULL,2023
7296,2023-08-14,Expensify,Software,50.00,2023
7297,2023-08-14,Microsoft,Software,307.60,2023
7299,2023-08-14,Staples,"Office Supplies",208.60,2023
7301,2023-08-14,Stripe,Software,59.00,2023
7307,2023-08-15,Amazon,"Office Supplies",1248.11,2023
7308,2023-08-15,"American Airlines",Travel,840.00,2023
7305,2023-08-15,"Delta Airlines",Travel,2187.00,2023
7303,2023-08-15,Salesforce,Software,800.00,2023
7306,2023-08-15,Stripe,Software,59.00,2023
7304,2023-08-15,Uber,Travel,152.85,2023
7311,2023-08-16,"Google Ads",Marketing,1951.00,2023
7309,2023-08-16,"Google Ads",Marketing,3002.00,2023
7310,2023-08-16,WeWork,Rent,3200.00,2023
7315,2023-08-17,Asana,Software,58.40,2023
7313,2023-08-17,AWS,Software,4642.21,2023
7314,2023-08-17,DHL,Shipping,NULL,2023
7312,2023-08-17,WeWork,Rent,3200.00,2023
7318,2023-08-18,Dropbox,Software,19.00,2023
7316,2023-08-18,"Google Ads",Marketing,1669.70,2023
7317,2023-08-18,Microsoft,Software,157.00,2023
7323,2023-08-19,Amazon,"Office Supplies",1531.64,2023
7325,2023-08-19,Asana,Software,43.81,2023
7320,2023-08-19,Dropbox,Software,NULL,2023
7326,2023-08-19,Expensify,Software,NULL,2023
7321,2023-08-19,QuickBooks,Software,82.04,2023
7324,2023-08-19,QuickBooks,Software,112.00,2023
7319,2023-08-19,QuickBooks,Software,125.00,2023
7322,2023-08-19,Uber,Travel,278.80,2023
7332,2023-08-20,DHL,Shipping,152.00,2023
7330,2023-08-20,FedEx,Shipping,126.90,2023
7327,2023-08-20,Slack,Software,87.00,2023
7329,2023-08-20,Stripe,Software,NULL,2023
7331,2023-08-20,Stripe,Software,59.00,2023
7328,2023-08-20,Uber,Travel,NULL,2023
7335,2023-08-21,FedEx,Shipping,NULL,2023
7333,2023-08-21,"Google Ads",Marketing,1417.80,2023
7334,2023-08-21,"Office Depot","Office Supplies",349.46,2023
7337,2023-08-21,Staples,"Office Supplies",269.28,2023
7336,2023-08-21,Uber,Travel,114.00,2023
7342,2023-08-22,"American Airlines",Travel,2223.77,2023
7341,2023-08-22,"American Airlines",Travel,2756.50,2023
7345,2023-08-22,AWS,Software,3362.50,2023
7340,2023-08-22,"Delta Airlines",Travel,2415.40,2023
7343,2023-08-22,Marriott,Travel,515.30,2023
7339,2023-08-22,QuickBooks,Software,158.10,2023
7344,2023-08-22,Salesforce,Software,800.00,2023
7338,2023-08-22,Staples,"Office Supplies",301.20,2023
7349,2023-08-23,Amazon,"Office Supplies",794.05,2023
7351,2023-08-23,Asana,Software,38.77,2023
7348,2023-08-23,Asana,Software,57.30,2023
7350,2023-08-23,AWS,Software,4389.00,2023
7353,2023-08-23,Notion,Software,16.00,2023
7352,2023-08-23,Staples,"Office Supplies",NULL,2023
7347,2023-08-23,Stripe,Software,59.00,2023
7346,2023-08-23,WeWork,Rent,NULL,2023
7355,2023-08-24,Amazon,"Office Supplies",293.00,2023
7357,2023-08-24,Asana,Software,80.21,2023
7358,2023-08-24,AWS,Software,3538.90,2023
7356,2023-08-24,FedEx,Shipping,166.36,2023
7354,2023-08-24,Staples,"Office Supplies",155.80,2023
7363,2023-08-25,DHL,Shipping,NULL,2023
7359,2023-08-25,Marriott,Travel,412.00,2023
7361,2023-08-25,Salesforce,Software,800.00,2023
7362,2023-08-25,Uber,Travel,31.91,2023
7360,2023-08-25,Zoom,Software,149.00,2023
7365,2023-08-26,HubSpot,Marketing,606.34,2023
7368,2023-08-26,QuickBooks,Software,149.00,2023
7367,2023-08-26,Uber,Travel,211.60,2023
7366,2023-08-26,Zoom,Software,149.00,2023
7370,2023-08-27,AWS,Software,813.71,2023
7372,2023-08-27,AWS,Software,3446.10,2023
7373,2023-08-27,QuickBooks,Software,81.00,2023
7374,2023-08-27,Salesforce,Software,NULL,2023
7369,2023-08-27,Staples,"Office Supplies",341.30,2023
7371,2023-08-27,WeWork,Rent,3200.00,2023
7375,2023-08-27,Zoom,Software,149.00,2023
7379,2023-08-28,Amazon,"Office Supplies",395.53,2023
7380,2023-08-28,"American Airlines",Travel,1957.80,2023
7378,2023-08-28,AWS,Software,2045.15,2023
7381,2023-08-28,Dropbox,Software,16.89,2023
7382,2023-08-28,"LinkedIn Ads",Marketing,1771.43,2023
7383,2023-08-28,Mailchimp,Marketing,299.00,2023
7377,2023-08-28,Marriott,Travel,592.82,2023
7386,2023-08-29,Expensify,Software,50.00,2023
7388,2023-08-29,"Google Ads",Marketing,3328.00,2023
7384,2023-08-29,Notion,Software,16.00,2023
7389,2023-08-29,"Office Depot","Office Supplies",150.00,2023
7391,2023-08-29,"Office Depot","Office Supplies",360.63,2023
7390,2023-08-29,"Office Depot","Office Supplies",481.90,2023
7385,2023-08-29,Zoom,Software,149.00,2023
7394,2023-08-30,Dropbox,Software,15.20,2023
7393,2023-08-30,Uber,Travel,NULL,2023
7392,2023-08-30,WeWork,Rent,3200.00,2023
7397,2023-08-31,"Office Depot","Office Supplies",256.30,2023
7396,2023-08-31,"Office Depot","Office Supplies",330.94,2023
7395,2023-08-31,Salesforce,Software,800.00,2023
7399,2023-09-01,"American Airlines",Travel,2243.26,2023
7400,2023-09-01,Expensify,Software,50.00,2023
7398,2023-09-01,FedEx,Shipping,190.05,2023
7401,2023-09-01,Staples,"Office Supplies",303.70,2023
7405,2023-09-02,Asana,Software,88.00,2023
7402,2023-09-02,Dropbox,Software,17.97,2023
7404,2023-09-02,Expensify,Software,50.00,2023
7403,2023-09-02,"Google Ads",Marketing,2480.70,2023
7406,2023-09-02,"Office Depot","Office Supplies",192.74,2023
7409,2023-09-03,Expensify,Software,50.00,2023
7411,2023-09-03,"LinkedIn Ads",Marketing,656.00,2023
7407,2023-09-03,Marriott,Travel,353.15,2023
7408,2023-09-03,WeWork,Rent,3200.00,2023
7410,2023-09-03,Zoom,Software,149.00,2023
7416,2023-09-04,Dropbox,Software,19.66,2023
7419,2023-09-04,FedEx,Shipping,238.00,2023
7412,2023-09-04,"Google Ads",Marketing,NULL,2023
7413,2023-09-04,HubSpot,Marketing,434.37,2023
7415,2023-09-04,Notion,Software,16.00,2023
7417,2023-09-04,Slack,Software,87.00,2023
7414,2023-09-04,Uber,Travel,230.64,2023
7418,2023-09-04,WeWork,Rent,3200.00,2023
7421,2023-09-05,Asana,Software,NULL,2023
7420,2023-09-05,"Google Ads",Marketing,807.21,2023
7423,2023-09-05,"LinkedIn Ads",Marketing,1522.80,2023
7422,2023-09-05,Zoom,Software,149.00,2023
7426,2023-09-06,DHL,Shipping,NULL,2023
7425,2023-09-06,Marriott,Travel,478.80,2023
7424,2023-09-06,QuickBooks,Software,NULL,2023
7427,2023-09-06,WeWork,Rent,NULL,2023
7430,2023-09-07,Amazon,"Office Supplies",NULL,2023
7434,2023-09-07,"Delta Airlines",Travel,2490.68,2023
7433,2023-09-07,DHL,Shipping,86.00,2023
7428,2023-09-07,HubSpot,Marketing,1014.87,2023
7429,2023-09-07,"LinkedIn Ads",Marketing,1815.67,2023
7432,2023-09-07,Marriott,Travel,444.39,2023
7435,2023-09-07,Notion,Software,16.00,2023
7431,2023-09-07,Zoom,Software,149.00,2023
7436,2023-09-08,Amazon,"Office Supplies",NULL,2023
7442,2023-09-08,Amazon,"Office Supplies",158.00,2023
7439,2023-09-08,Amazon,"Office Supplies",572.00,2023
7437,2023-09-08,"American Airlines",Travel,1309.90,2023
7438,2023-09-08,Asana,Software,56.00,2023
7440,2023-09-08,FedEx,Shipping,112.40,2023
7441,2023-09-08,Staples,"Office Supplies",84.90,2023
7446,2023-09-09,Dropbox,Software,15.04,2023
7445,2023-09-09,Notion,Software,16.00,2023
7444,2023-09-09,QuickBooks,Software,62.35,2023
7448,2023-09-09,QuickBooks,Software,129.30,2023
7443,2023-09-09,Salesforce,Software,NULL,2023
7450,2023-09-09,Salesforce,Software,800.00,2023
7447,2023-09-09,Slack,Software,87.00,2023
7451,2023-09-10,"American Airlines",Travel,884.72,2023
7453,2023-09-10,QuickBooks,Software,107.00,2023
7452,2023-09-10,Salesforce,Software,800.00,2023
7454,2023-09-10,Stripe,Software,59.00,2023
7456,2023-09-11,Asana,Software,55.49,2023
7459,2023-09-11,Expensify,Software,50.00,2023
7458,2023-09-11,Salesforce,Software,800.00,2023
7457,2023-09-11,Slack,Software,87.00,2023
7460,2023-09-11,Staples,"Office Supplies",NULL,2023
7455,2023-09-11,Staples,"Office Supplies",111.02,2023
7463,2023-09-12,"American Airlines",Travel,2325.80,2023
7461,2023-09-12,HubSpot,Marketing,870.05,2023
7462,2023-09-12,Stripe,Software,59.00,2023
7464,2023-09-12,WeWork,Rent,3200.00,2023
7465,2023-09-12,Zoom,Software,149.00,2023
7466,2023-09-13,"American Airlines",Travel,1119.00,2023
7467,2023-09-13,DHL,Shipping,189.44,2023
7469,2023-09-13,Expensify,Software,50.00,2023
7470,2023-09-13,Slack,Software,87.00,2023
7468,2023-09-13,Uber,Travel,118.00,2023
7471,2023-09-14,"American Airlines",Travel,1055.30,2023
7473,2023-09-14,WeWork,Rent,NULL,2023
7472,2023-09-14,Zoom,Software,149.00,2023
7478,2023-09-15,Amazon,"Office Supplies",1839.30,2023
7477,2023-09-15,"American Airlines",Travel,1660.73,2023
7474,2023-09-15,Dropbox,Software,20.70,2023
7476,2023-09-15,"Google Ads",Marketing,1114.00,2023
7475,2023-09-15,"Office Depot","Office Supplies",81.24,2023
7480,2023-09-16,Amazon,"Office Supplies",1405.00,2023
7479,2023-09-16,DHL,Shipping,193.38,2023
7484,2023-09-16,Expensify,Software,50.00,2023
7482,2023-09-16,Marriott,Travel,526.70,2023
7483,2023-09-16,Notion,Software,16.00,2023
7481,2023-09-16,Staples,"Office Supplies",365.88,2023
7490,2023-09-17,"American Airlines",Travel,879.60,2023
7492,2023-09-17,Asana,Software,70.00,2023
7486,2023-09-17,"Delta Airlines",Travel,1445.00,2023
7488,2023-09-17,Dropbox,Software,21.00,2023
7489,2023-09-17,"Office Depot","Office Supplies",140.40,2023
7491,2023-09-17,QuickBooks,Software,50.00,2023
7485,2023-09-17,Staples,"Office Supplies",377.26,2023
7487,2023-09-17,Zoom,Software,149.00,2023
7495,2023-09-18,Expensify,Software,50.00,2023
7496,2023-09-18,Marriott,Travel,341.00,2023
7494,2023-09-18,Microsoft,Software,246.99,2023
7497,2023-09-18,Microsoft,Software,379.00,2023
7493,2023-09-18,Salesforce,Software,800.00,2023
7500,2023-09-19,Asana,Software,66.10,2023
7501,2023-09-19,Expensify,Software,50.00,2023
7502,2023-09-19,FedEx,Shipping,171.63,2023
7499,2023-09-19,Mailchimp,Marketing,299.00,2023
7498,2023-09-19,Notion,Software,16.00,2023
7503,2023-09-20,AWS,Software,1783.36,2023
7510,2023-09-20,AWS,Software,2637.73,2023
7507,2023-09-20,DHL,Shipping,214.00,2023
7505,2023-09-20,Microsoft,Software,387.02,2023
7509,2023-09-20,Salesforce,Software,800.00,2023
7508,2023-09-20,Slack,Software,87.00,2023
7504,2023-09-20,Staples,"Office Supplies",216.93,2023
7506,2023-09-20,Uber,Travel,298.94,2023
7511,2023-09-21,"Delta Airlines",Travel,734.00,2023
7514,2023-09-21,DHL,Shipping,197.31,2023
7512,2023-09-21,Microsoft,Software,154.80,2023
7513,2023-09-21,Notion,Software,16.00,2023
7517,2023-09-22,"American Airlines",Travel,2078.72,2023
7515,2023-09-22,"Office Depot","Office Supplies",499.90,2023
7516,2023-09-22,Salesforce,Software,800.00,2023
7518,2023-09-23,Asana,Software,61.53,2023
7520,2023-09-23,AWS,Software,2539.00,2023
7519,2023-09-23,"Delta Airlines",Travel,607.00,2023
7522,2023-09-23,FedEx,Shipping,129.62,2023
7521,2023-09-23,Uber,Travel,187.00,2023
7525,2023-09-24,FedEx,Shipping,186.50,2023
7526,2023-09-24,Slack,Software,NULL,2023
7523,2023-09-24,Uber,Travel,NULL,2023
7524,2023-09-24,WeWork,Rent,3200.00,2023
7528,2023-09-25,AWS,Software,3449.60,2023
7527,2023-09-25,DHL,Shipping,159.34,2023
7529,2023-09-25,"LinkedIn Ads",Marketing,987.40,2023
7530,2023-09-25,Slack,Software,87.00,2023
7537,2023-09-26,"Delta Airlines",Travel,810.60,2023
7534,2023-09-26,FedEx,Shipping,124.00,2023
7532,2023-09-26,FedEx,Shipping,140.00,2023
7536,2023-09-26,"LinkedIn Ads",Marketing,509.00,2023
7533,2023-09-26,Mailchimp,Marketing,299.00,2023
7531,2023-09-26,QuickBooks,Software,80.79,2023
7535,2023-09-26,Uber,Travel,64.00,2023
7539,2023-09-27,"LinkedIn Ads",Marketing,553.05,2023
7541,2023-09-27,"LinkedIn Ads",Marketing,1834.69,2023
7538,2023-09-27,Notion,Software,NULL,2023
7540,2023-09-27,Staples,"Office Supplies",247.95,2023
7545,2023-09-28,Amazon,"Office Supplies",NULL,2023
7546,2023-09-28,DHL,Shipping,NULL,2023
7548,2023-09-28,Expensify,Software,50.00,2023
7542,2023-09-28,"Google Ads",Marketing,1204.00,2023
7547,2023-09-28,Notion,Software,16.00,2023
7544,2023-09-28,"Office Depot","Office Supplies",314.60,2023
7543,2023-09-28,Salesforce,Software,800.00,2023
7549,2023-09-28,Slack,Software,87.00,2023
7557,2023-09-29,Expensify,Software,50.00,2023
7554,2023-09-29,"Google Ads",Marketing,NULL,2023
7555,2023-09-29,HubSpot,Marketing,500.74,2023
7550,2023-09-29,Mailchimp,Marketing,299.00,2023
7551,2023-09-29,Marriott,Travel,418.30,2023
7552,2023-09-29,QuickBooks,Software,NULL,2023
7556,2023-09-29,QuickBooks,Software,110.23,2023
7553,2023-09-29,Salesforce,Software,800.00,2023
7563,2023-09-30,Dropbox,Software,20.00,2023
7559,2023-09-30,HubSpot,Marketing,NULL,2023
7558,2023-09-30,Marriott,Travel,393.66,2023
7562,2023-09-30,Microsoft,Software,240.00,2023
7561,2023-09-30,WeWork,Rent,3200.00,2023
7560,2023-09-30,Zoom,Software,149.00,2023
7569,2023-10-01,Amazon,"Office Supplies",938.00,2023
7568,2023-10-01,"American Airlines",Travel,901.00,2023
7566,2023-10-01,Expensify,Software,50.00,2023
7567,2023-10-01,"Google Ads",Marketing,1776.80,2023
7564,2023-10-01,"LinkedIn Ads",Marketing,519.71,2023
7565,2023-10-01,QuickBooks,Software,105.00,2023
7573,2023-10-02,Asana,Software,39.54,2023
7571,2023-10-02,"LinkedIn Ads",Marketing,629.60,2023
7575,2023-10-02,"Office Depot","Office Supplies",NULL,2023
7570,2023-10-02,Salesforce,Software,800.00,2023
7574,2023-10-02,Staples,"Office Supplies",NULL,2023
7572,2023-10-02,Zoom,Software,149.00,2023
7578,2023-10-03,HubSpot,Marketing,812.25,2023
7576,2023-10-03,Salesforce,Software,800.00,2023
7577,2023-10-03,Uber,Travel,120.40,2023
7585,2023-10-04,Amazon,"Office Supplies",261.00,2023
7584,2023-10-04,DHL,Shipping,NULL,2023
7581,2023-10-04,Expensify,Software,50.00,2023
7582,2023-10-04,"Google Ads",Marketing,2854.62,2023
7586,2023-10-04,HubSpot,Marketing,415.78,2023
7583,2023-10-04,HubSpot,Marketing,947.00,2023
7580,2023-10-04,Notion,Software,16.00,2023
7579,2023-10-04,QuickBooks,Software,102.20,2023
7587,2023-10-05,Amazon,"Office Supplies",1415.10,2023
7588,2023-10-05,AWS,Software,NULL,2023
7591,2023-10-05,Mailchimp,Marketing,299.00,2023
7592,2023-10-05,Marriott,Travel,349.19,2023
7589,2023-10-05,Uber,Travel,159.48,2023
7597,2023-10-06,Amazon,"Office Supplies",807.00,2023
7600,2023-10-06,Amazon,"Office Supplies",1980.50,2023
7599,2023-10-06,"American Airlines",Travel,2111.50,2023
7596,2023-10-06,AWS,Software,2865.28,2023
7593,2023-10-06,Microsoft,Software,294.00,2023
7598,2023-10-06,Notion,Software,16.00,2023
7595,2023-10-06,Uber,Travel,NULL,2023
7594,2023-10-06,WeWork,Rent,3200.00,2023
7601,2023-10-07,Asana,Software,85.30,2023
7604,2023-10-07,Asana,Software,90.00,2023
7602,2023-10-07,DHL,Shipping,180.00,2023
7603,2023-10-07,QuickBooks,Software,79.00,2023
7605,2023-10-07,Stripe,Software,59.00,2023
7607,2023-10-08,DHL,Shipping,NULL,2023
7606,2023-10-08,DHL,Shipping,177.00,2023
7611,2023-10-08,Expensify,Software,50.00,2023
7608,2023-10-08,Staples,"Office Supplies",149.47,2023
7610,2023-10-08,WeWork,Rent,3200.00,2023
7617,2023-10-09,Dropbox,Software,17.98,2023
7616,2023-10-09,Expensify,Software,50.00,2023
7612,2023-10-09,"LinkedIn Ads",Marketing,1694.30,2023
7614,2023-10-09,"Office Depot","Office Supplies",461.00,2023
7615,2023-10-09,Salesforce,Software,NULL,2023
7613,2023-10-09,Staples,"Office Supplies",236.80,2023
7622,2023-10-10,"Delta Airlines",Travel,701.85,2023
7619,2023-10-10,"Delta Airlines",Travel,2403.20,2023
7621,2023-10-10,Expensify,Software,50.00,2023
7620,2023-10-10,"Google Ads",Marketing,NULL,2023
7618,2023-10-10,Stripe,Software,NULL,2023
7625,2023-10-11,"American Airlines",Travel,1650.62,2023
7627,2023-10-11,Asana,Software,45.57,2023
7626,2023-10-11,HubSpot,Marketing,600.00,2023
7624,2023-10-11,Slack,Software,NULL,2023
7623,2023-10-11,Zoom,Software,149.00,2023
7628,2023-10-12,Notion,Software,16.00,2023
7631,2023-10-12,"Office Depot","Office Supplies",48.80,2023
7630,2023-10-12,QuickBooks,Software,85.75,2023
7632,2023-10-12,Stripe,Software,59.00,2023
7629,2023-10-12,Uber,Travel,251.06,2023
7640,2023-10-13,AWS,Software,3661.10,2023
7637,2023-10-13,DHL,Shipping,82.00,2023
7638,2023-10-13,Expensify,Software,NULL,2023
7634,2023-10-13,HubSpot,Marketing,1061.00,2023
7635,2023-10-13,HubSpot,Marketing,1091.57,2023
7639,2023-10-13,Notion,Software,16.00,2023
7636,2023-10-13,WeWork,Rent,3200.00,2023
7633,2023-10-13,Zoom,Software,149.00,2023
7642,2023-10-14,AWS,Software,NULL,2023
7643,2023-10-14,FedEx,Shipping,248.16,2023
7644,2023-10-14,"LinkedIn Ads",Marketing,1169.00,2023
7641,2023-10-14,WeWork,Rent,NULL,2023
7651,2023-10-15,Asana,Software,60.00,2023
7646,2023-10-15,AWS,Software,1787.00,2023
7645,2023-10-15,Dropbox,Software,20.20,2023
7647,2023-10-15,Expensify,Software,50.00,2023
7650,2023-10-15,"LinkedIn Ads",Marketing,1992.00,2023
7649,2023-10-15,Marriott,Travel,571.03,2023
7648,2023-10-15,Stripe,Software,59.00,2023
7658,2023-10-16,"American Airlines",Travel,2780.47,2023
7659,2023-10-16,Expensify,Software,50.00,2023
7656,2023-10-16,"LinkedIn Ads",Marketing,678.00,2023
7657,2023-10-16,"LinkedIn Ads",Marketing,1331.58,2023
7655,2023-10-16,Microsoft,Software,317.00,2023
7654,2023-10-16,Slack,Software,87.00,2023
7653,2023-10-16,Staples,"Office Supplies",363.53,2023
7652,2023-10-16,WeWork,Rent,3200.00,2023
7660,2023-10-17,Amazon,"Office Supplies",1746.14,2023
7663,2023-10-17,"Delta Airlines",Travel,2141.39,2023
7665,2023-10-17,HubSpot,Marketing,731.00,2023
7666,2023-10-17,Microsoft,Software,309.80,2023
7664,2023-10-17,QuickBooks,Software,143.01,2023
7662,2023-10-17,QuickBooks,Software,170.09,2023
7661,2023-10-17,Staples,"Office Supplies",62.30,2023
7670,2023-10-18,HubSpot,Marketing,NULL,2023
7669,2023-10-18,HubSpot,Marketing,1078.00,2023
7667,2023-10-18,WeWork,Rent,NULL,2023
7668,2023-10-18,WeWork,Rent,3200.00,2023
7672,2023-10-19,Asana,Software,90.30,2023
7675,2023-10-19,HubSpot,Marketing,944.53,2023
7673,2023-10-19,Staples,"Office Supplies",131.00,2023
7674,2023-10-19,WeWork,Rent,NULL,2023
7671,2023-10-19,WeWork,Rent,3200.00,2023
7682,2023-10-20,Asana,Software,67.80,2023
7680,2023-10-20,Expensify,Software,50.00,2023
7679,2023-10-20,"Google Ads",Marketing,2249.00,2023
7681,2023-10-20,Mailchimp,Marketing,299.00,2023
7677,2023-10-20,Notion,Software,16.00,2023
7678,2023-10-20,Staples,"Office Supplies",256.00,2023
7684,2023-10-21,Amazon,"Office Supplies",495.20,2023
7685,2023-10-21,Dropbox,Software,19.40,2023
7683,2023-10-21,Marriott,Travel,489.59,2023
7688,2023-10-22,Amazon,"Office Supplies",1472.50,2023
7693,2023-10-22,AWS,Software,1365.05,2023
7686,2023-10-22,AWS,Software,2816.00,2023
7691,2023-10-22,DHL,Shipping,145.00,2023
7689,2023-10-22,Expensify,Software,50.00,2023
7687,2023-10-22,"Google Ads",Marketing,2072.20,2023
7692,2023-10-22,QuickBooks,Software,132.00,2023
7690,2023-10-22,WeWork,Rent,NULL,2023
7697,2023-10-23,"American Airlines",Travel,1835.23,2023
7695,2023-10-23,AWS,Software,3292.72,2023
7694,2023-10-23,QuickBooks,Software,66.80,2023
7696,2023-10-23,Stripe,Software,59.00,2023
7700,2023-10-24,Amazon,"Office Supplies",693.00,2023
7699,2023-10-24,"Google Ads",Marketing,2287.00,2023
7698,2023-10-24,Mailchimp,Marketing,299.00,2023
7703,2023-10-24,Notion,Software,16.00,2023
7702,2023-10-24,Salesforce,Software,800.00,2023
7701,2023-10-24,Uber,Travel,236.00,2023
7711,2023-10-25,Asana,Software,89.37,2023
7710,2023-10-25,AWS,Software,3781.33,2023
7709,2023-10-25,Dropbox,Software,21.70,2023
7705,2023-10-25,HubSpot,Marketing,829.00,2023
7706,2023-10-25,Notion,Software,16.00,2023
7708,2023-10-25,Salesforce,Software,NULL,2023
7707,2023-10-25,Staples,"Office Supplies",354.30,2023
7704,2023-10-25,Uber,Travel,NULL,2023
7713,2023-10-26,"American Airlines",Travel,NULL,2023
7716,2023-10-26,"Google Ads",Marketing,NULL,2023
7712,2023-10-26,HubSpot,Marketing,881.80,2023
7714,2023-10-26,"LinkedIn Ads",Marketing,1836.00,2023
7715,2023-10-26,Salesforce,Software,800.00,2023
7719,2023-10-27,Mailchimp,Marketing,NULL,2023
7717,2023-10-27,QuickBooks,Software,122.17,2023
7718,2023-10-27,WeWork,Rent,3200.00,2023
7722,2023-10-28,HubSpot,Marketing,899.64,2023
7720,2023-10-28,Marriott,Travel,575.40,2023
7723,2023-10-28,Uber,Travel,NULL,2023
7721,2023-10-28,Zoom,Software,149.00,2023
7728,2023-10-29,Asana,Software,60.20,2023
7724,2023-10-29,"Delta Airlines",Travel,754.75,2023
7726,2023-10-29,QuickBooks,Software,108.50,2023
7725,2023-10-29,Salesforce,Software,NULL,2023
7727,2023-10-29,WeWork,Rent,3200.00,2023
7735,2023-10-30,"American Airlines",Travel,1076.00,2023
7732,2023-10-30,"American Airlines",Travel,1961.74,2023
7733,2023-10-30,Expensify,Software,50.00,2023
7731,2023-10-30,FedEx,Shipping,46.61,2023
7729,2023-10-30,Notion,Software,16.00,2023
7730,2023-10-30,Salesforce,Software,800.00,2023
7734,2023-10-30,WeWork,Rent,3200.00,2023
7736,2023-10-30,Zoom,Software,NULL,2023
7743,2023-10-31,AWS,Software,3227.00,2023
7742,2023-10-31,"Delta Airlines",Travel,388.79,2023
7744,2023-10-31,Expensify,Software,50.00,2023
7741,2023-10-31,Microsoft,Software,398.69,2023
7737,2023-10-31,"Office Depot","Office Supplies",278.91,2023
7738,2023-10-31,"Office Depot","Office Supplies",386.00,2023
7739,2023-10-31,Slack,Software,87.00,2023
7740,2023-10-31,WeWork,Rent,3200.00,2023
7748,2023-11-01,Amazon,"Office Supplies",1499.89,2023
7746,2023-11-01,"Google Ads",Marketing,NULL,2023
7747,2023-11-01,Marriott,Travel,596.00,2023
7749,2023-11-01,"Office Depot","Office Supplies",235.16,2023
7745,2023-11-01,Uber,Travel,80.91,2023
7753,2023-11-02,"American Airlines",Travel,275.40,2023
7754,2023-11-02,Asana,Software,NULL,2023
7752,2023-11-02,FedEx,Shipping,164.33,2023
7751,2023-11-02,HubSpot,Marketing,1120.94,2023
7756,2023-11-02,"LinkedIn Ads",Marketing,512.24,2023
7755,2023-11-02,QuickBooks,Software,80.00,2023
7750,2023-11-02,Stripe,Software,59.00,2023
7757,2023-11-03,"Delta Airlines",Travel,2059.82,2023
7758,2023-11-03,Stripe,Software,59.00,2023
7759,2023-11-03,WeWork,Rent,3200.00,2023
7763,2023-11-04,Asana,Software,36.04,2023
7764,2023-11-04,Dropbox,Software,15.84,2023
7766,2023-11-04,"Google Ads",Marketing,2468.79,2023
7760,2023-11-04,"Google Ads",Marketing,3209.70,2023
7767,2023-11-04,HubSpot,Marketing,836.03,2023
7765,2023-11-04,Microsoft,Software,357.22,2023
7762,2023-11-04,Slack,Software,87.00,2023
7761,2023-11-04,WeWork,Rent,3200.00,2023
7770,2023-11-05,DHL,Shipping,154.54,2023
7773,2023-11-05,Expensify,Software,50.00,2023
7769,2023-11-05,"Google Ads",Marketing,1308.29,2023
7772,2023-11-05,HubSpot,Marketing,981.65,2023
7774,2023-11-05,QuickBooks,Software,NULL,2023
7768,2023-11-05,Staples,"Office Supplies",287.00,2023
7771,2023-11-05,WeWork,Rent,3200.00,2023
7780,2023-11-06,Amazon,"Office Supplies",1550.00,2023
7776,2023-11-06,Amazon,"Office Supplies",1730.69,2023
7775,2023-11-06,"American Airlines",Travel,2973.43,2023
7777,2023-11-06,Asana,Software,38.10,2023
7778,2023-11-06,Microsoft,Software,162.52,2023
7779,2023-11-06,Slack,Software,87.00,2023
7781,2023-11-06,Stripe,Software,59.00,2023
7782,2023-11-06,WeWork,Rent,3200.00,2023
7784,2023-11-07,"Office Depot","Office Supplies",360.60,2023
7787,2023-11-07,QuickBooks,Software,NULL,2023
7786,2023-11-07,Slack,Software,87.00,2023
7783,2023-11-07,Uber,Travel,253.00,2023
7785,2023-11-07,Zoom,Software,149.00,2023
7792,2023-11-08,Amazon,"Office Supplies",125.00,2023
7789,2023-11-08,"American Airlines",Travel,2314.12,2023
7790,2023-11-08,"Delta Airlines",Travel,1971.30,2023
7788,2023-11-08,Marriott,Travel,NULL,2023
7791,2023-11-08,"Office Depot","Office Supplies",126.70,2023
7795,2023-11-08,"Office Depot","Office Supplies",146.47,2023
7794,2023-11-08,Staples,"Office Supplies",290.25,2023
7793,2023-11-08,Staples,"Office Supplies",369.90,2023
7797,2023-11-09,Amazon,"Office Supplies",1202.00,2023
7796,2023-11-09,AWS,Software,718.86,2023
7798,2023-11-09,Stripe,Software,59.00,2023
7802,2023-11-10,Asana,Software,91.30,2023
7799,2023-11-10,"Google Ads",Marketing,1383.75,2023
7801,2023-11-10,Microsoft,Software,249.86,2023
7800,2023-11-10,"Office Depot","Office Supplies",220.90,2023
7803,2023-11-11,Asana,Software,81.20,2023
7804,2023-11-11,"Google Ads",Marketing,1183.00,2023
7805,2023-11-11,HubSpot,Marketing,1070.00,2023
7806,2023-11-11,HubSpot,Marketing,1156.00,2023
7807,2023-11-11,Salesforce,Software,NULL,2023
7810,2023-11-12,"LinkedIn Ads",Marketing,1243.41,2023
7809,2023-11-12,Microsoft,Software,331.78,2023
7808,2023-11-12,Notion,Software,16.00,2023
7811,2023-11-13,"American Airlines",Travel,1569.31,2023
7815,2023-11-13,Dropbox,Software,19.00,2023
7814,2023-11-13,FedEx,Shipping,174.00,2023
7816,2023-11-13,Slack,Software,87.00,2023
7813,2023-11-13,Stripe,Software,59.00,2023
7812,2023-11-13,Zoom,Software,149.00,2023
7820,2023-11-14,Amazon,"Office Supplies",NULL,2023
7818,2023-11-14,FedEx,Shipping,271.50,2023
7822,2023-11-14,"Google Ads",Marketing,2268.94,2023
7819,2023-11-14,Staples,"Office Supplies",63.00,2023
7821,2023-11-14,Stripe,Software,NULL,2023
7826,2023-11-15,Asana,Software,41.65,2023
7825,2023-11-15,"Delta Airlines",Travel,NULL,2023
7830,2023-11-15,Dropbox,Software,22.53,2023
7829,2023-11-15,Marriott,Travel,329.20,2023
7827,2023-11-15,Salesforce,Software,800.00,2023
7823,2023-11-15,Staples,"Office Supplies",NULL,2023
7824,2023-11-15,Staples,"Office Supplies",91.39,2023
7828,2023-11-15,Staples,"Office Supplies",389.97,2023
7835,2023-11-16,Amazon,"Office Supplies",116.85,2023
7832,2023-11-16,"Delta Airlines",Travel,938.00,2023
7831,2023-11-16,Expensify,Software,50.00,2023
7834,2023-11-16,Notion,Software,16.00,2023
7833,2023-11-16,QuickBooks,Software,139.00,2023
7836,2023-11-16,WeWork,Rent,3200.00,2023
7839,2023-11-17,"American Airlines",Travel,477.20,2023
7837,2023-11-17,AWS,Software,3922.10,2023
7840,2023-11-17,Marriott,Travel,542.53,2023
7838,2023-11-17,Notion,Software,16.00,2023
7846,2023-11-18,"American Airlines",Travel,2414.02,2023
7844,2023-11-18,Asana,Software,70.00,2023
7842,2023-11-18,DHL,Shipping,NULL,2023
7841,2023-11-18,FedEx,Shipping,211.00,2023
7847,2023-11-18,Mailchimp,Marketing,299.00,2023
7843,2023-11-18,Notion,Software,NULL,2023
7845,2023-11-18,Uber,Travel,NULL,2023
7851,2023-11-19,"American Airlines",Travel,547.00,2023
7850,2023-11-19,AWS,Software,4654.00,2023
7849,2023-11-19,Expensify,Software,50.00,2023
7854,2023-11-19,Marriott,Travel,488.00,2023
7853,2023-11-19,Notion,Software,16.00,2023
7848,2023-11-19,Stripe,Software,59.00,2023
7856,2023-11-20,Amazon,"Office Supplies",313.27,2023
7858,2023-11-20,Expensify,Software,50.00,2023
7860,2023-11-20,"LinkedIn Ads",Marketing,1567.40,2023
7859,2023-11-20,Notion,Software,16.00,2023
7857,2023-11-20,QuickBooks,Software,179.00,2023
7855,2023-11-20,Zoom,Software,149.00,2023
7862,2023-11-21,"American Airlines",Travel,455.07,2023
7866,2023-11-21,Marriott,Travel,NULL,2023
7865,2023-11-21,QuickBooks,Software,135.29,2023
7864,2023-11-21,Slack,Software,87.00,2023
7861,2023-11-21,Stripe,Software,59.00,2023
7863,2023-11-21,Uber,Travel,NULL,2023
7871,2023-11-22,"American Airlines",Travel,1205.80,2023
7867,2023-11-22,Microsoft,Software,NULL,2023
7868,2023-11-22,Microsoft,Software,210.81,2023
7872,2023-11-22,Notion,Software,16.00,2023
7870,2023-11-22,QuickBooks,Software,77.70,2023
7869,2023-11-22,Salesforce,Software,800.00,2023
7873,2023-11-22,Uber,Travel,277.00,2023
7877,2023-11-23,Expensify,Software,50.00,2023
7876,2023-11-23,Marriott,Travel,NULL,2023
7875,2023-11-23,Slack,Software,87.00,2023
7874,2023-11-23,Stripe,Software,59.00,2023
7878,2023-11-23,WeWork,Rent,3200.00,2023
7882,2023-11-24,Notion,Software,16.00,2023
7881,2023-11-24,Staples,"Office Supplies",NULL,2023
7880,2023-11-24,WeWork,Rent,3200.00,2023
7885,2023-11-25,"American Airlines",Travel,717.20,2023
7884,2023-11-25,"Delta Airlines",Travel,2411.00,2023
7887,2023-11-25,Expensify,Software,50.00,2023
7883,2023-11-25,Microsoft,Software,210.40,2023
7886,2023-11-25,Microsoft,Software,345.90,2023
7891,2023-11-26,AWS,Software,2944.40,2023
7892,2023-11-26,DHL,Shipping,116.32,2023
7895,2023-11-26,Expensify,Software,50.00,2023
7889,2023-11-26,"Google Ads",Marketing,1033.67,2023
7893,2023-11-26,HubSpot,Marketing,744.30,2023
7890,2023-11-26,HubSpot,Marketing,1175.10,2023
7894,2023-11-26,HubSpot,Marketing,1194.00,2023
7888,2023-11-26,Zoom,Software,149.00,2023
7897,2023-11-27,DHL,Shipping,248.43,2023
7898,2023-11-27,Expensify,Software,50.00,2023
7896,2023-11-27,"Office Depot","Office Supplies",367.12,2023
7904,2023-11-28,AWS,Software,3668.20,2023
7905,2023-11-28,DHL,Shipping,64.60,2023
7902,2023-11-28,Notion,Software,16.00,2023
7900,2023-11-28,"Office Depot","Office Supplies",409.56,2023
7899,2023-11-28,QuickBooks,Software,116.60,2023
7903,2023-11-28,Stripe,Software,59.00,2023
7901,2023-11-28,Uber,Travel,164.65,2023
7910,2023-11-29,AWS,Software,2487.82,2023
7911,2023-11-29,"Delta Airlines",Travel,976.13,2023
7909,2023-11-29,Dropbox,Software,16.00,2023
7906,2023-11-29,Microsoft,Software,385.00,2023
7907,2023-11-29,Staples,"Office Supplies",160.80,2023
7908,2023-11-29,Staples,"Office Supplies",176.16,2023
7914,2023-11-30,DHL,Shipping,239.21,2023
7912,2023-11-30,"Google Ads",Marketing,1981.15,2023
7913,2023-11-30,Uber,Travel,88.50,2023
7915,2023-12-01,Expensify,Software,NULL,2023
7916,2023-12-01,"Office Depot","Office Supplies",45.00,2023
7917,2023-12-01,"Office Depot","Office Supplies",387.48,2023
7919,2023-12-01,QuickBooks,Software,69.30,2023
7918,2023-12-01,Salesforce,Software,800.00,2023
7921,2023-12-02,AWS,Software,3848.27,2023
7924,2023-12-02,"Delta Airlines",Travel,599.21,2023
7920,2023-12-02,Slack,Software,87.00,2023
7923,2023-12-02,Staples,"Office Supplies",303.17,2023
7922,2023-12-02,Uber,Travel,224.43,2023
7928,2023-12-03,AWS,Software,3436.01,2023
7927,2023-12-03,Expensify,Software,50.00,2023
7926,2023-12-03,"Google Ads",Marketing,2887.99,2023
7929,2023-12-03,Slack,Software,87.00,2023
7925,2023-12-03,Zoom,Software,149.00,2023
7930,2023-12-04,"American Airlines",Travel,NULL,2023
7931,2023-12-04,"American Airlines",Travel,1835.39,2023
7933,2023-12-04,Expensify,Software,50.00,2023
7935,2023-12-04,HubSpot,Marketing,624.74,2023
7934,2023-12-04,"Office Depot","Office Supplies",122.43,2023
7932,2023-12-04,Stripe,Software,NULL,2023
7937,2023-12-04,Stripe,Software,59.00,2023
7936,2023-12-04,Zoom,Software,149.00,2023
7944,2023-12-05,Amazon,"Office Supplies",714.10,2023
7945,2023-12-05,"Delta Airlines",Travel,1724.90,2023
7938,2023-12-05,DHL,Shipping,50.60,2023
7943,2023-12-05,Expensify,Software,50.00,2023
7942,2023-12-05,FedEx,Shipping,167.26,2023
7939,2023-12-05,HubSpot,Marketing,413.20,2023
7940,2023-12-05,Microsoft,Software,279.00,2023
7941,2023-12-05,Microsoft,Software,404.77,2023
7949,2023-12-06,DHL,Shipping,176.23,2023
7946,2023-12-06,Dropbox,Software,18.63,2023
7947,2023-12-06,Dropbox,Software,24.92,2023
7952,2023-12-06,FedEx,Shipping,247.45,2023
7948,2023-12-06,Mailchimp,Marketing,299.00,2023
7951,2023-12-06,Slack,Software,87.00,2023
7950,2023-12-06,WeWork,Rent,NULL,2023
7956,2023-12-07,AWS,Software,649.40,2023
7955,2023-12-07,Expensify,Software,50.00,2023
7954,2023-12-07,QuickBooks,Software,NULL,2023
7953,2023-12-07,Salesforce,Software,800.00,2023
7958,2023-12-08,Marriott,Travel,150.44,2023
7959,2023-12-08,Microsoft,Software,201.32,2023
7957,2023-12-08,Zoom,Software,149.00,2023
7963,2023-12-09,Asana,Software,50.00,2023
7961,2023-12-09,DHL,Shipping,124.40,2023
7962,2023-12-09,Mailchimp,Marketing,299.00,2023
7964,2023-12-09,Salesforce,Software,800.00,2023
7966,2023-12-10,AWS,Software,479.40,2023
7969,2023-12-10,"Delta Airlines",Travel,1136.37,2023
7968,2023-12-10,DHL,Shipping,58.00,2023
7970,2023-12-10,FedEx,Shipping,231.30,2023
7965,2023-12-10,"Office Depot","Office Supplies",341.39,2023
7967,2023-12-10,Uber,Travel,70.40,2023
7974,2023-12-11,Amazon,"Office Supplies",1614.20,2023
7973,2023-12-11,Asana,Software,98.60,2023
7971,2023-12-11,Marriott,Travel,467.01,2023
7972,2023-12-11,Microsoft,Software,471.34,2023
7975,2023-12-12,Amazon,"Office Supplies",674.50,2023
7977,2023-12-12,"Delta Airlines",Travel,2447.60,2023
7979,2023-12-12,DHL,Shipping,130.00,2023
7976,2023-12-12,Marriott,Travel,NULL,2023
7978,2023-12-12,Microsoft,Software,256.47,2023
7980,2023-12-12,QuickBooks,Software,NULL,2023
7981,2023-12-12,Uber,Travel,242.46,2023
7984,2023-12-13,Amazon,"Office Supplies",642.57,2023
7985,2023-12-13,"American Airlines",Travel,961.00,2023
7982,2023-12-13,"Delta Airlines",Travel,1390.00,2023
7987,2023-12-13,HubSpot,Marketing,752.38,2023
7988,2023-12-13,Marriott,Travel,496.00,2023
7983,2023-12-13,"Office Depot","Office Supplies",362.41,2023
7986,2023-12-13,Stripe,Software,59.00,2023
7989,2023-12-14,Dropbox,Software,NULL,2023
7991,2023-12-14,HubSpot,Marketing,553.00,2023
7992,2023-12-14,Marriott,Travel,NULL,2023
7990,2023-12-14,Staples,"Office Supplies",202.86,2023
7993,2023-12-15,Dropbox,Software,17.36,2023
7995,2023-12-15,Dropbox,Software,18.19,2023
7997,2023-12-15,Mailchimp,Marketing,299.00,2023
7996,2023-12-15,Staples,"Office Supplies",105.21,2023
7994,2023-12-15,Stripe,Software,59.00,2023
8004,2023-12-16,Salesforce,Software,800.00,2023
8001,2023-12-16,Slack,Software,NULL,2023
8002,2023-12-16,Staples,"Office Supplies",61.30,2023
8000,2023-12-16,Stripe,Software,59.00,2023
8003,2023-12-16,WeWork,Rent,3200.00,2023
8006,2023-12-17,"Delta Airlines",Travel,1349.00,2023
8008,2023-12-17,DHL,Shipping,NULL,2023
8007,2023-12-17,Expensify,Software,50.00,2023
8009,2023-12-17,"Google Ads",Marketing,1279.03,2023
8005,2023-12-17,"LinkedIn Ads",Marketing,501.04,2023
8010,2023-12-17,"Office Depot","Office Supplies",141.70,2023
8012,2023-12-18,"American Airlines",Travel,1607.58,2023
8016,2023-12-18,"American Airlines",Travel,2202.34,2023
8015,2023-12-18,"Delta Airlines",Travel,776.70,2023
8017,2023-12-18,Mailchimp,Marketing,299.00,2023
8014,2023-12-18,Microsoft,Software,192.92,2023
8018,2023-12-18,"Office Depot","Office Supplies",435.00,2023
8013,2023-12-18,QuickBooks,Software,123.19,2023
8011,2023-12-18,Salesforce,Software,800.00,2023
8023,2023-12-19,Asana,Software,50.66,2023
8019,2023-12-19,"Delta Airlines",Travel,NULL,2023
8024,2023-12-19,"Delta Airlines",Travel,2309.00,2023
8021,2023-12-19,Expensify,Software,50.00,2023
8022,2023-12-19,HubSpot,Marketing,443.84,2023
8020,2023-12-19,WeWork,Rent,3200.00,2023
8027,2023-12-20,DHL,Shipping,135.80,2023
8025,2023-12-20,FedEx,Shipping,127.37,2023
8026,2023-12-20,Notion,Software,16.00,2023
8030,2023-12-21,Amazon,"Office Supplies",1031.75,2023
8029,2023-12-21,"American Airlines",Travel,656.00,2023
8031,2023-12-21,Asana,Software,59.58,2023
8032,2023-12-21,"Delta Airlines",Travel,NULL,2023
8028,2023-12-21,Microsoft,Software,363.61,2023
8033,2023-12-21,Stripe,Software,59.00,2023
8034,2023-12-21,Uber,Travel,181.00,2023
8035,2023-12-21,Uber,Travel,209.75,2023
8038,2023-12-22,"American Airlines",Travel,1457.10,2023
8036,2023-12-22,DHL,Shipping,41.40,2023
8037,2023-12-22,FedEx,Shipping,175.76,2023
8040,2023-12-22,"LinkedIn Ads",Marketing,1683.49,2023
8041,2023-12-22,QuickBooks,Software,NULL,2023
8039,2023-12-22,Staples,"Office Supplies",87.18,2023
8047,2023-12-23,"Delta Airlines",Travel,430.40,2023
8043,2023-12-23,DHL,Shipping,NULL,2023
8046,2023-12-23,DHL,Shipping,163.28,2023
8042,2023-12-23,FedEx,Shipping,285.20,2023
8044,2023-12-23,"LinkedIn Ads",Marketing,572.10,2023
8048,2023-12-23,Notion,Software,16.00,2023
8045,2023-12-23,Slack,Software,87.00,2023
8051,2023-12-24,Amazon,"Office Supplies",1774.80,2023
8050,2023-12-24,Asana,Software,60.13,2023
8049,2023-12-24,Mailchimp,Marketing,299.00,2023
8052,2023-12-24,Notion,Software,16.00,2023
8055,2023-12-25,Amazon,"Office Supplies",1085.00,2023
8053,2023-12-25,FedEx,Shipping,48.02,2023
8056,2023-12-25,"Office Depot","Office Supplies",78.51,2023
8057,2023-12-25,Stripe,Software,59.00,2023
8054,2023-12-25,Zoom,Software,149.00,2023
8058,2023-12-26,HubSpot,Marketing,961.20,2023
8059,2023-12-26,Slack,Software,87.00,2023
8060,2023-12-26,Stripe,Software,59.00,2023
8066,2023-12-27,Asana,Software,NULL,2023
8067,2023-12-27,DHL,Shipping,NULL,2023
8064,2023-12-27,DHL,Shipping,164.00,2023
8062,2023-12-27,Dropbox,Software,15.30,2023
8061,2023-12-27,FedEx,Shipping,47.00,2023
8065,2023-12-27,Notion,Software,16.00,2023
8063,2023-12-27,Stripe,Software,59.00,2023
8071,2023-12-28,Asana,Software,86.45,2023
8068,2023-12-28,Expensify,Software,50.00,2023
8069,2023-12-28,"LinkedIn Ads",Marketing,768.00,2023
8072,2023-12-28,Staples,"Office Supplies",378.40,2023
8073,2023-12-29,Dropbox,Software,24.80,2023
8074,2023-12-29,Microsoft,Software,385.00,2023
8075,2023-12-29,Notion,Software,16.00,2023
8076,2023-12-29,Zoom,Software,149.00,2023
8078,2023-12-30,"LinkedIn Ads",Marketing,511.82,2023
8077,2023-12-30,Slack,Software,87.00,2023
8079,2023-12-30,Stripe,Software,59.00,2023
8081,2023-12-31,"Google Ads",Marketing,3065.00,2023
8080,2023-12-31,QuickBooks,Software,56.00,2023
8084,2023-12-31,Salesforce,Software,800.00,2023
8082,2023-12-31,Uber,Travel,72.70,2023
8083,2023-12-31,Zoom,Software,149.00,2023
8086,2024-01-01,Amazon,"Office Supplies",1089.00,2024
8087,2024-01-01,Asana,Software,NULL,2024
8088,2024-01-01,Slack,Software,87.00,2024
8092,2024-01-02,Amazon,"Office Supplies",725.84,2024
8089,2024-01-02,Amazon,"Office Supplies",1289.28,2024
8090,2024-01-02,Salesforce,Software,NULL,2024
8091,2024-01-02,Slack,Software,87.00,2024
8094,2024-01-03,Amazon,"Office Supplies",1248.00,2024
8093,2024-01-03,DHL,Shipping,58.62,2024
8095,2024-01-03,Stripe,Software,59.00,2024
8103,2024-01-04,"Delta Airlines",Travel,1382.59,2024
8099,2024-01-04,DHL,Shipping,214.60,2024
8104,2024-01-04,Dropbox,Software,NULL,2024
8102,2024-01-04,"LinkedIn Ads",Marketing,1895.84,2024
8098,2024-01-04,Mailchimp,Marketing,299.00,2024
8100,2024-01-04,Notion,Software,16.00,2024
8101,2024-01-04,Uber,Travel,NULL,2024
8107,2024-01-05,"Delta Airlines",Travel,1794.40,2024
8110,2024-01-05,Dropbox,Software,20.23,2024
8108,2024-01-05,Expensify,Software,50.00,2024
8106,2024-01-05,"LinkedIn Ads",Marketing,1015.70,2024
8111,2024-01-05,Marriott,Travel,490.74,2024
8105,2024-01-05,Notion,Software,16.00,2024
8112,2024-01-05,Salesforce,Software,800.00,2024
8109,2024-01-05,Zoom,Software,149.00,2024
8119,2024-01-06,"American Airlines",Travel,323.90,2024
8114,2024-01-06,Dropbox,Software,21.80,2024
8117,2024-01-06,Dropbox,Software,24.00,2024
8118,2024-01-06,Expensify,Software,50.00,2024
8116,2024-01-06,FedEx,Shipping,99.90,2024
8120,2024-01-06,Microsoft,Software,262.30,2024
8113,2024-01-06,Salesforce,Software,NULL,2024
8115,2024-01-06,Salesforce,Software,800.00,2024
8123,2024-01-07,"American Airlines",Travel,2751.66,2024
8121,2024-01-07,Marriott,Travel,NULL,2024
8122,2024-01-07,Salesforce,Software,800.00,2024
8124,2024-01-08,FedEx,Shipping,242.10,2024
8126,2024-01-08,Microsoft,Software,399.00,2024
8125,2024-01-08,Zoom,Software,149.00,2024
8131,2024-01-09,"Delta Airlines",Travel,769.80,2024
8127,2024-01-09,Mailchimp,Marketing,299.00,2024
8130,2024-01-09,Microsoft,Software,273.00,2024
8128,2024-01-09,Staples,"Office Supplies",78.00,2024
8129,2024-01-09,Zoom,Software,149.00,2024
8134,2024-01-10,"Google Ads",Marketing,2480.00,2024
8133,2024-01-10,Mailchimp,Marketing,299.00,2024
8132,2024-01-10,Slack,Software,87.00,2024
8137,2024-01-11,FedEx,Shipping,232.00,2024
8136,2024-01-11,QuickBooks,Software,89.30,2024
8135,2024-01-11,WeWork,Rent,NULL,2024
8138,2024-01-12,"American Airlines",Travel,NULL,2024
8142,2024-01-12,Asana,Software,47.86,2024
8144,2024-01-12,"Delta Airlines",Travel,771.65,2024
8143,2024-01-12,Dropbox,Software,16.28,2024
8140,2024-01-12,Dropbox,Software,19.03,2024
8139,2024-01-12,Dropbox,Software,20.10,2024
8141,2024-01-12,Slack,Software,87.00,2024
8146,2024-01-13,Amazon,"Office Supplies",650.69,2024
8145,2024-01-13,Asana,Software,52.50,2024
8147,2024-01-13,Microsoft,Software,406.14,2024
8148,2024-01-13,Staples,"Office Supplies",244.40,2024
8149,2024-01-14,AWS,Software,1428.02,2024
8155,2024-01-14,HubSpot,Marketing,532.00,2024
8156,2024-01-14,"Office Depot","Office Supplies",236.97,2024
8153,2024-01-14,Slack,Software,87.00,2024
8151,2024-01-14,Staples,"Office Supplies",54.40,2024
8150,2024-01-14,Staples,"Office Supplies",184.00,2024
8152,2024-01-14,Staples,"Office Supplies",386.82,2024
8157,2024-01-15,"Delta Airlines",Travel,NULL,2024
8162,2024-01-15,"Delta Airlines",Travel,855.22,2024
8161,2024-01-15,HubSpot,Marketing,681.85,2024
8158,2024-01-15,Marriott,Travel,500.70,2024
8159,2024-01-15,Notion,Software,16.00,2024
8163,2024-01-15,Salesforce,Software,800.00,2024
8160,2024-01-15,Staples,"Office Supplies",281.00,2024
8164,2024-01-16,Dropbox,Software,21.60,2024
8165,2024-01-16,FedEx,Shipping,65.50,2024
8166,2024-01-16,Slack,Software,87.00,2024
8171,2024-01-17,FedEx,Shipping,231.00,2024
8167,2024-01-17,HubSpot,Marketing,945.77,2024
8168,2024-01-17,Microsoft,Software,345.69,2024
8172,2024-01-17,Notion,Software,16.00,2024
8169,2024-01-17,Staples,"Office Supplies",138.35,2024
8170,2024-01-17,WeWork,Rent,3200.00,2024
8176,2024-01-18,Expensify,Software,50.00,2024
8177,2024-01-18,FedEx,Shipping,187.70,2024
8173,2024-01-18,Notion,Software,16.00,2024
8174,2024-01-18,"Office Depot","Office Supplies",431.00,2024
8175,2024-01-18,Salesforce,Software,800.00,2024
8178,2024-01-18,WeWork,Rent,3200.00,2024
8184,2024-01-19,AWS,Software,NULL,2024
8183,2024-01-19,"Delta Airlines",Travel,NULL,2024
8181,2024-01-19,HubSpot,Marketing,921.89,2024
8182,2024-01-19,"LinkedIn Ads",Marketing,1679.93,2024
8180,2024-01-19,Mailchimp,Marketing,299.00,2024
8179,2024-01-19,Stripe,Software,NULL,2024
8187,2024-01-20,Microsoft,Software,249.10,2024
8186,2024-01-20,Slack,Software,87.00,2024
8185,2024-01-20,Uber,Travel,NULL,2024
8192,2024-01-21,"American Airlines",Travel,1895.68,2024
8188,2024-01-21,AWS,Software,3168.00,2024
8190,2024-01-21,Marriott,Travel,386.10,2024
8189,2024-01-21,Notion,Software,NULL,2024
8191,2024-01-21,"Office Depot","Office Supplies",415.10,2024
8193,2024-01-22,AWS,Software,1276.02,2024
8195,2024-01-22,Expensify,Software,50.00,2024
8197,2024-01-22,"Google Ads",Marketing,2856.50,2024
8194,2024-01-22,Staples,"Office Supplies",209.00,2024
8196,2024-01-22,Uber,Travel,187.69,2024
8202,2024-01-23,FedEx,Shipping,277.90,2024
8198,2024-01-23,Mailchimp,Marketing,NULL,2024
8201,2024-01-23,Slack,Software,87.00,2024
8199,2024-01-23,Staples,"Office Supplies",248.66,2024
8200,2024-01-23,Stripe,Software,59.00,2024
8205,2024-01-24,Expensify,Software,50.00,2024
8206,2024-01-24,Marriott,Travel,526.50,2024
8203,2024-01-24,"Office Depot","Office Supplies",441.93,2024
8204,2024-01-24,Slack,Software,87.00,2024
8211,2024-01-25,"Delta Airlines",Travel,2387.60,2024
8209,2024-01-25,DHL,Shipping,161.00,2024
8210,2024-01-25,Dropbox,Software,18.00,2024
8208,2024-01-25,"Office Depot","Office Supplies",59.00,2024
8207,2024-01-25,Salesforce,Software,800.00,2024
8213,2024-01-25,Staples,"Office Supplies",120.30,2024
8212,2024-01-25,Stripe,Software,59.00,2024
8221,2024-01-26,Amazon,"Office Supplies",1571.80,2024
8215,2024-01-26,Asana,Software,57.00,2024
8218,2024-01-26,Expensify,Software,50.00,2024
8214,2024-01-26,"LinkedIn Ads",Marketing,1827.00,2024
8216,2024-01-26,Marriott,Travel,300.60,2024
8220,2024-01-26,QuickBooks,Software,54.00,2024
8217,2024-01-26,Staples,"Office Supplies",266.00,2024
8219,2024-01-26,Stripe,Software,59.00,2024
8222,2024-01-27,Asana,Software,75.00,2024
8223,2024-01-27,DHL,Shipping,212.10,2024
8224,2024-01-27,Salesforce,Software,800.00,2024
8228,2024-01-28,"Delta Airlines",Travel,1904.70,2024
8227,2024-01-28,Dropbox,Software,15.07,2024
8226,2024-01-28,HubSpot,Marketing,NULL,2024
8230,2024-01-28,Mailchimp,Marketing,299.00,2024
8229,2024-01-28,Notion,Software,16.00,2024
8235,2024-01-29,Amazon,"Office Supplies",NULL,2024
8234,2024-01-29,"Delta Airlines",Travel,688.00,2024
8232,2024-01-29,Expensify,Software,50.00,2024
8237,2024-01-29,QuickBooks,Software,125.00,2024
8238,2024-01-29,Staples,"Office Supplies",213.00,2024
8231,2024-01-29,Stripe,Software,NULL,2024
8233,2024-01-29,WeWork,Rent,3200.00,2024
8236,2024-01-29,Zoom,Software,149.00,2024
8243,2024-01-30,"American Airlines",Travel,2873.80,2024
8245,2024-01-30,AWS,Software,2293.81,2024
8241,2024-01-30,"Delta Airlines",Travel,2108.90,2024
8240,2024-01-30,"Delta Airlines",Travel,2171.70,2024
8246,2024-01-30,DHL,Shipping,221.60,2024
8239,2024-01-30,Staples,"Office Supplies",352.32,2024
8242,2024-01-30,Stripe,Software,59.00,2024
8244,2024-01-30,Uber,Travel,NULL,2024
8247,2024-01-31,Dropbox,Software,17.60,2024
8249,2024-01-31,Mailchimp,Marketing,NULL,2024
8248,2024-01-31,Notion,Software,16.00,2024
8251,2024-01-31,QuickBooks,Software,98.30,2024
8250,2024-01-31,Stripe,Software,59.00,2024
8253,2024-02-01,DHL,Shipping,195.42,2024
8258,2024-02-01,"Google Ads",Marketing,2419.20,2024
8256,2024-02-01,"LinkedIn Ads",Marketing,NULL,2024
8254,2024-02-01,"LinkedIn Ads",Marketing,547.56,2024
8255,2024-02-01,Marriott,Travel,331.00,2024
8252,2024-02-01,Notion,Software,16.00,2024
8257,2024-02-01,QuickBooks,Software,160.00,2024
8259,2024-02-02,"Delta Airlines",Travel,1554.00,2024
8261,2024-02-02,DHL,Shipping,48.05,2024
8260,2024-02-02,Expensify,Software,50.00,2024
8262,2024-02-03,AWS,Software,2173.88,2024
8264,2024-02-03,AWS,Software,2978.10,2024
8265,2024-02-03,QuickBooks,Software,97.20,2024
8263,2024-02-03,Salesforce,Software,800.00,2024
8269,2024-02-04,Amazon,"Office Supplies",533.00,2024
8268,2024-02-04,Dropbox,Software,22.31,2024
8270,2024-02-04,Expensify,Software,50.00,2024
8267,2024-02-04,"Office Depot","Office Supplies",282.80,2024
8266,2024-02-04,Uber,Travel,163.91,2024
8273,2024-02-05,Asana,Software,NULL,2024
8276,2024-02-05,AWS,Software,3772.00,2024
8274,2024-02-05,HubSpot,Marketing,1095.30,2024
8278,2024-02-05,Marriott,Travel,NULL,2024
8271,2024-02-05,Microsoft,Software,NULL,2024
8272,2024-02-05,Stripe,Software,59.00,2024
8280,2024-02-06,Amazon,"Office Supplies",1705.01,2024
8286,2024-02-06,FedEx,Shipping,NULL,2024
8285,2024-02-06,"Google Ads",Marketing,3257.70,2024
8281,2024-02-06,"LinkedIn Ads",Marketing,1428.97,2024
8282,2024-02-06,Marriott,Travel,312.72,2024
8284,2024-02-06,Staples,"Office Supplies",NULL,2024
8279,2024-02-06,Uber,Travel,154.50,2024
8283,2024-02-06,Zoom,Software,149.00,2024
8289,2024-02-07,DHL,Shipping,129.16,2024
8287,2024-02-07,Expensify,Software,50.00,2024
8288,2024-02-07,Stripe,Software,59.00,2024
8292,2024-02-08,Amazon,"Office Supplies",141.78,2024
8291,2024-02-08,"Delta Airlines",Travel,505.00,2024
8290,2024-02-08,Zoom,Software,149.00,2024
8299,2024-02-09,Asana,Software,61.29,2024
8298,2024-02-09,Dropbox,Software,18.60,2024
8293,2024-02-09,HubSpot,Marketing,NULL,2024
8295,2024-02-09,Microsoft,Software,334.92,2024
8297,2024-02-09,Microsoft,Software,335.74,2024
8296,2024-02-09,Notion,Software,16.00,2024
8294,2024-02-09,Staples,"Office Supplies",376.65,2024
8300,2024-02-09,Stripe,Software,59.00,2024
8301,2024-02-10,Dropbox,Software,23.30,2024
8302,2024-02-10,HubSpot,Marketing,525.45,2024
8303,2024-02-10,"Office Depot","Office Supplies",272.00,2024
8304,2024-02-10,Zoom,Software,149.00,2024
8306,2024-02-11,DHL,Shipping,119.23,2024
8309,2024-02-11,Marriott,Travel,477.00,2024
8310,2024-02-11,Microsoft,Software,241.60,2024
8305,2024-02-11,Salesforce,Software,800.00,2024
8311,2024-02-11,Slack,Software,87.00,2024
8308,2024-02-11,Uber,Travel,282.90,2024
8317,2024-02-12,Asana,Software,78.84,2024
8316,2024-02-12,Asana,Software,95.00,2024
8318,2024-02-12,FedEx,Shipping,263.85,2024
8312,2024-02-12,HubSpot,Marketing,625.00,2024
8313,2024-02-12,Marriott,Travel,163.00,2024
8314,2024-02-12,Microsoft,Software,292.53,2024
8315,2024-02-12,Salesforce,Software,800.00,2024
8319,2024-02-13,Dropbox,Software,22.57,2024
8320,2024-02-13,Expensify,Software,50.00,2024
8321,2024-02-13,"Office Depot","Office Supplies",423.10,2024
8323,2024-02-14,"American Airlines",Travel,528.90,2024
8326,2024-02-14,AWS,Software,498.00,2024
8325,2024-02-14,AWS,Software,3061.45,2024
8322,2024-02-14,FedEx,Shipping,189.00,2024
8324,2024-02-14,Zoom,Software,149.00,2024
8327,2024-02-15,Asana,Software,98.00,2024
8331,2024-02-15,DHL,Shipping,NULL,2024
8329,2024-02-15,Marriott,Travel,NULL,2024
8328,2024-02-15,Notion,Software,16.00,2024
8330,2024-02-15,Zoom,Software,149.00,2024
8335,2024-02-16,AWS,Software,908.00,2024
8336,2024-02-16,"Delta Airlines",Travel,2071.00,2024
8332,2024-02-16,Notion,Software,16.00,2024
8333,2024-02-16,"Office Depot","Office Supplies",241.69,2024
8334,2024-02-16,Staples,"Office Supplies",155.39,2024
8337,2024-02-17,"American Airlines",Travel,1957.30,2024
8339,2024-02-17,FedEx,Shipping,127.00,2024
8338,2024-02-17,QuickBooks,Software,NULL,2024
8344,2024-02-18,"American Airlines",Travel,2917.50,2024
8340,2024-02-18,FedEx,Shipping,201.00,2024
8343,2024-02-18,FedEx,Shipping,246.50,2024
8342,2024-02-18,HubSpot,Marketing,1165.05,2024
8341,2024-02-18,"LinkedIn Ads",Marketing,1702.10,2024
8347,2024-02-19,Amazon,"Office Supplies",1055.21,2024
8351,2024-02-19,Mailchimp,Marketing,299.00,2024
8348,2024-02-19,Microsoft,Software,220.00,2024
8346,2024-02-19,"Office Depot","Office Supplies",33.66,2024
8349,2024-02-19,Salesforce,Software,800.00,2024
8345,2024-02-19,Uber,Travel,181.00,2024
8350,2024-02-19,WeWork,Rent,3200.00,2024
8356,2024-02-20,Asana,Software,NULL,2024
8357,2024-02-20,"Delta Airlines",Travel,681.00,2024
8352,2024-02-20,DHL,Shipping,242.20,2024
8355,2024-02-20,FedEx,Shipping,136.67,2024
8354,2024-02-20,QuickBooks,Software,138.30,2024
8358,2024-02-20,Uber,Travel,38.90,2024
8353,2024-02-20,Uber,Travel,171.00,2024
8363,2024-02-21,Asana,Software,44.80,2024
8359,2024-02-21,"Delta Airlines",Travel,2368.90,2024
8364,2024-02-21,Dropbox,Software,16.00,2024
8361,2024-02-21,HubSpot,Marketing,848.41,2024
8365,2024-02-21,"LinkedIn Ads",Marketing,1106.00,2024
8360,2024-02-21,Notion,Software,16.00,2024
8362,2024-02-21,QuickBooks,Software,NULL,2024
8366,2024-02-21,Zoom,Software,149.00,2024
8367,2024-02-22,"American Airlines",Travel,459.60,2024
8373,2024-02-22,Dropbox,Software,15.90,2024
8368,2024-02-22,"LinkedIn Ads",Marketing,938.10,2024
8372,2024-02-22,Mailchimp,Marketing,299.00,2024
8369,2024-02-22,Microsoft,Software,NULL,2024
8371,2024-02-22,"Office Depot","Office Supplies",262.60,2024
8370,2024-02-22,QuickBooks,Software,122.64,2024
8379,2024-02-23,Amazon,"Office Supplies",1888.94,2024
8377,2024-02-23,Mailchimp,Marketing,299.00,2024
8374,2024-02-23,Microsoft,Software,245.00,2024
8378,2024-02-23,Staples,"Office Supplies",158.00,2024
8375,2024-02-23,Staples,"Office Supplies",234.00,2024
8376,2024-02-23,Stripe,Software,59.00,2024
8386,2024-02-24,"American Airlines",Travel,1762.40,2024
8380,2024-02-24,Notion,Software,16.00,2024
8382,2024-02-24,Slack,Software,87.00,2024
8381,2024-02-24,Staples,"Office Supplies",196.40,2024
8384,2024-02-24,Stripe,Software,59.00,2024
8385,2024-02-24,Uber,Travel,91.20,2024
8387,2024-02-25,"American Airlines",Travel,380.10,2024
8389,2024-02-25,AWS,Software,NULL,2024
8391,2024-02-25,DHL,Shipping,199.00,2024
8392,2024-02-25,Expensify,Software,50.00,2024
8388,2024-02-25,Microsoft,Software,397.00,2024
8390,2024-02-25,Salesforce,Software,800.00,2024
8394,2024-02-25,Staples,"Office Supplies",273.00,2024
8393,2024-02-25,Uber,Travel,269.41,2024
8398,2024-02-26,FedEx,Shipping,90.00,2024
8397,2024-02-26,FedEx,Shipping,146.90,2024
8399,2024-02-26,"Google Ads",Marketing,914.24,2024
8396,2024-02-26,"LinkedIn Ads",Marketing,1873.23,2024
8395,2024-02-26,QuickBooks,Software,83.21,2024
8403,2024-02-27,DHL,Shipping,NULL,2024
8400,2024-02-27,Dropbox,Software,19.31,2024
8401,2024-02-27,FedEx,Shipping,75.69,2024
8407,2024-02-27,"Google Ads",Marketing,3049.00,2024
8406,2024-02-27,HubSpot,Marketing,470.07,2024
8404,2024-02-27,"LinkedIn Ads",Marketing,NULL,2024
8402,2024-02-27,QuickBooks,Software,124.00,2024
8405,2024-02-27,Salesforce,Software,800.00,2024
8409,2024-02-28,DHL,Shipping,157.00,2024
8408,2024-02-28,"LinkedIn Ads",Marketing,1565.30,2024
8412,2024-02-28,Marriott,Travel,NULL,2024
8411,2024-02-28,Staples,"Office Supplies",64.20,2024
8413,2024-02-28,Zoom,Software,NULL,2024
8410,2024-02-28,Zoom,Software,149.00,2024
8414,2024-02-29,Expensify,Software,50.00,2024
8417,2024-02-29,FedEx,Shipping,200.27,2024
8418,2024-02-29,Microsoft,Software,225.45,2024
8415,2024-02-29,Notion,Software,16.00,2024
8416,2024-02-29,Salesforce,Software,800.00,2024
8420,2024-03-01,AWS,Software,3711.00,2024
8419,2024-03-01,Microsoft,Software,NULL,2024
8421,2024-03-01,Slack,Software,87.00,2024
8427,2024-03-02,Expensify,Software,50.00,2024
8428,2024-03-02,"LinkedIn Ads",Marketing,1137.48,2024
8422,2024-03-02,"Office Depot","Office Supplies",101.98,2024
8424,2024-03-02,Salesforce,Software,800.00,2024
8423,2024-03-02,Slack,Software,87.00,2024
8426,2024-03-02,Uber,Travel,NULL,2024
8430,2024-03-03,FedEx,Shipping,NULL,2024
8429,2024-03-03,Mailchimp,Marketing,NULL,2024
8431,2024-03-03,Zoom,Software,149.00,2024
8435,2024-03-04,Amazon,"Office Supplies",1789.60,2024
8439,2024-03-04,Expensify,Software,50.00,2024
8438,2024-03-04,"Google Ads",Marketing,1024.70,2024
8436,2024-03-04,HubSpot,Marketing,789.94,2024
8433,2024-03-04,Mailchimp,Marketing,299.00,2024
8437,2024-03-04,Salesforce,Software,NULL,2024
8434,2024-03-04,Zoom,Software,149.00,2024
8442,2024-03-05,Dropbox,Software,17.00,2024
8447,2024-03-05,"LinkedIn Ads",Marketing,1624.00,2024
8441,2024-03-05,Mailchimp,Marketing,299.00,2024
8448,2024-03-05,Marriott,Travel,NULL,2024
8446,2024-03-05,Uber,Travel,69.00,2024
8444,2024-03-05,Uber,Travel,272.02,2024
8443,2024-03-05,WeWork,Rent,3200.00,2024
8445,2024-03-05,Zoom,Software,149.00,2024
8449,2024-03-06,Microsoft,Software,174.09,2024
8451,2024-03-06,"Office Depot","Office Supplies",NULL,2024
8450,2024-03-06,Salesforce,Software,800.00,2024
8454,2024-03-07,Amazon,"Office Supplies",699.00,2024
8455,2024-03-07,"American Airlines",Travel,1047.43,2024
8453,2024-03-07,Mailchimp,Marketing,299.00,2024
8452,2024-03-07,Microsoft,Software,286.97,2024
8458,2024-03-08,Expensify,Software,50.00,2024
8456,2024-03-08,Notion,Software,16.00,2024
8457,2024-03-08,Staples,"Office Supplies",319.90,2024
8459,2024-03-09,Amazon,"Office Supplies",1674.10,2024
8462,2024-03-09,"Delta Airlines",Travel,2324.90,2024
8461,2024-03-09,HubSpot,Marketing,1118.82,2024
8464,2024-03-09,Staples,"Office Supplies",235.20,2024
8460,2024-03-09,Uber,Travel,60.06,2024
8463,2024-03-09,WeWork,Rent,3200.00,2024
8467,2024-03-10,Amazon,"Office Supplies",NULL,2024
8468,2024-03-10,DHL,Shipping,103.11,2024
8466,2024-03-10,Mailchimp,Marketing,299.00,2024
8469,2024-03-10,"Office Depot","Office Supplies",207.86,2024
8465,2024-03-10,Uber,Travel,NULL,2024
8470,2024-03-11,"American Airlines",Travel,2021.29,2024
8473,2024-03-11,FedEx,Shipping,255.00,2024
8472,2024-03-11,Marriott,Travel,284.00,2024
8471,2024-03-11,Staples,"Office Supplies",150.00,2024
8477,2024-03-12,Amazon,"Office Supplies",991.00,2024
8474,2024-03-12,"Delta Airlines",Travel,2349.07,2024
8475,2024-03-12,DHL,Shipping,136.90,2024
8479,2024-03-12,Expensify,Software,50.00,2024
8476,2024-03-12,FedEx,Shipping,41.74,2024
8480,2024-03-12,"LinkedIn Ads",Marketing,539.10,2024
8478,2024-03-12,"LinkedIn Ads",Marketing,720.81,2024
8487,2024-03-13,Dropbox,Software,15.20,2024
8488,2024-03-13,Expensify,Software,50.00,2024
8483,2024-03-13,"LinkedIn Ads",Marketing,1757.66,2024
8482,2024-03-13,Marriott,Travel,202.89,2024
8484,2024-03-13,Notion,Software,16.00,2024
8485,2024-03-13,QuickBooks,Software,NULL,2024
8481,2024-03-13,WeWork,Rent,3200.00,2024
8486,2024-03-13,Zoom,Software,149.00,2024
8490,2024-03-14,Dropbox,Software,16.29,2024
8491,2024-03-14,Notion,Software,16.00,2024
8489,2024-03-14,Stripe,Software,59.00,2024
8494,2024-03-15,"American Airlines",Travel,2434.84,2024
8496,2024-03-15,"Delta Airlines",Travel,1110.50,2024
8492,2024-03-15,"LinkedIn Ads",Marketing,542.26,2024
8493,2024-03-15,QuickBooks,Software,91.30,2024
8495,2024-03-15,Zoom,Software,149.00,2024
8498,2024-03-16,FedEx,Shipping,51.67,2024
8501,2024-03-16,HubSpot,Marketing,NULL,2024
8499,2024-03-16,"LinkedIn Ads",Marketing,1200.50,2024
8497,2024-03-16,Marriott,Travel,388.79,2024
8500,2024-03-16,QuickBooks,Software,111.47,2024
8503,2024-03-17,AWS,Software,2365.00,2024
8505,2024-03-17,FedEx,Shipping,140.50,2024
8506,2024-03-17,"Office Depot","Office Supplies",88.37,2024
8504,2024-03-17,QuickBooks,Software,121.51,2024
8502,2024-03-17,Stripe,Software,59.00,2024
8507,2024-03-17,WeWork,Rent,NULL,2024
8509,2024-03-18,AWS,Software,NULL,2024
8511,2024-03-18,DHL,Shipping,33.45,2024
8508,2024-03-18,"LinkedIn Ads",Marketing,1460.60,2024
8510,2024-03-18,Notion,Software,16.00,2024
8512,2024-03-18,"Office Depot","Office Supplies",290.90,2024
8516,2024-03-19,Asana,Software,77.30,2024
8514,2024-03-19,FedEx,Shipping,100.00,2024
8515,2024-03-19,"Google Ads",Marketing,1943.52,2024
8513,2024-03-19,QuickBooks,Software,101.10,2024
8517,2024-03-19,Stripe,Software,59.00,2024
8522,2024-03-20,Dropbox,Software,19.32,2024
8524,2024-03-20,FedEx,Shipping,257.49,2024
8518,2024-03-20,"Google Ads",Marketing,1888.72,2024
8523,2024-03-20,Mailchimp,Marketing,299.00,2024
8519,2024-03-20,Microsoft,Software,411.10,2024
8520,2024-03-20,Notion,Software,16.00,2024
8529,2024-03-21,"Delta Airlines",Travel,1069.43,2024
8528,2024-03-21,DHL,Shipping,92.00,2024
8527,2024-03-21,Expensify,Software,NULL,2024
8526,2024-03-21,Marriott,Travel,367.13,2024
8525,2024-03-21,Salesforce,Software,800.00,2024
8530,2024-03-22,"American Airlines",Travel,1125.19,2024
8531,2024-03-22,Expensify,Software,50.00,2024
8532,2024-03-22,Marriott,Travel,504.00,2024
8534,2024-03-23,"Delta Airlines",Travel,NULL,2024
8536,2024-03-23,Dropbox,Software,20.40,2024
8537,2024-03-23,Notion,Software,16.00,2024
8533,2024-03-23,QuickBooks,Software,95.00,2024
8535,2024-03-23,Staples,"Office Supplies",361.47,2024
8538,2024-03-23,Stripe,Software,NULL,2024
8539,2024-03-24,Amazon,"Office Supplies",669.70,2024
8541,2024-03-24,Slack,Software,NULL,2024
8540,2024-03-24,Stripe,Software,59.00,2024
8543,2024-03-25,Asana,Software,92.56,2024
8548,2024-03-25,"Delta Airlines",Travel,959.05,2024
8544,2024-03-25,"Delta Airlines",Travel,2410.65,2024
8546,2024-03-25,Dropbox,Software,18.07,2024
8545,2024-03-25,FedEx,Shipping,156.56,2024
8547,2024-03-25,Slack,Software,87.00,2024
8542,2024-03-25,WeWork,Rent,3200.00,2024
8553,2024-03-26,"American Airlines",Travel,901.85,2024
8555,2024-03-26,AWS,Software,NULL,2024
8550,2024-03-26,DHL,Shipping,61.00,2024
8552,2024-03-26,"Google Ads",Marketing,3396.00,2024
8556,2024-03-26,Mailchimp,Marketing,299.00,2024
8551,2024-03-26,Salesforce,Software,800.00,2024
8549,2024-03-26,WeWork,Rent,3200.00,2024
8554,2024-03-26,Zoom,Software,149.00,2024
8561,2024-03-27,Expensify,Software,50.00,2024
8560,2024-03-27,Notion,Software,16.00,2024
8562,2024-03-27,Staples,"Office Supplies",116.00,2024
8558,2024-03-27,Stripe,Software,NULL,2024
8559,2024-03-27,Uber,Travel,142.62,2024
8557,2024-03-27,Uber,Travel,277.00,2024
8566,2024-03-28,Asana,Software,53.62,2024
8570,2024-03-28,Dropbox,Software,18.41,2024
8567,2024-03-28,Dropbox,Software,22.00,2024
8564,2024-03-28,"Google Ads",Marketing,1246.70,2024
8563,2024-03-28,"Office Depot","Office Supplies",376.93,2024
8565,2024-03-28,Salesforce,Software,800.00,2024
8568,2024-03-28,Slack,Software,87.00,2024
8569,2024-03-28,Staples,"Office Supplies",175.88,2024
8574,2024-03-29,"American Airlines",Travel,1121.00,2024
8572,2024-03-29,Expensify,Software,NULL,2024
8571,2024-03-29,"LinkedIn Ads",Marketing,1544.96,2024
8573,2024-03-29,Marriott,Travel,363.05,2024
8575,2024-03-29,Notion,Software,NULL,2024
8578,2024-03-30,Microsoft,Software,NULL,2024
8577,2024-03-30,Notion,Software,16.00,2024
8576,2024-03-30,QuickBooks,Software,139.12,2024
8579,2024-03-31,Dropbox,Software,24.60,2024
8582,2024-03-31,"Google Ads",Marketing,NULL,2024
8581,2024-03-31,"Google Ads",Marketing,1912.91,2024
8580,2024-03-31,Notion,Software,16.00,2024
8584,2024-04-01,"American Airlines",Travel,1060.20,2024
8586,2024-04-01,"American Airlines",Travel,1718.90,2024
8587,2024-04-01,Mailchimp,Marketing,299.00,2024
8585,2024-04-01,Staples,"Office Supplies",177.40,2024
8583,2024-04-01,Uber,Travel,71.00,2024
8589,2024-04-02,"American Airlines",Travel,1989.00,2024
8590,2024-04-02,"Delta Airlines",Travel,2050.97,2024
8593,2024-04-02,Mailchimp,Marketing,299.00,2024
8594,2024-04-02,Marriott,Travel,206.00,2024
8591,2024-04-02,Slack,Software,NULL,2024
8588,2024-04-02,Slack,Software,87.00,2024
8592,2024-04-02,Zoom,Software,149.00,2024
8599,2024-04-03,Expensify,Software,NULL,2024
8598,2024-04-03,"Google Ads",Marketing,1452.70,2024
8595,2024-04-03,"Google Ads",Marketing,3345.21,2024
8596,2024-04-03,QuickBooks,Software,81.55,2024
8597,2024-04-03,Zoom,Software,149.00,2024
8605,2024-04-04,Amazon,"Office Supplies",558.09,2024
8601,2024-04-04,"American Airlines",Travel,2747.80,2024
8603,2024-04-04,AWS,Software,NULL,2024
8602,2024-04-04,AWS,Software,1651.40,2024
8606,2024-04-04,FedEx,Shipping,NULL,2024
8608,2024-04-04,Microsoft,Software,429.40,2024
8607,2024-04-04,"Office Depot","Office Supplies",311.22,2024
8604,2024-04-04,QuickBooks,Software,93.95,2024
8610,2024-04-05,"LinkedIn Ads",Marketing,1617.41,2024
8611,2024-04-05,Notion,Software,16.00,2024
8612,2024-04-05,"Office Depot","Office Supplies",370.24,2024
8609,2024-04-05,Stripe,Software,59.00,2024
8614,2024-04-06,DHL,Shipping,48.26,2024
8617,2024-04-06,Dropbox,Software,15.21,2024
8619,2024-04-06,Expensify,Software,50.00,2024
8620,2024-04-06,Notion,Software,16.00,2024
8616,2024-04-06,"Office Depot","Office Supplies",422.10,2024
8615,2024-04-06,Staples,"Office Supplies",276.84,2024
8618,2024-04-06,Stripe,Software,59.00,2024
8628,2024-04-07,"American Airlines",Travel,2882.94,2024
8624,2024-04-07,AWS,Software,NULL,2024
8627,2024-04-07,"Delta Airlines",Travel,2020.90,2024
8626,2024-04-07,DHL,Shipping,155.00,2024
8623,2024-04-07,FedEx,Shipping,41.78,2024
8625,2024-04-07,HubSpot,Marketing,1135.00,2024
8621,2024-04-07,Notion,Software,16.00,2024
8622,2024-04-07,Salesforce,Software,800.00,2024
8632,2024-04-08,FedEx,Shipping,191.50,2024
8629,2024-04-08,HubSpot,Marketing,1147.00,2024
8631,2024-04-08,Marriott,Travel,311.55,2024
8630,2024-04-08,WeWork,Rent,3200.00,2024
8636,2024-04-09,"American Airlines",Travel,NULL,2024
8633,2024-04-09,"American Airlines",Travel,296.79,2024
8635,2024-04-09,DHL,Shipping,NULL,2024
8634,2024-04-09,FedEx,Shipping,116.48,2024
8637,2024-04-10,AWS,Software,NULL,2024
8642,2024-04-10,Dropbox,Software,22.87,2024
8638,2024-04-10,"LinkedIn Ads",Marketing,844.07,2024
8640,2024-04-10,Mailchimp,Marketing,299.00,2024
8639,2024-04-10,Salesforce,Software,800.00,2024
8641,2024-04-10,Zoom,Software,149.00,2024
8644,2024-04-11,"Delta Airlines",Travel,1693.26,2024
8643,2024-04-11,"Delta Airlines",Travel,2243.74,2024
8645,2024-04-11,Dropbox,Software,NULL,2024
8646,2024-04-11,Dropbox,Software,23.16,2024
8647,2024-04-11,FedEx,Shipping,285.60,2024
8648,2024-04-11,Marriott,Travel,456.90,2024
8650,2024-04-11,Notion,Software,16.00,2024
8649,2024-04-11,Slack,Software,87.00,2024
8653,2024-04-12,HubSpot,Marketing,803.09,2024
8652,2024-04-12,Mailchimp,Marketing,NULL,2024
8654,2024-04-12,Uber,Travel,250.00,2024
8651,2024-04-12,WeWork,Rent,3200.00,2024
8658,2024-04-13,"American Airlines",Travel,NULL,2024
8660,2024-04-13,"American Airlines",Travel,907.90,2024
8657,2024-04-13,"American Airlines",Travel,1368.00,2024
8656,2024-04-13,HubSpot,Marketing,476.42,2024
8655,2024-04-13,Stripe,Software,NULL,2024
8661,2024-04-13,Uber,Travel,66.40,2024
8659,2024-04-13,Zoom,Software,149.00,2024
8662,2024-04-14,"LinkedIn Ads",Marketing,1451.60,2024
8664,2024-04-14,Microsoft,Software,348.76,2024
8663,2024-04-14,QuickBooks,Software,153.03,2024
8665,2024-04-15,DHL,Shipping,NULL,2024
8667,2024-04-15,Marriott,Travel,242.22,2024
8666,2024-04-15,QuickBooks,Software,90.48,2024
8668,2024-04-15,Uber,Travel,NULL,2024
8669,2024-04-16,Microsoft,Software,NULL,2024
8670,2024-04-16,QuickBooks,Software,88.00,2024
8671,2024-04-16,Salesforce,Software,800.00,2024
8676,2024-04-17,"American Airlines",Travel,1663.70,2024
8677,2024-04-17,"American Airlines",Travel,1750.40,2024
8678,2024-04-17,AWS,Software,2232.00,2024
8673,2024-04-17,DHL,Shipping,178.00,2024
8674,2024-04-17,"LinkedIn Ads",Marketing,1632.50,2024
8672,2024-04-17,Microsoft,Software,196.61,2024
8675,2024-04-17,Zoom,Software,149.00,2024
8679,2024-04-18,"Delta Airlines",Travel,1400.22,2024
8681,2024-04-18,HubSpot,Marketing,1176.80,2024
8680,2024-04-18,Zoom,Software,149.00,2024
8683,2024-04-19,AWS,Software,1279.16,2024
8685,2024-04-19,Dropbox,Software,NULL,2024
8686,2024-04-19,Expensify,Software,50.00,2024
8687,2024-04-19,HubSpot,Marketing,844.40,2024
8689,2024-04-19,Mailchimp,Marketing,299.00,2024
8688,2024-04-19,Notion,Software,16.00,2024
8682,2024-04-19,QuickBooks,Software,NULL,2024
8692,2024-04-20,DHL,Shipping,113.00,2024
8694,2024-04-20,Notion,Software,NULL,2024
8691,2024-04-20,"Office Depot","Office Supplies",492.70,2024
8690,2024-04-20,Salesforce,Software,800.00,2024
8693,2024-04-20,Stripe,Software,59.00,2024
8701,2024-04-21,DHL,Shipping,96.91,2024
8700,2024-04-21,DHL,Shipping,171.00,2024
8702,2024-04-21,Expensify,Software,50.00,2024
8699,2024-04-21,"Google Ads",Marketing,948.00,2024
8698,2024-04-21,"Office Depot","Office Supplies",196.00,2024
8696,2024-04-21,Salesforce,Software,800.00,2024
8697,2024-04-21,Zoom,Software,149.00,2024
8707,2024-04-22,Amazon,"Office Supplies",1561.20,2024
8703,2024-04-22,Expensify,Software,50.00,2024
8706,2024-04-22,"Office Depot","Office Supplies",95.00,2024
8705,2024-04-22,"Office Depot","Office Supplies",464.80,2024
8708,2024-04-22,"Office Depot","Office Supplies",485.85,2024
8704,2024-04-22,QuickBooks,Software,143.05,2024
8713,2024-04-23,Dropbox,Software,19.18,2024
8710,2024-04-23,HubSpot,Marketing,954.00,2024
8712,2024-04-23,Microsoft,Software,343.18,2024
8711,2024-04-23,Slack,Software,NULL,2024
8709,2024-04-23,Staples,"Office Supplies",87.00,2024
8719,2024-04-24,"American Airlines",Travel,998.74,2024
8716,2024-04-24,AWS,Software,594.39,2024
8717,2024-04-24,Dropbox,Software,19.63,2024
8718,2024-04-24,Mailchimp,Marketing,299.00,2024
8715,2024-04-24,Uber,Travel,217.80,2024
8714,2024-04-24,Zoom,Software,149.00,2024
8722,2024-04-25,DHL,Shipping,225.73,2024
8725,2024-04-25,Expensify,Software,50.00,2024
8724,2024-04-25,Mailchimp,Marketing,NULL,2024
8720,2024-04-25,Mailchimp,Marketing,299.00,2024
8723,2024-04-25,"Office Depot","Office Supplies",130.00,2024
8721,2024-04-25,"Office Depot","Office Supplies",279.10,2024
8727,2024-04-26,Amazon,"Office Supplies",636.77,2024
8728,2024-04-26,DHL,Shipping,NULL,2024
8729,2024-04-26,"Office Depot","Office Supplies",489.47,2024
8726,2024-04-26,Staples,"Office Supplies",344.50,2024
8730,2024-04-26,WeWork,Rent,3200.00,2024
8732,2024-04-27,FedEx,Shipping,194.60,2024
8731,2024-04-27,Slack,Software,87.00,2024
8735,2024-04-27,Staples,"Office Supplies",332.12,2024
8734,2024-04-27,Stripe,Software,59.00,2024
8733,2024-04-27,Uber,Travel,35.80,2024
8740,2024-04-28,Amazon,"Office Supplies",820.44,2024
8743,2024-04-28,DHL,Shipping,94.60,2024
8741,2024-04-28,Marriott,Travel,330.91,2024
8739,2024-04-28,Notion,Software,16.00,2024
8737,2024-04-28,QuickBooks,Software,137.33,2024
8736,2024-04-28,Salesforce,Software,800.00,2024
8742,2024-04-28,Uber,Travel,127.33,2024
8745,2024-04-29,"Delta Airlines",Travel,1533.00,2024
8749,2024-04-29,HubSpot,Marketing,620.00,2024
8746,2024-04-29,"Office Depot","Office Supplies",229.50,2024
8744,2024-04-29,QuickBooks,Software,178.00,2024
8747,2024-04-29,Slack,Software,87.00,2024
8748,2024-04-29,Stripe,Software,59.00,2024
8750,2024-04-30,Expensify,Software,50.00,2024
8751,2024-04-30,HubSpot,Marketing,1176.98,2024
8752,2024-04-30,Marriott,Travel,438.52,2024
8753,2024-04-30,Stripe,Software,59.00,2024
8756,2024-05-01,Dropbox,Software,15.00,2024
8754,2024-05-01,"Google Ads",Marketing,2957.00,2024
8755,2024-05-01,HubSpot,Marketing,696.00,2024
8758,2024-05-02,AWS,Software,1717.53,2024
8762,2024-05-02,AWS,Software,2545.00,2024
8760,2024-05-02,"Delta Airlines",Travel,1093.00,2024
8757,2024-05-02,"Google Ads",Marketing,NULL,2024
8759,2024-05-02,Notion,Software,16.00,2024
8764,2024-05-02,Uber,Travel,112.65,2024
8761,2024-05-02,Zoom,Software,149.00,2024
8767,2024-05-03,FedEx,Shipping,249.60,2024
8765,2024-05-03,"LinkedIn Ads",Marketing,513.06,2024
8766,2024-05-03,Staples,"Office Supplies",154.20,2024
8770,2024-05-04,Amazon,"Office Supplies",1207.34,2024
8773,2024-05-04,Asana,Software,NULL,2024
8768,2024-05-04,Notion,Software,16.00,2024
8769,2024-05-04,QuickBooks,Software,162.50,2024
8771,2024-05-04,Stripe,Software,59.00,2024
8776,2024-05-05,Amazon,"Office Supplies",936.68,2024
8774,2024-05-05,Notion,Software,16.00,2024
8775,2024-05-05,Zoom,Software,149.00,2024
8779,2024-05-06,"Delta Airlines",Travel,NULL,2024
8777,2024-05-06,DHL,Shipping,236.10,2024
8781,2024-05-06,Mailchimp,Marketing,299.00,2024
8778,2024-05-06,Microsoft,Software,220.45,2024
8786,2024-05-07,"American Airlines",Travel,1944.90,2024
8783,2024-05-07,DHL,Shipping,233.10,2024
8784,2024-05-07,Notion,Software,16.00,2024
8785,2024-05-07,Salesforce,Software,800.00,2024
8782,2024-05-07,Zoom,Software,149.00,2024
8788,2024-05-08,"American Airlines",Travel,2647.43,2024
8787,2024-05-08,Expensify,Software,50.00,2024
8790,2024-05-08,Zoom,Software,149.00,2024
8793,2024-05-09,"American Airlines",Travel,285.12,2024
8792,2024-05-09,AWS,Software,2059.00,2024
8791,2024-05-09,"Delta Airlines",Travel,1619.34,2024
8794,2024-05-09,Stripe,Software,59.00,2024
8797,2024-05-10,"American Airlines",Travel,2634.46,2024
8796,2024-05-10,Slack,Software,87.00,2024
8795,2024-05-10,WeWork,Rent,3200.00,2024
8798,2024-05-11,AWS,Software,3919.00,2024
8800,2024-05-11,Expensify,Software,50.00,2024
8799,2024-05-11,Notion,Software,16.00,2024
8802,2024-05-12,"American Airlines",Travel,941.99,2024
8804,2024-05-12,"American Airlines",Travel,1433.30,2024
8805,2024-05-12,"Office Depot","Office Supplies",380.00,2024
8803,2024-05-12,QuickBooks,Software,179.32,2024
8806,2024-05-12,Slack,Software,87.00,2024
8801,2024-05-12,Stripe,Software,59.00,2024
8811,2024-05-13,AWS,Software,1393.00,2024
8810,2024-05-13,"Delta Airlines",Travel,NULL,2024
8807,2024-05-13,Expensify,Software,NULL,2024
8812,2024-05-13,"Google Ads",Marketing,811.61,2024
8809,2024-05-13,Notion,Software,16.00,2024
8808,2024-05-13,QuickBooks,Software,131.50,2024
8815,2024-05-14,"Delta Airlines",Travel,2150.85,2024
8813,2024-05-14,HubSpot,Marketing,NULL,2024
8814,2024-05-14,Notion,Software,NULL,2024
8818,2024-05-15,"Office Depot","Office Supplies",105.00,2024
8817,2024-05-15,WeWork,Rent,3200.00,2024
8816,2024-05-15,Zoom,Software,149.00,2024
8823,2024-05-16,Dropbox,Software,20.00,2024
8824,2024-05-16,FedEx,Shipping,86.00,2024
8820,2024-05-16,"LinkedIn Ads",Marketing,NULL,2024
8825,2024-05-16,Notion,Software,NULL,2024
8819,2024-05-16,QuickBooks,Software,157.83,2024
8821,2024-05-16,Uber,Travel,157.50,2024
8822,2024-05-16,WeWork,Rent,3200.00,2024
8828,2024-05-17,"Delta Airlines",Travel,NULL,2024
8829,2024-05-17,Dropbox,Software,20.38,2024
8827,2024-05-17,FedEx,Shipping,69.90,2024
8826,2024-05-17,WeWork,Rent,3200.00,2024
8835,2024-05-18,DHL,Shipping,146.77,2024
8834,2024-05-18,Dropbox,Software,22.00,2024
8831,2024-05-18,"Google Ads",Marketing,3377.81,2024
8832,2024-05-18,Mailchimp,Marketing,NULL,2024
8830,2024-05-18,Microsoft,Software,478.64,2024
8836,2024-05-18,Notion,Software,16.00,2024
8833,2024-05-18,QuickBooks,Software,121.00,2024
8839,2024-05-19,DHL,Shipping,113.50,2024
8838,2024-05-19,"Google Ads",Marketing,3233.00,2024
8841,2024-05-19,"Office Depot","Office Supplies",NULL,2024
8840,2024-05-19,Salesforce,Software,800.00,2024
8837,2024-05-19,Uber,Travel,110.10,2024
8845,2024-05-20,DHL,Shipping,68.51,2024
8842,2024-05-20,QuickBooks,Software,121.00,2024
8843,2024-05-20,Uber,Travel,214.10,2024
8844,2024-05-20,Zoom,Software,149.00,2024
8848,2024-05-21,DHL,Shipping,150.90,2024
8847,2024-05-21,Expensify,Software,NULL,2024
8852,2024-05-21,Expensify,Software,50.00,2024
8850,2024-05-21,HubSpot,Marketing,651.73,2024
8846,2024-05-21,Microsoft,Software,187.30,2024
8849,2024-05-21,Notion,Software,16.00,2024
8851,2024-05-21,"Office Depot","Office Supplies",70.40,2024
8855,2024-05-22,AWS,Software,451.00,2024
8853,2024-05-22,Dropbox,Software,19.50,2024
8854,2024-05-22,HubSpot,Marketing,888.90,2024
8856,2024-05-23,"Delta Airlines",Travel,NULL,2024
8861,2024-05-23,FedEx,Shipping,57.80,2024
8862,2024-05-23,FedEx,Shipping,142.40,2024
8859,2024-05-23,HubSpot,Marketing,411.00,2024
8858,2024-05-23,Stripe,Software,59.00,2024
8860,2024-05-23,Uber,Travel,160.30,2024
8868,2024-05-24,Amazon,"Office Supplies",151.00,2024
8865,2024-05-24,AWS,Software,4773.60,2024
8869,2024-05-24,DHL,Shipping,138.84,2024
8870,2024-05-24,FedEx,Shipping,100.87,2024
8867,2024-05-24,"Google Ads",Marketing,3470.32,2024
8863,2024-05-24,Notion,Software,NULL,2024
8864,2024-05-24,"Office Depot","Office Supplies",472.02,2024
8866,2024-05-24,Slack,Software,87.00,2024
8874,2024-05-25,"American Airlines",Travel,NULL,2024
8873,2024-05-25,AWS,Software,4093.75,2024
8872,2024-05-25,HubSpot,Marketing,1027.00,2024
8871,2024-05-25,"Office Depot","Office Supplies",NULL,2024
8875,2024-05-25,WeWork,Rent,3200.00,2024
8880,2024-05-26,Amazon,"Office Supplies",1047.57,2024
8877,2024-05-26,"LinkedIn Ads",Marketing,1598.40,2024
8879,2024-05-26,Marriott,Travel,NULL,2024
8878,2024-05-26,Marriott,Travel,511.22,2024
8876,2024-05-26,QuickBooks,Software,74.00,2024
8884,2024-05-27,"Delta Airlines",Travel,1152.50,2024
8883,2024-05-27,DHL,Shipping,134.00,2024
8881,2024-05-27,Mailchimp,Marketing,299.00,2024
8882,2024-05-27,Stripe,Software,NULL,2024
8889,2024-05-28,Dropbox,Software,16.50,2024
8888,2024-05-28,FedEx,Shipping,256.67,2024
8887,2024-05-28,Microsoft,Software,441.00,2024
8886,2024-05-28,WeWork,Rent,3200.00,2024
8892,2024-05-29,"Google Ads",Marketing,1929.32,2024
8891,2024-05-29,Mailchimp,Marketing,299.00,2024
8894,2024-05-29,Notion,Software,16.00,2024
8893,2024-05-29,WeWork,Rent,3200.00,2024
8896,2024-05-30,"American Airlines",Travel,2502.16,2024
8897,2024-05-30,DHL,Shipping,181.00,2024
8895,2024-05-30,Salesforce,Software,NULL,2024
8899,2024-05-31,AWS,Software,541.00,2024
8904,2024-05-31,AWS,Software,4619.00,2024
8903,2024-05-31,Marriott,Travel,289.60,2024
8902,2024-05-31,Notion,Software,NULL,2024
8900,2024-05-31,Slack,Software,87.00,2024
8901,2024-05-31,Staples,"Office Supplies",52.47,2024
8898,2024-05-31,Stripe,Software,59.00,2024
8905,2024-06-01,FedEx,Shipping,252.30,2024
8908,2024-06-01,QuickBooks,Software,68.00,2024
8909,2024-06-01,Salesforce,Software,NULL,2024
8906,2024-06-01,Staples,"Office Supplies",351.50,2024
8910,2024-06-01,Uber,Travel,107.60,2024
8907,2024-06-01,Uber,Travel,181.00,2024
8912,2024-06-02,Expensify,Software,50.00,2024
8913,2024-06-02,"Google Ads",Marketing,NULL,2024
8915,2024-06-02,"Google Ads",Marketing,2406.26,2024
8914,2024-06-02,HubSpot,Marketing,NULL,2024
8916,2024-06-02,QuickBooks,Software,118.00,2024
8917,2024-06-02,Uber,Travel,46.66,2024
8911,2024-06-02,Zoom,Software,149.00,2024
8921,2024-06-03,"Delta Airlines",Travel,2499.61,2024
8918,2024-06-03,"LinkedIn Ads",Marketing,1791.26,2024
8920,2024-06-03,Mailchimp,Marketing,NULL,2024
8919,2024-06-03,Mailchimp,Marketing,299.00,2024
8923,2024-06-04,Dropbox,Software,NULL,2024
8925,2024-06-04,Salesforce,Software,800.00,2024
8924,2024-06-04,Stripe,Software,59.00,2024
8927,2024-06-05,"Delta Airlines",Travel,1206.00,2024
8928,2024-06-05,FedEx,Shipping,158.25,2024
8926,2024-06-05,Notion,Software,16.00,2024
8929,2024-06-05,Salesforce,Software,800.00,2024
8936,2024-06-06,"American Airlines",Travel,543.47,2024
8932,2024-06-06,Asana,Software,60.24,2024
8934,2024-06-06,DHL,Shipping,81.33,2024
8930,2024-06-06,Dropbox,Software,19.56,2024
8933,2024-06-06,HubSpot,Marketing,969.60,2024
8937,2024-06-06,"Office Depot","Office Supplies",416.45,2024
8931,2024-06-06,Salesforce,Software,800.00,2024
8942,2024-06-07,AWS,Software,4837.30,2024
8939,2024-06-07,"LinkedIn Ads",Marketing,1555.52,2024
8938,2024-06-07,"LinkedIn Ads",Marketing,1901.40,2024
8940,2024-06-07,Staples,"Office Supplies",330.00,2024
8941,2024-06-07,Zoom,Software,149.00,2024
8947,2024-06-08,Amazon,"Office Supplies",457.00,2024
8945,2024-06-08,AWS,Software,4103.31,2024
8946,2024-06-08,DHL,Shipping,201.99,2024
8948,2024-06-08,"Google Ads",Marketing,1072.00,2024
8943,2024-06-08,Notion,Software,16.00,2024
8944,2024-06-08,WeWork,Rent,NULL,2024
8953,2024-06-09,"Delta Airlines",Travel,1690.77,2024
8955,2024-06-09,"Delta Airlines",Travel,1909.00,2024
8954,2024-06-09,DHL,Shipping,104.00,2024
8956,2024-06-09,Mailchimp,Marketing,NULL,2024
8951,2024-06-09,Marriott,Travel,271.80,2024
8950,2024-06-09,Marriott,Travel,508.00,2024
8952,2024-06-09,Uber,Travel,55.30,2024
8949,2024-06-09,WeWork,Rent,3200.00,2024
8958,2024-06-10,Asana,Software,82.97,2024
8959,2024-06-10,DHL,Shipping,86.57,2024
8957,2024-06-10,Mailchimp,Marketing,299.00,2024
8964,2024-06-11,Amazon,"Office Supplies",365.00,2024
8960,2024-06-11,Dropbox,Software,17.00,2024
8962,2024-06-11,Marriott,Travel,540.20,2024
8963,2024-06-11,Notion,Software,16.00,2024
8961,2024-06-11,Uber,Travel,161.72,2024
8966,2024-06-12,AWS,Software,661.72,2024
8967,2024-06-12,DHL,Shipping,98.92,2024
8968,2024-06-12,"Office Depot","Office Supplies",438.83,2024
8965,2024-06-12,WeWork,Rent,3200.00,2024
8969,2024-06-13,"LinkedIn Ads",Marketing,1031.90,2024
8973,2024-06-13,"LinkedIn Ads",Marketing,1141.99,2024
8971,2024-06-13,Mailchimp,Marketing,299.00,2024
8972,2024-06-13,Microsoft,Software,NULL,2024
8974,2024-06-13,Notion,Software,16.00,2024
8970,2024-06-13,WeWork,Rent,3200.00,2024
8981,2024-06-14,AWS,Software,1106.93,2024
8979,2024-06-14,AWS,Software,3169.00,2024
8977,2024-06-14,"Delta Airlines",Travel,2246.34,2024
8980,2024-06-14,Dropbox,Software,16.80,2024
8978,2024-06-14,QuickBooks,Software,NULL,2024
8975,2024-06-14,Stripe,Software,59.00,2024
8976,2024-06-14,WeWork,Rent,3200.00,2024
8982,2024-06-15,Asana,Software,90.54,2024
8983,2024-06-15,Expensify,Software,50.00,2024
8985,2024-06-15,Notion,Software,16.00,2024
8984,2024-06-15,Zoom,Software,149.00,2024
8991,2024-06-16,"Delta Airlines",Travel,1166.50,2024
8988,2024-06-16,"Google Ads",Marketing,890.70,2024
8987,2024-06-16,Marriott,Travel,190.31,2024
8993,2024-06-16,Marriott,Travel,500.20,2024
8989,2024-06-16,QuickBooks,Software,143.81,2024
8992,2024-06-16,Stripe,Software,59.00,2024
8990,2024-06-16,Uber,Travel,31.00,2024
8986,2024-06-16,WeWork,Rent,3200.00,2024
9000,2024-06-17,"Delta Airlines",Travel,1488.90,2024
8999,2024-06-17,DHL,Shipping,NULL,2024
8998,2024-06-17,Dropbox,Software,24.00,2024
8996,2024-06-17,Expensify,Software,50.00,2024
8997,2024-06-17,"Google Ads",Marketing,NULL,2024
8995,2024-06-17,QuickBooks,Software,57.33,2024
8994,2024-06-17,WeWork,Rent,3200.00,2024
9002,2024-06-18,"Delta Airlines",Travel,1695.10,2024
9003,2024-06-18,QuickBooks,Software,174.00,2024
9001,2024-06-18,Uber,Travel,188.80,2024
9005,2024-06-19,"Google Ads",Marketing,2292.40,2024
9006,2024-06-19,QuickBooks,Software,53.60,2024
9007,2024-06-19,QuickBooks,Software,78.00,2024
9008,2024-06-19,Staples,"Office Supplies",173.80,2024
9004,2024-06-19,Staples,"Office Supplies",179.40,2024
9010,2024-06-20,Microsoft,Software,412.00,2024
9009,2024-06-20,Microsoft,Software,478.00,2024
9015,2024-06-20,Notion,Software,16.00,2024
9012,2024-06-20,"Office Depot","Office Supplies",61.00,2024
9011,2024-06-20,Slack,Software,87.00,2024
9014,2024-06-20,Staples,"Office Supplies",249.00,2024
9017,2024-06-21,"American Airlines",Travel,813.00,2024
9018,2024-06-21,"Google Ads",Marketing,2337.00,2024
9016,2024-06-21,QuickBooks,Software,169.80,2024
9023,2024-06-22,Expensify,Software,50.00,2024
9020,2024-06-22,"Google Ads",Marketing,1296.00,2024
9024,2024-06-22,"LinkedIn Ads",Marketing,NULL,2024
9022,2024-06-22,Notion,Software,16.00,2024
9019,2024-06-22,Stripe,Software,NULL,2024
9021,2024-06-22,WeWork,Rent,3200.00,2024
9028,2024-06-23,Amazon,"Office Supplies",1277.87,2024
9031,2024-06-23,"American Airlines",Travel,2969.00,2024
9030,2024-06-23,"Google Ads",Marketing,2439.86,2024
9029,2024-06-23,Microsoft,Software,462.37,2024
9026,2024-06-23,Uber,Travel,177.20,2024
9027,2024-06-23,Zoom,Software,149.00,2024
9034,2024-06-24,"Delta Airlines",Travel,1627.60,2024
9033,2024-06-24,Expensify,Software,50.00,2024
9035,2024-06-24,HubSpot,Marketing,1147.00,2024
9038,2024-06-24,Microsoft,Software,256.20,2024
9036,2024-06-24,"Office Depot","Office Supplies",264.45,2024
9032,2024-06-24,Staples,"Office Supplies",364.22,2024
9037,2024-06-24,Uber,Travel,286.74,2024
9039,2024-06-25,Asana,Software,51.60,2024
9041,2024-06-25,"Delta Airlines",Travel,1439.00,2024
9040,2024-06-25,DHL,Shipping,209.00,2024
9044,2024-06-25,"Google Ads",Marketing,1817.91,2024
9042,2024-06-25,Marriott,Travel,157.38,2024
9043,2024-06-25,Salesforce,Software,800.00,2024
9046,2024-06-26,AWS,Software,1376.20,2024
9048,2024-06-26,AWS,Software,4812.00,2024
9047,2024-06-26,HubSpot,Marketing,1056.03,2024
9045,2024-06-26,"Office Depot","Office Supplies",97.09,2024
9049,2024-06-27,"Google Ads",Marketing,1319.58,2024
9054,2024-06-27,"Google Ads",Marketing,2155.80,2024
9053,2024-06-27,HubSpot,Marketing,438.60,2024
9051,2024-06-27,"LinkedIn Ads",Marketing,NULL,2024
9052,2024-06-27,Microsoft,Software,359.82,2024
9050,2024-06-27,Stripe,Software,59.00,2024
9056,2024-06-28,Amazon,"Office Supplies",1532.00,2024
9060,2024-06-28,"American Airlines",Travel,2036.17,2024
9055,2024-06-28,"Google Ads",Marketing,1533.00,2024
9061,2024-06-28,HubSpot,Marketing,422.13,2024
9058,2024-06-28,"LinkedIn Ads",Marketing,1700.00,2024
9059,2024-06-28,Stripe,Software,59.00,2024
9057,2024-06-28,WeWork,Rent,3200.00,2024
9066,2024-06-29,Amazon,"Office Supplies",245.00,2024
9062,2024-06-29,AWS,Software,NULL,2024
9064,2024-06-29,AWS,Software,3091.85,2024
9063,2024-06-29,QuickBooks,Software,158.20,2024
9065,2024-06-29,WeWork,Rent,3200.00,2024
9067,2024-06-30,Amazon,"Office Supplies",111.22,2024
9070,2024-06-30,DHL,Shipping,39.98,2024
9068,2024-06-30,FedEx,Shipping,NULL,2024
9069,2024-06-30,Mailchimp,Marketing,299.00,2024
9071,2024-07-01,"Google Ads",Marketing,2109.59,2024
9072,2024-07-01,HubSpot,Marketing,875.84,2024
9073,2024-07-01,Uber,Travel,255.00,2024
9077,2024-07-02,Amazon,"Office Supplies",1428.40,2024
9074,2024-07-02,Amazon,"Office Supplies",1805.37,2024
9075,2024-07-02,DHL,Shipping,198.00,2024
9080,2024-07-02,Dropbox,Software,17.40,2024
9078,2024-07-02,Expensify,Software,50.00,2024
9079,2024-07-02,"Office Depot","Office Supplies",111.00,2024
9076,2024-07-02,Staples,"Office Supplies",366.42,2024
9081,2024-07-03,FedEx,Shipping,277.40,2024
9082,2024-07-03,Microsoft,Software,NULL,2024
9083,2024-07-03,QuickBooks,Software,57.60,2024
9086,2024-07-04,Mailchimp,Marketing,299.00,2024
9085,2024-07-04,Uber,Travel,NULL,2024
9084,2024-07-04,Zoom,Software,149.00,2024
9091,2024-07-05,"American Airlines",Travel,413.00,2024
9090,2024-07-05,Asana,Software,90.00,2024
9089,2024-07-05,DHL,Shipping,NULL,2024
9092,2024-07-05,"Google Ads",Marketing,2720.00,2024
9088,2024-07-05,"Google Ads",Marketing,3060.90,2024
9087,2024-07-05,Marriott,Travel,240.95,2024
9093,2024-07-05,Zoom,Software,NULL,2024
9096,2024-07-06,"Google Ads",Marketing,3204.45,2024
9094,2024-07-06,Mailchimp,Marketing,299.00,2024
9095,2024-07-06,Marriott,Travel,280.56,2024
9099,2024-07-07,Marriott,Travel,391.66,2024
9097,2024-07-07,Marriott,Travel,490.86,2024
9098,2024-07-07,Slack,Software,87.00,2024
9102,2024-07-08,"Office Depot","Office Supplies",37.00,2024
9100,2024-07-08,Salesforce,Software,800.00,2024
9101,2024-07-08,Stripe,Software,59.00,2024
9103,2024-07-08,WeWork,Rent,3200.00,2024
9107,2024-07-09,Amazon,"Office Supplies",949.98,2024
9105,2024-07-09,FedEx,Shipping,NULL,2024
9104,2024-07-09,QuickBooks,Software,161.43,2024
9106,2024-07-09,Stripe,Software,NULL,2024
9112,2024-07-10,Amazon,"Office Supplies",1335.00,2024
9110,2024-07-10,AWS,Software,2620.20,2024
9109,2024-07-10,"LinkedIn Ads",Marketing,1893.63,2024
9114,2024-07-10,Salesforce,Software,NULL,2024
9108,2024-07-10,Stripe,Software,59.00,2024
9113,2024-07-10,Uber,Travel,121.00,2024
9111,2024-07-10,Uber,Travel,228.14,2024
9115,2024-07-11,Expensify,Software,50.00,2024
9116,2024-07-11,Mailchimp,Marketing,299.00,2024
9117,2024-07-11,Notion,Software,16.00,2024
9118,2024-07-11,Zoom,Software,NULL,2024
9121,2024-07-12,Asana,Software,71.76,2024
9120,2024-07-12,"Delta Airlines",Travel,2169.63,2024
9122,2024-07-12,Microsoft,Software,164.51,2024
9119,2024-07-12,WeWork,Rent,3200.00,2024
9123,2024-07-13,AWS,Software,3262.60,2024
9127,2024-07-13,"Delta Airlines",Travel,NULL,2024
9130,2024-07-13,Mailchimp,Marketing,299.00,2024
9129,2024-07-13,Microsoft,Software,372.15,2024
9126,2024-07-13,Notion,Software,16.00,2024
9125,2024-07-13,Stripe,Software,59.00,2024
9124,2024-07-13,WeWork,Rent,3200.00,2024
9133,2024-07-14,AWS,Software,4019.50,2024
9137,2024-07-14,Expensify,Software,50.00,2024
9134,2024-07-14,"LinkedIn Ads",Marketing,1853.00,2024
9136,2024-07-14,Slack,Software,87.00,2024
9132,2024-07-14,Stripe,Software,59.00,2024
9131,2024-07-14,Uber,Travel,NULL,2024
9135,2024-07-14,Zoom,Software,149.00,2024
9139,2024-07-15,DHL,Shipping,NULL,2024
9141,2024-07-15,Expensify,Software,50.00,2024
9140,2024-07-15,FedEx,Shipping,288.89,2024
9142,2024-07-15,Marriott,Travel,216.00,2024
9138,2024-07-15,"Office Depot","Office Supplies",405.31,2024
9143,2024-07-15,QuickBooks,Software,126.00,2024
9149,2024-07-16,Amazon,"Office Supplies",1799.10,2024
9145,2024-07-16,"American Airlines",Travel,1605.70,2024
9147,2024-07-16,"Delta Airlines",Travel,1683.00,2024
9150,2024-07-16,DHL,Shipping,120.00,2024
9148,2024-07-16,DHL,Shipping,166.00,2024
9146,2024-07-16,"Google Ads",Marketing,2472.38,2024
9144,2024-07-16,Notion,Software,16.00,2024
9153,2024-07-17,DHL,Shipping,103.03,2024
9154,2024-07-17,HubSpot,Marketing,986.40,2024
9152,2024-07-17,Mailchimp,Marketing,299.00,2024
9151,2024-07-17,Microsoft,Software,336.80,2024
9155,2024-07-17,Staples,"Office Supplies",108.10,2024
9160,2024-07-18,"American Airlines",Travel,NULL,2024
9159,2024-07-18,Mailchimp,Marketing,NULL,2024
9157,2024-07-18,Microsoft,Software,463.23,2024
9158,2024-07-18,Uber,Travel,260.07,2024
9166,2024-07-19,"American Airlines",Travel,528.00,2024
9161,2024-07-19,"Delta Airlines",Travel,861.00,2024
9167,2024-07-19,"Delta Airlines",Travel,895.97,2024
9163,2024-07-19,"Google Ads",Marketing,2959.20,2024
9164,2024-07-19,"Google Ads",Marketing,3194.60,2024
9162,2024-07-19,"Google Ads",Marketing,3425.20,2024
9165,2024-07-19,Uber,Travel,106.00,2024
9168,2024-07-19,WeWork,Rent,3200.00,2024
9173,2024-07-20,FedEx,Shipping,59.39,2024
9174,2024-07-20,"LinkedIn Ads",Marketing,909.67,2024
9170,2024-07-20,QuickBooks,Software,87.55,2024
9171,2024-07-20,QuickBooks,Software,122.05,2024
9172,2024-07-20,QuickBooks,Software,149.88,2024
9169,2024-07-20,Stripe,Software,59.00,2024
9179,2024-07-21,FedEx,Shipping,NULL,2024
9178,2024-07-21,FedEx,Shipping,238.82,2024
9177,2024-07-21,QuickBooks,Software,168.00,2024
9176,2024-07-21,Stripe,Software,59.00,2024
9182,2024-07-22,DHL,Shipping,NULL,2024
9181,2024-07-22,Dropbox,Software,17.20,2024
9183,2024-07-22,HubSpot,Marketing,537.21,2024
9180,2024-07-22,Slack,Software,87.00,2024
9184,2024-07-22,WeWork,Rent,3200.00,2024
9187,2024-07-23,"Google Ads",Marketing,1633.05,2024
9186,2024-07-23,Marriott,Travel,365.30,2024
9189,2024-07-23,Marriott,Travel,484.55,2024
9185,2024-07-23,Staples,"Office Supplies",392.89,2024
9188,2024-07-23,Stripe,Software,NULL,2024
9190,2024-07-24,Asana,Software,73.90,2024
9194,2024-07-24,Expensify,Software,50.00,2024
9191,2024-07-24,Microsoft,Software,362.50,2024
9195,2024-07-24,Slack,Software,87.00,2024
9193,2024-07-24,Staples,"Office Supplies",168.00,2024
9192,2024-07-24,WeWork,Rent,3200.00,2024
9196,2024-07-25,"Delta Airlines",Travel,NULL,2024
9199,2024-07-25,Dropbox,Software,24.62,2024
9200,2024-07-25,"Google Ads",Marketing,962.21,2024
9198,2024-07-25,"Google Ads",Marketing,2306.40,2024
9197,2024-07-25,"Office Depot","Office Supplies",54.80,2024
9203,2024-07-25,"Office Depot","Office Supplies",208.90,2024
9201,2024-07-25,Stripe,Software,59.00,2024
9202,2024-07-25,Zoom,Software,149.00,2024
9207,2024-07-26,AWS,Software,1014.00,2024
9209,2024-07-26,"Google Ads",Marketing,2200.00,2024
9210,2024-07-26,Marriott,Travel,419.00,2024
9205,2024-07-26,Microsoft,Software,179.67,2024
9204,2024-07-26,Stripe,Software,59.00,2024
9208,2024-07-26,WeWork,Rent,3200.00,2024
9214,2024-07-27,AWS,Software,2958.95,2024
9216,2024-07-27,Marriott,Travel,NULL,2024
9213,2024-07-27,Notion,Software,16.00,2024
9212,2024-07-27,"Office Depot","Office Supplies",451.90,2024
9211,2024-07-27,Salesforce,Software,800.00,2024
9215,2024-07-27,Staples,"Office Supplies",NULL,2024
9217,2024-07-28,Asana,Software,49.08,2024
9220,2024-07-28,Marriott,Travel,161.00,2024
9219,2024-07-28,Notion,Software,16.00,2024
9218,2024-07-28,Salesforce,Software,800.00,2024
9224,2024-07-29,Amazon,"Office Supplies",1822.83,2024
9223,2024-07-29,"Delta Airlines",Travel,1085.90,2024
9225,2024-07-29,"Google Ads",Marketing,NULL,2024
9222,2024-07-29,"LinkedIn Ads",Marketing,1575.00,2024
9227,2024-07-29,Microsoft,Software,443.46,2024
9221,2024-07-29,QuickBooks,Software,103.30,2024
9226,2024-07-29,Zoom,Software,149.00,2024
9228,2024-07-30,Amazon,"Office Supplies",1765.00,2024
9230,2024-07-30,Asana,Software,74.00,2024
9232,2024-07-30,AWS,Software,3909.00,2024
9234,2024-07-30,DHL,Shipping,233.00,2024
9229,2024-07-30,FedEx,Shipping,NULL,2024
9231,2024-07-30,Mailchimp,Marketing,299.00,2024
9233,2024-07-30,Uber,Travel,252.20,2024
9237,2024-07-31,"Google Ads",Marketing,1260.00,2024
9240,2024-07-31,"Google Ads",Marketing,3100.18,2024
9238,2024-07-31,"LinkedIn Ads",Marketing,1186.95,2024
9235,2024-07-31,Mailchimp,Marketing,299.00,2024
9236,2024-07-31,Marriott,Travel,564.22,2024
9239,2024-07-31,WeWork,Rent,3200.00,2024
9243,2024-08-01,AWS,Software,1423.02,2024
9242,2024-08-01,Salesforce,Software,800.00,2024
9245,2024-08-01,Stripe,Software,NULL,2024
9241,2024-08-01,Stripe,Software,59.00,2024
9244,2024-08-01,Zoom,Software,149.00,2024
9251,2024-08-02,"LinkedIn Ads",Marketing,605.50,2024
9252,2024-08-02,Marriott,Travel,225.00,2024
9248,2024-08-02,Salesforce,Software,800.00,2024
9250,2024-08-02,Staples,"Office Supplies",296.00,2024
9249,2024-08-02,WeWork,Rent,3200.00,2024
9253,2024-08-02,Zoom,Software,149.00,2024
9257,2024-08-03,DHL,Shipping,74.00,2024
9255,2024-08-03,Dropbox,Software,19.96,2024
9254,2024-08-03,"LinkedIn Ads",Marketing,614.30,2024
9256,2024-08-03,QuickBooks,Software,99.71,2024
9258,2024-08-03,Slack,Software,87.00,2024
9259,2024-08-04,Staples,"Office Supplies",66.89,2024
9260,2024-08-04,Uber,Travel,166.00,2024
9261,2024-08-04,WeWork,Rent,3200.00,2024
9264,2024-08-05,AWS,Software,4570.85,2024
9267,2024-08-05,AWS,Software,4709.80,2024
9265,2024-08-05,DHL,Shipping,NULL,2024
9262,2024-08-05,"LinkedIn Ads",Marketing,581.33,2024
9266,2024-08-05,"LinkedIn Ads",Marketing,1228.30,2024
9268,2024-08-05,Mailchimp,Marketing,299.00,2024
9263,2024-08-05,QuickBooks,Software,128.64,2024
9269,2024-08-05,Staples,"Office Supplies",158.00,2024
9276,2024-08-06,"American Airlines",Travel,898.57,2024
9271,2024-08-06,Asana,Software,53.00,2024
9272,2024-08-06,"Delta Airlines",Travel,1088.10,2024
9275,2024-08-06,HubSpot,Marketing,894.62,2024
9274,2024-08-06,Notion,Software,16.00,2024
9273,2024-08-06,Slack,Software,87.00,2024
9270,2024-08-06,Uber,Travel,86.17,2024
9279,2024-08-07,Expensify,Software,50.00,2024
9277,2024-08-07,FedEx,Shipping,216.00,2024
9280,2024-08-07,"LinkedIn Ads",Marketing,707.92,2024
9278,2024-08-07,QuickBooks,Software,117.60,2024
9285,2024-08-08,DHL,Shipping,55.60,2024
9281,2024-08-08,Expensify,Software,NULL,2024
9283,2024-08-08,"LinkedIn Ads",Marketing,735.80,2024
9286,2024-08-08,Mailchimp,Marketing,299.00,2024
9284,2024-08-08,Microsoft,Software,346.00,2024
9282,2024-08-08,Slack,Software,87.00,2024
9290,2024-08-09,Expensify,Software,NULL,2024
9288,2024-08-09,FedEx,Shipping,NULL,2024
9291,2024-08-09,HubSpot,Marketing,544.59,2024
9289,2024-08-09,Marriott,Travel,508.92,2024
9287,2024-08-09,Notion,Software,16.00,2024
9294,2024-08-10,Asana,Software,70.00,2024
9293,2024-08-10,FedEx,Shipping,287.00,2024
9297,2024-08-10,Mailchimp,Marketing,NULL,2024
9299,2024-08-10,Marriott,Travel,386.00,2024
9296,2024-08-10,Microsoft,Software,301.40,2024
9295,2024-08-10,Salesforce,Software,800.00,2024
9298,2024-08-10,WeWork,Rent,3200.00,2024
9304,2024-08-11,DHL,Shipping,194.52,2024
9301,2024-08-11,Dropbox,Software,20.00,2024
9302,2024-08-11,"Office Depot","Office Supplies",51.00,2024
9303,2024-08-11,Staples,"Office Supplies",NULL,2024
9300,2024-08-11,Stripe,Software,NULL,2024
9309,2024-08-12,DHL,Shipping,80.84,2024
9310,2024-08-12,DHL,Shipping,92.07,2024
9311,2024-08-12,DHL,Shipping,192.00,2024
9307,2024-08-12,Expensify,Software,50.00,2024
9312,2024-08-12,FedEx,Shipping,165.20,2024
9308,2024-08-12,Mailchimp,Marketing,299.00,2024
9305,2024-08-12,Salesforce,Software,800.00,2024
9306,2024-08-12,Uber,Travel,245.31,2024
9315,2024-08-13,DHL,Shipping,227.30,2024
9317,2024-08-13,Dropbox,Software,NULL,2024
9316,2024-08-13,FedEx,Shipping,216.80,2024
9313,2024-08-13,Microsoft,Software,376.66,2024
9314,2024-08-13,Zoom,Software,149.00,2024
9319,2024-08-14,DHL,Shipping,118.70,2024
9318,2024-08-14,Expensify,Software,50.00,2024
9320,2024-08-14,HubSpot,Marketing,1188.61,2024
9321,2024-08-14,Notion,Software,16.00,2024
9324,2024-08-14,Slack,Software,NULL,2024
9322,2024-08-14,Staples,"Office Supplies",137.00,2024
9327,2024-08-15,FedEx,Shipping,142.68,2024
9329,2024-08-15,Notion,Software,16.00,2024
9326,2024-08-15,Stripe,Software,59.00,2024
9328,2024-08-15,WeWork,Rent,3200.00,2024
9335,2024-08-16,"Google Ads",Marketing,2857.18,2024
9331,2024-08-16,HubSpot,Marketing,643.30,2024
9336,2024-08-16,"LinkedIn Ads",Marketing,875.66,2024
9332,2024-08-16,Marriott,Travel,239.19,2024
9330,2024-08-16,"Office Depot","Office Supplies",358.90,2024
9334,2024-08-16,Stripe,Software,59.00,2024
9333,2024-08-16,Uber,Travel,123.83,2024
9337,2024-08-17,AWS,Software,1551.52,2024
9340,2024-08-17,Mailchimp,Marketing,299.00,2024
9339,2024-08-17,"Office Depot","Office Supplies",314.80,2024
9338,2024-08-17,Slack,Software,87.00,2024
9343,2024-08-18,Amazon,"Office Supplies",885.10,2024
9342,2024-08-18,Amazon,"Office Supplies",898.12,2024
9347,2024-08-18,Amazon,"Office Supplies",1618.59,2024
9344,2024-08-18,"Delta Airlines",Travel,1710.60,2024
9345,2024-08-18,FedEx,Shipping,141.81,2024
9341,2024-08-18,FedEx,Shipping,213.50,2024
9346,2024-08-18,"Office Depot","Office Supplies",315.75,2024
9350,2024-08-19,"American Airlines",Travel,1444.60,2024
9351,2024-08-19,"Delta Airlines",Travel,1945.93,2024
9348,2024-08-19,Marriott,Travel,221.71,2024
9349,2024-08-19,"Office Depot","Office Supplies",89.91,2024
9353,2024-08-20,Amazon,"Office Supplies",1934.15,2024
9356,2024-08-20,DHL,Shipping,40.10,2024
9354,2024-08-20,DHL,Shipping,214.00,2024
9355,2024-08-20,Dropbox,Software,21.66,2024
9352,2024-08-20,"LinkedIn Ads",Marketing,621.30,2024
9364,2024-08-21,Asana,Software,33.00,2024
9361,2024-08-21,AWS,Software,NULL,2024
9358,2024-08-21,Expensify,Software,50.00,2024
9362,2024-08-21,"Google Ads",Marketing,1918.00,2024
9359,2024-08-21,QuickBooks,Software,100.87,2024
9363,2024-08-21,Salesforce,Software,800.00,2024
9357,2024-08-21,Slack,Software,87.00,2024
9360,2024-08-21,Staples,"Office Supplies",277.00,2024
9367,2024-08-22,"American Airlines",Travel,902.60,2024
9366,2024-08-22,DHL,Shipping,192.01,2024
9365,2024-08-22,Mailchimp,Marketing,299.00,2024
9375,2024-08-23,Amazon,"Office Supplies",NULL,2024
9371,2024-08-23,Expensify,Software,50.00,2024
9373,2024-08-23,HubSpot,Marketing,882.91,2024
9374,2024-08-23,Marriott,Travel,419.73,2024
9368,2024-08-23,Salesforce,Software,800.00,2024
9370,2024-08-23,Uber,Travel,129.67,2024
9369,2024-08-23,Uber,Travel,249.59,2024
9380,2024-08-24,"American Airlines",Travel,2850.71,2024
9378,2024-08-24,"LinkedIn Ads",Marketing,1785.00,2024
9376,2024-08-24,Notion,Software,16.00,2024
9379,2024-08-24,Zoom,Software,149.00,2024
9384,2024-08-25,Marriott,Travel,536.30,2024
9383,2024-08-25,Notion,Software,16.00,2024
9381,2024-08-25,QuickBooks,Software,92.61,2024
9386,2024-08-25,Salesforce,Software,NULL,2024
9385,2024-08-25,Staples,"Office Supplies",76.90,2024
9387,2024-08-25,Uber,Travel,220.90,2024
9382,2024-08-25,Zoom,Software,149.00,2024
9389,2024-08-26,Dropbox,Software,16.00,2024
9395,2024-08-26,Expensify,Software,50.00,2024
9388,2024-08-26,FedEx,Shipping,194.50,2024
9393,2024-08-26,HubSpot,Marketing,1020.00,2024
9390,2024-08-26,"Office Depot","Office Supplies",307.84,2024
9392,2024-08-26,QuickBooks,Software,109.76,2024
9391,2024-08-26,Slack,Software,87.00,2024
9394,2024-08-26,Uber,Travel,220.48,2024
9399,2024-08-27,Expensify,Software,NULL,2024
9396,2024-08-27,QuickBooks,Software,142.55,2024
9398,2024-08-27,Staples,"Office Supplies",348.35,2024
9397,2024-08-27,WeWork,Rent,3200.00,2024
9405,2024-08-28,AWS,Software,2495.90,2024
9403,2024-08-28,FedEx,Shipping,145.50,2024
9400,2024-08-28,Mailchimp,Marketing,299.00,2024
9404,2024-08-28,Microsoft,Software,443.60,2024
9402,2024-08-28,QuickBooks,Software,63.08,2024
9401,2024-08-28,Staples,"Office Supplies",176.60,2024
9406,2024-08-29,"Delta Airlines",Travel,NULL,2024
9411,2024-08-29,HubSpot,Marketing,499.00,2024
9407,2024-08-29,Marriott,Travel,418.00,2024
9409,2024-08-29,Marriott,Travel,585.11,2024
9410,2024-08-29,"Office Depot","Office Supplies",196.30,2024
9408,2024-08-29,Stripe,Software,59.00,2024
9415,2024-08-30,DHL,Shipping,32.35,2024
9413,2024-08-30,"LinkedIn Ads",Marketing,1758.00,2024
9412,2024-08-30,Slack,Software,87.00,2024
9414,2024-08-30,Stripe,Software,59.00,2024
9416,2024-08-31,Amazon,"Office Supplies",1713.90,2024
9420,2024-08-31,Expensify,Software,50.00,2024
9419,2024-08-31,Notion,Software,16.00,2024
9418,2024-08-31,"Office Depot","Office Supplies",NULL,2024
9417,2024-08-31,Slack,Software,87.00,2024
9424,2024-09-01,HubSpot,Marketing,NULL,2024
9425,2024-09-01,Notion,Software,16.00,2024
9422,2024-09-01,QuickBooks,Software,90.17,2024
9421,2024-09-01,Staples,"Office Supplies",204.36,2024
9423,2024-09-01,Staples,"Office Supplies",313.63,2024
9427,2024-09-02,Amazon,"Office Supplies",765.00,2024
9430,2024-09-02,"Delta Airlines",Travel,1962.53,2024
9431,2024-09-02,Notion,Software,16.00,2024
9428,2024-09-02,QuickBooks,Software,153.08,2024
9429,2024-09-02,Slack,Software,87.00,2024
9426,2024-09-02,WeWork,Rent,3200.00,2024
9432,2024-09-03,"Google Ads",Marketing,1646.49,2024
9434,2024-09-03,Mailchimp,Marketing,299.00,2024
9433,2024-09-03,Marriott,Travel,457.46,2024
9438,2024-09-04,Amazon,"Office Supplies",1330.60,2024
9440,2024-09-04,DHL,Shipping,182.44,2024
9439,2024-09-04,HubSpot,Marketing,574.00,2024
9435,2024-09-04,Staples,"Office Supplies",NULL,2024
9436,2024-09-04,Staples,"Office Supplies",340.00,2024
9437,2024-09-04,WeWork,Rent,3200.00,2024
9443,2024-09-05,"American Airlines",Travel,223.90,2024
9441,2024-09-05,"Delta Airlines",Travel,1196.43,2024
9446,2024-09-05,HubSpot,Marketing,660.56,2024
9444,2024-09-05,Mailchimp,Marketing,299.00,2024
9442,2024-09-05,QuickBooks,Software,131.10,2024
9445,2024-09-05,Slack,Software,87.00,2024
9447,2024-09-05,WeWork,Rent,3200.00,2024
9449,2024-09-06,AWS,Software,543.08,2024
9451,2024-09-06,Dropbox,Software,24.00,2024
9448,2024-09-06,Expensify,Software,50.00,2024
9450,2024-09-06,"Office Depot","Office Supplies",45.68,2024
9455,2024-09-07,Asana,Software,91.00,2024
9453,2024-09-07,DHL,Shipping,213.09,2024
9456,2024-09-07,DHL,Shipping,233.00,2024
9454,2024-09-07,Staples,"Office Supplies",203.27,2024
9459,2024-09-08,"American Airlines",Travel,2286.30,2024
9458,2024-09-08,AWS,Software,4750.52,2024
9460,2024-09-08,FedEx,Shipping,239.00,2024
9461,2024-09-08,Microsoft,Software,387.27,2024
9462,2024-09-08,Salesforce,Software,800.00,2024
9457,2024-09-08,WeWork,Rent,3200.00,2024
9469,2024-09-09,Asana,Software,68.12,2024
9466,2024-09-09,HubSpot,Marketing,NULL,2024
9467,2024-09-09,"LinkedIn Ads",Marketing,930.27,2024
9465,2024-09-09,Marriott,Travel,344.75,2024
9464,2024-09-09,"Office Depot","Office Supplies",464.00,2024
9468,2024-09-09,QuickBooks,Software,97.88,2024
9463,2024-09-09,Slack,Software,87.00,2024
9470,2024-09-09,WeWork,Rent,3200.00,2024
9471,2024-09-10,"American Airlines",Travel,369.00,2024
9474,2024-09-10,"Delta Airlines",Travel,1813.93,2024
9472,2024-09-10,Dropbox,Software,NULL,2024
9475,2024-09-10,Mailchimp,Marketing,299.00,2024
9473,2024-09-10,Microsoft,Software,411.30,2024
9478,2024-09-11,Marriott,Travel,361.73,2024
9479,2024-09-11,Staples,"Office Supplies",117.33,2024
9476,2024-09-11,Stripe,Software,59.00,2024
9477,2024-09-11,WeWork,Rent,3200.00,2024
9481,2024-09-12,Expensify,Software,NULL,2024
9482,2024-09-12,Marriott,Travel,452.30,2024
9483,2024-09-12,Notion,Software,16.00,2024
9480,2024-09-12,Stripe,Software,59.00,2024
9489,2024-09-13,Asana,Software,40.00,2024
9484,2024-09-13,"LinkedIn Ads",Marketing,1585.01,2024
9488,2024-09-13,Notion,Software,16.00,2024
9487,2024-09-13,"Office Depot","Office Supplies",439.02,2024
9485,2024-09-13,QuickBooks,Software,111.00,2024
9486,2024-09-13,QuickBooks,Software,179.20,2024
9492,2024-09-14,"Google Ads",Marketing,1741.00,2024
9490,2024-09-14,"Office Depot","Office Supplies",403.27,2024
9491,2024-09-14,Zoom,Software,149.00,2024
9499,2024-09-15,DHL,Shipping,93.00,2024
9498,2024-09-15,Dropbox,Software,16.00,2024
9500,2024-09-15,Expensify,Software,50.00,2024
9497,2024-09-15,FedEx,Shipping,NULL,2024
9494,2024-09-15,FedEx,Shipping,112.33,2024
9495,2024-09-15,Salesforce,Software,800.00,2024
9493,2024-09-15,Slack,Software,87.00,2024
9496,2024-09-15,WeWork,Rent,NULL,2024
9501,2024-09-16,Expensify,Software,50.00,2024
9504,2024-09-16,HubSpot,Marketing,650.98,2024
9505,2024-09-16,Microsoft,Software,NULL,2024
9502,2024-09-16,QuickBooks,Software,68.00,2024
9503,2024-09-16,Uber,Travel,171.60,2024
9510,2024-09-17,Amazon,"Office Supplies",1718.67,2024
9512,2024-09-17,Dropbox,Software,22.69,2024
9507,2024-09-17,FedEx,Shipping,181.00,2024
9506,2024-09-17,HubSpot,Marketing,NULL,2024
9511,2024-09-17,Slack,Software,87.00,2024
9509,2024-09-17,Staples,"Office Supplies",123.27,2024
9508,2024-09-17,Staples,"Office Supplies",213.39,2024
9518,2024-09-18,"American Airlines",Travel,NULL,2024
9517,2024-09-18,DHL,Shipping,32.78,2024
9520,2024-09-18,Dropbox,Software,17.00,2024
9516,2024-09-18,Mailchimp,Marketing,299.00,2024
9514,2024-09-18,Microsoft,Software,424.00,2024
9515,2024-09-18,Notion,Software,NULL,2024
9513,2024-09-18,Staples,"Office Supplies",NULL,2024
9522,2024-09-19,Expensify,Software,50.00,2024
9521,2024-09-19,Microsoft,Software,412.00,2024
9523,2024-09-19,Zoom,Software,149.00,2024
9526,2024-09-20,Marriott,Travel,169.69,2024
9524,2024-09-20,QuickBooks,Software,50.20,2024
9525,2024-09-20,WeWork,Rent,3200.00,2024
9529,2024-09-21,"Delta Airlines",Travel,1424.45,2024
9530,2024-09-21,Marriott,Travel,320.00,2024
9528,2024-09-21,QuickBooks,Software,63.00,2024
9527,2024-09-21,Staples,"Office Supplies",361.85,2024
9532,2024-09-22,HubSpot,Marketing,835.50,2024
9534,2024-09-22,"LinkedIn Ads",Marketing,1023.00,2024
9533,2024-09-22,Mailchimp,Marketing,299.00,2024
9531,2024-09-22,WeWork,Rent,3200.00,2024
9535,2024-09-22,Zoom,Software,149.00,2024
9539,2024-09-23,Amazon,"Office Supplies",420.97,2024
9538,2024-09-23,DHL,Shipping,129.00,2024
9537,2024-09-23,Expensify,Software,NULL,2024
9540,2024-09-23,FedEx,Shipping,206.10,2024
9536,2024-09-23,Stripe,Software,59.00,2024
9541,2024-09-24,Expensify,Software,50.00,2024
9544,2024-09-24,FedEx,Shipping,106.42,2024
9542,2024-09-24,Mailchimp,Marketing,299.00,2024
9546,2024-09-24,Microsoft,Software,413.81,2024
9545,2024-09-24,Notion,Software,16.00,2024
9543,2024-09-24,"Office Depot","Office Supplies",67.00,2024
9548,2024-09-25,FedEx,Shipping,244.00,2024
9547,2024-09-25,"Google Ads",Marketing,2170.64,2024
9549,2024-09-25,Zoom,Software,149.00,2024
9550,2024-09-26,Amazon,"Office Supplies",328.40,2024
9553,2024-09-26,"American Airlines",Travel,580.44,2024
9551,2024-09-26,Asana,Software,60.11,2024
9556,2024-09-26,FedEx,Shipping,51.90,2024
9554,2024-09-26,Mailchimp,Marketing,299.00,2024
9552,2024-09-26,Salesforce,Software,800.00,2024
9557,2024-09-27,Asana,Software,57.82,2024
9561,2024-09-27,Asana,Software,70.00,2024
9560,2024-09-27,AWS,Software,3283.32,2024
9558,2024-09-27,HubSpot,Marketing,584.00,2024
9559,2024-09-27,Uber,Travel,234.84,2024
9567,2024-09-28,DHL,Shipping,140.01,2024
9562,2024-09-28,Dropbox,Software,15.19,2024
9563,2024-09-28,Dropbox,Software,19.11,2024
9569,2024-09-28,HubSpot,Marketing,500.20,2024
9564,2024-09-28,Microsoft,Software,344.82,2024
9565,2024-09-28,Notion,Software,16.00,2024
9566,2024-09-28,Salesforce,Software,800.00,2024
9573,2024-09-29,AWS,Software,4710.35,2024
9571,2024-09-29,Microsoft,Software,240.00,2024
9572,2024-09-29,Notion,Software,NULL,2024
9570,2024-09-29,Slack,Software,NULL,2024
9574,2024-09-30,"Delta Airlines",Travel,1862.00,2024
9575,2024-09-30,Dropbox,Software,19.00,2024
9576,2024-09-30,"Office Depot","Office Supplies",127.00,2024
9582,2024-10-01,Dropbox,Software,21.39,2024
9581,2024-10-01,HubSpot,Marketing,401.26,2024
9583,2024-10-01,HubSpot,Marketing,942.00,2024
9579,2024-10-01,"Office Depot","Office Supplies",167.30,2024
9577,2024-10-01,Staples,"Office Supplies",191.70,2024
9580,2024-10-01,Stripe,Software,NULL,2024
9578,2024-10-01,Zoom,Software,149.00,2024
9586,2024-10-02,AWS,Software,4876.50,2024
9584,2024-10-02,Microsoft,Software,225.00,2024
9585,2024-10-02,Slack,Software,87.00,2024
9588,2024-10-03,"Delta Airlines",Travel,NULL,2024
9592,2024-10-03,"Google Ads",Marketing,2446.50,2024
9587,2024-10-03,HubSpot,Marketing,631.74,2024
9591,2024-10-03,Mailchimp,Marketing,299.00,2024
9589,2024-10-03,Staples,"Office Supplies",NULL,2024
9590,2024-10-03,Zoom,Software,149.00,2024
9596,2024-10-04,"Delta Airlines",Travel,697.90,2024
9593,2024-10-04,Mailchimp,Marketing,299.00,2024
9599,2024-10-04,Marriott,Travel,287.00,2024
9595,2024-10-04,Uber,Travel,170.00,2024
9598,2024-10-04,WeWork,Rent,3200.00,2024
9603,2024-10-05,Asana,Software,51.70,2024
9605,2024-10-05,Asana,Software,56.95,2024
9600,2024-10-05,AWS,Software,1168.20,2024
9606,2024-10-05,DHL,Shipping,70.13,2024
9601,2024-10-05,Expensify,Software,50.00,2024
9602,2024-10-05,Notion,Software,16.00,2024
9604,2024-10-05,Salesforce,Software,800.00,2024
9613,2024-10-06,DHL,Shipping,NULL,2024
9614,2024-10-06,"LinkedIn Ads",Marketing,1929.33,2024
9608,2024-10-06,Marriott,Travel,411.25,2024
9609,2024-10-06,Microsoft,Software,433.60,2024
9610,2024-10-06,Salesforce,Software,800.00,2024
9612,2024-10-06,Slack,Software,87.00,2024
9611,2024-10-06,Uber,Travel,157.93,2024
9618,2024-10-07,Expensify,Software,NULL,2024
9620,2024-10-07,HubSpot,Marketing,1065.53,2024
9616,2024-10-07,Mailchimp,Marketing,NULL,2024
9615,2024-10-07,Salesforce,Software,800.00,2024
9619,2024-10-07,Staples,"Office Supplies",164.69,2024
9617,2024-10-07,Stripe,Software,59.00,2024
9626,2024-10-08,"American Airlines",Travel,2425.40,2024
9623,2024-10-08,Asana,Software,NULL,2024
9627,2024-10-08,"Delta Airlines",Travel,572.80,2024
9625,2024-10-08,FedEx,Shipping,90.26,2024
9624,2024-10-08,Microsoft,Software,184.00,2024
9622,2024-10-08,QuickBooks,Software,71.40,2024
9621,2024-10-08,Slack,Software,87.00,2024
9628,2024-10-09,Amazon,"Office Supplies",1036.00,2024
9632,2024-10-09,FedEx,Shipping,146.68,2024
9631,2024-10-09,Marriott,Travel,NULL,2024
9630,2024-10-09,Stripe,Software,NULL,2024
9629,2024-10-09,Stripe,Software,59.00,2024
9633,2024-10-09,Uber,Travel,226.18,2024
9635,2024-10-10,Dropbox,Software,22.00,2024
9637,2024-10-10,Marriott,Travel,270.30,2024
9636,2024-10-10,Marriott,Travel,506.41,2024
9638,2024-10-10,Notion,Software,16.00,2024
9634,2024-10-10,"Office Depot","Office Supplies",496.20,2024
9639,2024-10-10,Slack,Software,87.00,2024
9644,2024-10-11,"American Airlines",Travel,1103.32,2024
9646,2024-10-11,"American Airlines",Travel,2458.00,2024
9647,2024-10-11,"Delta Airlines",Travel,NULL,2024
9640,2024-10-11,"Delta Airlines",Travel,2087.00,2024
9643,2024-10-11,DHL,Shipping,NULL,2024
9645,2024-10-11,FedEx,Shipping,208.40,2024
9642,2024-10-11,HubSpot,Marketing,961.80,2024
9641,2024-10-11,Stripe,Software,59.00,2024
9648,2024-10-12,AWS,Software,1589.48,2024
9650,2024-10-12,Staples,"Office Supplies",NULL,2024
9649,2024-10-12,Stripe,Software,59.00,2024
9652,2024-10-13,AWS,Software,2431.27,2024
9651,2024-10-13,"Delta Airlines",Travel,2280.80,2024
9653,2024-10-13,Expensify,Software,50.00,2024
9658,2024-10-14,"American Airlines",Travel,1023.51,2024
9657,2024-10-14,"American Airlines",Travel,1483.85,2024
9654,2024-10-14,"American Airlines",Travel,2257.90,2024
9659,2024-10-14,AWS,Software,4560.60,2024
9655,2024-10-14,"LinkedIn Ads",Marketing,819.49,2024
9656,2024-10-14,"LinkedIn Ads",Marketing,1810.02,2024
9660,2024-10-14,Zoom,Software,149.00,2024
9663,2024-10-15,Salesforce,Software,800.00,2024
9662,2024-10-15,Staples,"Office Supplies",274.12,2024
9661,2024-10-15,Zoom,Software,149.00,2024
9668,2024-10-16,"American Airlines",Travel,1182.58,2024
9666,2024-10-16,QuickBooks,Software,55.82,2024
9667,2024-10-16,Staples,"Office Supplies",NULL,2024
9665,2024-10-16,Staples,"Office Supplies",332.41,2024
9669,2024-10-16,Staples,"Office Supplies",368.60,2024
9664,2024-10-16,Zoom,Software,NULL,2024
9672,2024-10-17,"American Airlines",Travel,1409.50,2024
9675,2024-10-17,"American Airlines",Travel,2614.00,2024
9670,2024-10-17,Asana,Software,90.96,2024
9676,2024-10-17,Mailchimp,Marketing,299.00,2024
9674,2024-10-17,Marriott,Travel,435.72,2024
9673,2024-10-17,Salesforce,Software,NULL,2024
9677,2024-10-17,WeWork,Rent,3200.00,2024
9671,2024-10-17,Zoom,Software,149.00,2024
9683,2024-10-18,Amazon,"Office Supplies",1986.00,2024
9684,2024-10-18,AWS,Software,240.31,2024
9682,2024-10-18,"LinkedIn Ads",Marketing,NULL,2024
9681,2024-10-18,Microsoft,Software,274.91,2024
9679,2024-10-18,Salesforce,Software,800.00,2024
9680,2024-10-18,Staples,"Office Supplies",321.50,2024
9678,2024-10-18,WeWork,Rent,3200.00,2024
9689,2024-10-19,Asana,Software,40.00,2024
9685,2024-10-19,FedEx,Shipping,49.40,2024
9690,2024-10-19,"LinkedIn Ads",Marketing,537.43,2024
9688,2024-10-19,QuickBooks,Software,72.50,2024
9691,2024-10-19,Salesforce,Software,NULL,2024
9687,2024-10-19,Salesforce,Software,800.00,2024
9686,2024-10-19,Stripe,Software,59.00,2024
9693,2024-10-20,"American Airlines",Travel,NULL,2024
9695,2024-10-20,"Delta Airlines",Travel,447.20,2024
9696,2024-10-20,"Delta Airlines",Travel,887.00,2024
9694,2024-10-20,"Delta Airlines",Travel,1344.00,2024
9697,2024-10-20,Dropbox,Software,21.50,2024
9692,2024-10-20,"Office Depot","Office Supplies",477.20,2024
9698,2024-10-21,"American Airlines",Travel,646.00,2024
9699,2024-10-21,"LinkedIn Ads",Marketing,1644.90,2024
9701,2024-10-21,"Office Depot","Office Supplies",187.63,2024
9703,2024-10-21,Uber,Travel,230.19,2024
9700,2024-10-21,WeWork,Rent,3200.00,2024
9702,2024-10-21,Zoom,Software,149.00,2024
9705,2024-10-22,Marriott,Travel,349.00,2024
9704,2024-10-22,Stripe,Software,NULL,2024
9706,2024-10-22,Uber,Travel,239.00,2024
9710,2024-10-23,Dropbox,Software,23.52,2024
9707,2024-10-23,Expensify,Software,50.00,2024
9709,2024-10-23,"Office Depot","Office Supplies",465.20,2024
9708,2024-10-23,Zoom,Software,149.00,2024
9714,2024-10-24,"American Airlines",Travel,NULL,2024
9715,2024-10-24,"American Airlines",Travel,819.80,2024
9711,2024-10-24,QuickBooks,Software,168.18,2024
9713,2024-10-24,Salesforce,Software,800.00,2024
9712,2024-10-24,Stripe,Software,59.00,2024
9718,2024-10-25,"American Airlines",Travel,1361.56,2024
9720,2024-10-25,"LinkedIn Ads",Marketing,1944.00,2024
9716,2024-10-25,Notion,Software,16.00,2024
9717,2024-10-25,"Office Depot","Office Supplies",NULL,2024
9719,2024-10-25,Zoom,Software,NULL,2024
9721,2024-10-25,Zoom,Software,149.00,2024
9723,2024-10-26,Expensify,Software,50.00,2024
9725,2024-10-26,"Google Ads",Marketing,1849.74,2024
9724,2024-10-26,Notion,Software,16.00,2024
9728,2024-10-27,AWS,Software,3634.10,2024
9726,2024-10-27,Mailchimp,Marketing,299.00,2024
9727,2024-10-27,Marriott,Travel,344.00,2024
9730,2024-10-28,"Delta Airlines",Travel,349.00,2024
9734,2024-10-28,"Delta Airlines",Travel,2047.47,2024
9729,2024-10-28,FedEx,Shipping,167.65,2024
9732,2024-10-28,Microsoft,Software,377.00,2024
9731,2024-10-28,Uber,Travel,111.90,2024
9733,2024-10-28,Uber,Travel,172.00,2024
9735,2024-10-29,Amazon,"Office Supplies",996.00,2024
9736,2024-10-29,Marriott,Travel,590.50,2024
9738,2024-10-29,Slack,Software,87.00,2024
9737,2024-10-29,Staples,"Office Supplies",139.10,2024
9739,2024-10-30,AWS,Software,1406.22,2024
9742,2024-10-30,Dropbox,Software,17.00,2024
9740,2024-10-30,Dropbox,Software,22.46,2024
9741,2024-10-30,Notion,Software,16.00,2024
9743,2024-10-30,Zoom,Software,149.00,2024
9745,2024-10-31,Amazon,"Office Supplies",923.40,2024
9746,2024-10-31,Asana,Software,43.70,2024
9749,2024-10-31,"Google Ads",Marketing,2069.00,2024
9744,2024-10-31,HubSpot,Marketing,1142.30,2024
9750,2024-10-31,Slack,Software,87.00,2024
9747,2024-10-31,Zoom,Software,149.00,2024
9753,2024-11-01,Dropbox,Software,15.20,2024
9752,2024-11-01,"Google Ads",Marketing,3243.73,2024
9755,2024-11-01,Notion,Software,16.00,2024
9751,2024-11-01,QuickBooks,Software,178.72,2024
9754,2024-11-01,WeWork,Rent,NULL,2024
9759,2024-11-02,"American Airlines",Travel,NULL,2024
9756,2024-11-02,Marriott,Travel,323.00,2024
9757,2024-11-02,Stripe,Software,59.00,2024
9761,2024-11-03,Dropbox,Software,19.30,2024
9762,2024-11-03,Expensify,Software,50.00,2024
9760,2024-11-03,"Google Ads",Marketing,3364.41,2024
9763,2024-11-03,"LinkedIn Ads",Marketing,1459.00,2024
9765,2024-11-04,"American Airlines",Travel,NULL,2024
9764,2024-11-04,AWS,Software,3300.32,2024
9769,2024-11-04,Expensify,Software,50.00,2024
9767,2024-11-04,Mailchimp,Marketing,299.00,2024
9768,2024-11-04,Staples,"Office Supplies",NULL,2024
9766,2024-11-04,Uber,Travel,109.00,2024
9772,2024-11-05,Asana,Software,39.00,2024
9776,2024-11-05,Dropbox,Software,20.26,2024
9774,2024-11-05,Expensify,Software,50.00,2024
9770,2024-11-05,Mailchimp,Marketing,299.00,2024
9773,2024-11-05,"Office Depot","Office Supplies",261.49,2024
9777,2024-11-05,Slack,Software,87.00,2024
9775,2024-11-05,Uber,Travel,NULL,2024
9771,2024-11-05,Zoom,Software,149.00,2024
9781,2024-11-06,Amazon,"Office Supplies",1540.00,2024
9782,2024-11-06,Expensify,Software,50.00,2024
9783,2024-11-06,FedEx,Shipping,212.00,2024
9780,2024-11-06,HubSpot,Marketing,1065.75,2024
9779,2024-11-06,Notion,Software,16.00,2024
9778,2024-11-06,Uber,Travel,91.36,2024
9785,2024-11-07,DHL,Shipping,157.69,2024
9787,2024-11-07,Microsoft,Software,292.60,2024
9788,2024-11-07,Notion,Software,16.00,2024
9784,2024-11-07,"Office Depot","Office Supplies",253.16,2024
9789,2024-11-07,QuickBooks,Software,108.79,2024
9786,2024-11-07,Zoom,Software,NULL,2024
9791,2024-11-08,"American Airlines",Travel,1359.94,2024
9794,2024-11-08,"American Airlines",Travel,1768.77,2024
9795,2024-11-08,Mailchimp,Marketing,299.00,2024
9792,2024-11-08,Notion,Software,16.00,2024
9790,2024-11-08,"Office Depot","Office Supplies",297.67,2024
9796,2024-11-08,WeWork,Rent,3200.00,2024
9802,2024-11-09,Amazon,"Office Supplies",183.59,2024
9800,2024-11-09,DHL,Shipping,NULL,2024
9798,2024-11-09,Dropbox,Software,24.00,2024
9801,2024-11-09,HubSpot,Marketing,901.64,2024
9799,2024-11-09,Microsoft,Software,418.00,2024
9797,2024-11-09,Notion,Software,16.00,2024
9803,2024-11-10,Amazon,"Office Supplies",285.10,2024
9804,2024-11-10,DHL,Shipping,NULL,2024
9805,2024-11-10,Salesforce,Software,800.00,2024
9808,2024-11-11,DHL,Shipping,NULL,2024
9807,2024-11-11,Notion,Software,16.00,2024
9806,2024-11-11,Stripe,Software,59.00,2024
9813,2024-11-12,Dropbox,Software,NULL,2024
9809,2024-11-12,FedEx,Shipping,173.86,2024
9812,2024-11-12,FedEx,Shipping,222.00,2024
9815,2024-11-12,Marriott,Travel,299.35,2024
9811,2024-11-12,Marriott,Travel,461.50,2024
9814,2024-11-12,Slack,Software,87.00,2024
9810,2024-11-12,Stripe,Software,59.00,2024
9818,2024-11-13,AWS,Software,2332.53,2024
9817,2024-11-13,"LinkedIn Ads",Marketing,1194.90,2024
9820,2024-11-13,Salesforce,Software,800.00,2024
9819,2024-11-13,Staples,"Office Supplies",329.70,2024
9821,2024-11-14,"American Airlines",Travel,2011.76,2024
9825,2024-11-14,AWS,Software,4243.40,2024
9824,2024-11-14,"LinkedIn Ads",Marketing,628.01,2024
9823,2024-11-14,QuickBooks,Software,166.41,2024
9822,2024-11-14,Stripe,Software,59.00,2024
9832,2024-11-15,"American Airlines",Travel,604.30,2024
9827,2024-11-15,AWS,Software,927.49,2024
9828,2024-11-15,Expensify,Software,50.00,2024
9826,2024-11-15,"LinkedIn Ads",Marketing,1406.00,2024
9830,2024-11-15,Marriott,Travel,172.69,2024
9833,2024-11-15,Marriott,Travel,481.17,2024
9829,2024-11-15,"Office Depot","Office Supplies",138.22,2024
9831,2024-11-15,Staples,"Office Supplies",375.00,2024
9838,2024-11-16,"Google Ads",Marketing,NULL,2024
9834,2024-11-16,Marriott,Travel,154.73,2024
9835,2024-11-16,Marriott,Travel,174.92,2024
9836,2024-11-16,QuickBooks,Software,127.40,2024
9837,2024-11-16,Stripe,Software,59.00,2024
9840,2024-11-17,DHL,Shipping,NULL,2024
9843,2024-11-17,Notion,Software,NULL,2024
9839,2024-11-17,QuickBooks,Software,152.50,2024
9842,2024-11-17,Salesforce,Software,800.00,2024
9845,2024-11-17,Staples,"Office Supplies",NULL,2024
9841,2024-11-17,Staples,"Office Supplies",111.60,2024
9846,2024-11-17,Staples,"Office Supplies",120.30,2024
9844,2024-11-17,WeWork,Rent,3200.00,2024
9848,2024-11-18,Expensify,Software,50.00,2024
9847,2024-11-18,FedEx,Shipping,216.49,2024
9849,2024-11-18,Microsoft,Software,443.75,2024
9851,2024-11-19,"American Airlines",Travel,2242.52,2024
9852,2024-11-19,Asana,Software,59.10,2024
9850,2024-11-19,Marriott,Travel,444.32,2024
9853,2024-11-19,QuickBooks,Software,165.00,2024
9859,2024-11-20,Amazon,"Office Supplies",194.29,2024
9855,2024-11-20,"American Airlines",Travel,371.33,2024
9857,2024-11-20,Asana,Software,83.00,2024
9856,2024-11-20,AWS,Software,628.00,2024
9860,2024-11-20,"Delta Airlines",Travel,2007.05,2024
9854,2024-11-20,Marriott,Travel,394.90,2024
9858,2024-11-20,Microsoft,Software,396.30,2024
9864,2024-11-21,FedEx,Shipping,NULL,2024
9862,2024-11-21,"LinkedIn Ads",Marketing,NULL,2024
9863,2024-11-21,"Office Depot","Office Supplies",286.16,2024
9861,2024-11-21,Staples,"Office Supplies",228.00,2024
9869,2024-11-22,"American Airlines",Travel,1232.00,2024
9866,2024-11-22,"American Airlines",Travel,1951.00,2024
9865,2024-11-22,Asana,Software,99.36,2024
9871,2024-11-22,"Delta Airlines",Travel,312.63,2024
9870,2024-11-22,HubSpot,Marketing,NULL,2024
9872,2024-11-22,HubSpot,Marketing,1022.60,2024
9867,2024-11-22,"LinkedIn Ads",Marketing,1629.00,2024
9868,2024-11-22,Salesforce,Software,800.00,2024
9875,2024-11-23,"Delta Airlines",Travel,1071.70,2024
9874,2024-11-23,Dropbox,Software,NULL,2024
9873,2024-11-23,FedEx,Shipping,287.10,2024
9876,2024-11-23,Microsoft,Software,319.00,2024
9877,2024-11-24,AWS,Software,1477.00,2024
9881,2024-11-24,Dropbox,Software,20.50,2024
9880,2024-11-24,HubSpot,Marketing,1159.35,2024
9883,2024-11-24,"Office Depot","Office Supplies",42.01,2024
9884,2024-11-24,QuickBooks,Software,51.56,2024
9878,2024-11-24,Salesforce,Software,800.00,2024
9879,2024-11-24,Slack,Software,87.00,2024
9886,2024-11-25,AWS,Software,3053.00,2024
9885,2024-11-25,HubSpot,Marketing,1123.60,2024
9887,2024-11-25,Stripe,Software,NULL,2024
9893,2024-11-26,AWS,Software,2970.35,2024
9888,2024-11-26,HubSpot,Marketing,1049.10,2024
9891,2024-11-26,Mailchimp,Marketing,299.00,2024
9892,2024-11-26,Marriott,Travel,408.33,2024
9889,2024-11-26,Staples,"Office Supplies",117.00,2024
9890,2024-11-26,Staples,"Office Supplies",316.98,2024
9900,2024-11-27,Amazon,"Office Supplies",1286.20,2024
9895,2024-11-27,Asana,Software,94.74,2024
9896,2024-11-27,"Delta Airlines",Travel,1366.80,2024
9898,2024-11-27,"Google Ads",Marketing,1111.00,2024
9901,2024-11-27,"Google Ads",Marketing,2407.00,2024
9894,2024-11-27,"LinkedIn Ads",Marketing,1879.82,2024
9897,2024-11-27,Mailchimp,Marketing,299.00,2024
9899,2024-11-27,QuickBooks,Software,50.50,2024
9902,2024-11-28,Mailchimp,Marketing,299.00,2024
9903,2024-11-28,Notion,Software,16.00,2024
9905,2024-11-28,"Office Depot","Office Supplies",170.08,2024
9907,2024-11-28,QuickBooks,Software,118.70,2024
9906,2024-11-28,Staples,"Office Supplies",202.50,2024
9908,2024-11-29,Dropbox,Software,22.00,2024
9909,2024-11-29,QuickBooks,Software,163.37,2024
9910,2024-11-29,Slack,Software,87.00,2024
9911,2024-11-29,Stripe,Software,59.00,2024
9912,2024-11-29,WeWork,Rent,3200.00,2024
9916,2024-11-30,Expensify,Software,50.00,2024
9913,2024-11-30,Salesforce,Software,800.00,2024
9914,2024-11-30,Stripe,Software,59.00,2024
9915,2024-11-30,Zoom,Software,149.00,2024
9922,2024-12-01,Expensify,Software,50.00,2024
9923,2024-12-01,Microsoft,Software,161.35,2024
9921,2024-12-01,Notion,Software,16.00,2024
9920,2024-12-01,QuickBooks,Software,151.00,2024
9918,2024-12-01,Salesforce,Software,800.00,2024
9917,2024-12-01,WeWork,Rent,3200.00,2024
9919,2024-12-01,Zoom,Software,149.00,2024
9929,2024-12-02,"American Airlines",Travel,1231.00,2024
9925,2024-12-02,"LinkedIn Ads",Marketing,688.50,2024
9924,2024-12-02,Mailchimp,Marketing,299.00,2024
9930,2024-12-02,Notion,Software,NULL,2024
9928,2024-12-02,Salesforce,Software,800.00,2024
9926,2024-12-02,Slack,Software,87.00,2024
9932,2024-12-03,Amazon,"Office Supplies",1098.00,2024
9931,2024-12-03,Dropbox,Software,16.90,2024
9934,2024-12-03,"Office Depot","Office Supplies",359.73,2024
9933,2024-12-03,QuickBooks,Software,111.19,2024
9938,2024-12-04,DHL,Shipping,153.00,2024
9940,2024-12-04,DHL,Shipping,169.00,2024
9936,2024-12-04,Expensify,Software,50.00,2024
9935,2024-12-04,"LinkedIn Ads",Marketing,871.30,2024
9937,2024-12-04,"LinkedIn Ads",Marketing,1768.30,2024
9939,2024-12-04,Salesforce,Software,800.00,2024
9944,2024-12-05,"American Airlines",Travel,709.50,2024
9948,2024-12-05,AWS,Software,781.00,2024
9943,2024-12-05,DHL,Shipping,43.38,2024
9945,2024-12-05,FedEx,Shipping,78.00,2024
9942,2024-12-05,"Google Ads",Marketing,3351.92,2024
9946,2024-12-05,Microsoft,Software,NULL,2024
9947,2024-12-05,Microsoft,Software,384.80,2024
9941,2024-12-05,Uber,Travel,149.80,2024
9951,2024-12-06,"American Airlines",Travel,2662.00,2024
9952,2024-12-06,DHL,Shipping,32.00,2024
9950,2024-12-06,"Google Ads",Marketing,1550.49,2024
9949,2024-12-06,Notion,Software,16.00,2024
9954,2024-12-07,"American Airlines",Travel,NULL,2024
9953,2024-12-07,AWS,Software,1780.79,2024
9955,2024-12-07,Marriott,Travel,326.40,2024
9958,2024-12-08,FedEx,Shipping,61.34,2024
9956,2024-12-08,"LinkedIn Ads",Marketing,1282.00,2024
9959,2024-12-08,"LinkedIn Ads",Marketing,1409.01,2024
9957,2024-12-08,Uber,Travel,237.74,2024
9962,2024-12-09,AWS,Software,4352.00,2024
9961,2024-12-09,HubSpot,Marketing,NULL,2024
9960,2024-12-09,HubSpot,Marketing,485.41,2024
9963,2024-12-09,Mailchimp,Marketing,299.00,2024
9966,2024-12-10,Mailchimp,Marketing,299.00,2024
9965,2024-12-10,Microsoft,Software,179.60,2024
9964,2024-12-10,Microsoft,Software,492.48,2024
9972,2024-12-11,AWS,Software,2507.00,2024
9971,2024-12-11,"LinkedIn Ads",Marketing,1004.00,2024
9970,2024-12-11,"LinkedIn Ads",Marketing,1164.60,2024
9969,2024-12-11,"LinkedIn Ads",Marketing,1667.55,2024
9973,2024-12-11,Notion,Software,16.00,2024
9968,2024-12-11,Uber,Travel,140.16,2024
9967,2024-12-11,Uber,Travel,253.80,2024
9977,2024-12-12,Amazon,"Office Supplies",1293.00,2024
9975,2024-12-12,AWS,Software,4520.97,2024
9978,2024-12-12,Dropbox,Software,19.50,2024
9976,2024-12-12,Microsoft,Software,163.68,2024
9974,2024-12-12,Slack,Software,87.00,2024
9981,2024-12-13,Amazon,"Office Supplies",NULL,2024
9984,2024-12-13,Dropbox,Software,21.71,2024
9982,2024-12-13,Expensify,Software,50.00,2024
9979,2024-12-13,Microsoft,Software,414.63,2024
9983,2024-12-13,Notion,Software,16.00,2024
9980,2024-12-13,Uber,Travel,172.13,2024
9985,2024-12-13,WeWork,Rent,3200.00,2024
9987,2024-12-14,Expensify,Software,50.00,2024
9991,2024-12-14,Notion,Software,NULL,2024
9988,2024-12-14,Uber,Travel,265.00,2024
9989,2024-12-14,Uber,Travel,286.22,2024
9986,2024-12-14,WeWork,Rent,3200.00,2024
9990,2024-12-14,Zoom,Software,NULL,2024
9997,2024-12-15,AWS,Software,384.23,2024
9994,2024-12-15,DHL,Shipping,75.68,2024
9996,2024-12-15,"Google Ads",Marketing,1621.88,2024
9995,2024-12-15,HubSpot,Marketing,574.03,2024
9992,2024-12-15,Microsoft,Software,362.44,2024
9993,2024-12-15,Salesforce,Software,800.00,2024
10002,2024-12-16,"Delta Airlines",Travel,1601.74,2024
10001,2024-12-16,"Office Depot","Office Supplies",NULL,2024
10000,2024-12-16,Staples,"Office Supplies",295.82,2024
9999,2024-12-16,Stripe,Software,59.00,2024
9998,2024-12-16,WeWork,Rent,3200.00,2024
10003,2024-12-17,"American Airlines",Travel,2924.10,2024
10004,2024-12-17,AWS,Software,3233.44,2024
10007,2024-12-17,"Delta Airlines",Travel,461.74,2024
10006,2024-12-17,Marriott,Travel,346.90,2024
10005,2024-12-17,Microsoft,Software,153.59,2024
10013,2024-12-18,FedEx,Shipping,NULL,2024
10011,2024-12-18,FedEx,Shipping,54.00,2024
10008,2024-12-18,"LinkedIn Ads",Marketing,1938.87,2024
10009,2024-12-18,Mailchimp,Marketing,299.00,2024
10010,2024-12-18,Staples,"Office Supplies",260.96,2024
10012,2024-12-18,Stripe,Software,59.00,2024
10014,2024-12-19,Mailchimp,Marketing,299.00,2024
10017,2024-12-19,Marriott,Travel,437.50,2024
10015,2024-12-19,Notion,Software,16.00,2024
10016,2024-12-19,"Office Depot","Office Supplies",473.70,2024
10018,2024-12-19,Stripe,Software,59.00,2024
10019,2024-12-20,Expensify,Software,50.00,2024
10020,2024-12-20,"Office Depot","Office Supplies",188.30,2024
10021,2024-12-20,Uber,Travel,271.33,2024
10026,2024-12-21,Asana,Software,93.00,2024
10025,2024-12-21,DHL,Shipping,173.41,2024
10024,2024-12-21,FedEx,Shipping,88.00,2024
10022,2024-12-21,"Office Depot","Office Supplies",NULL,2024
10023,2024-12-21,Salesforce,Software,800.00,2024
10033,2024-12-22,DHL,Shipping,118.80,2024
10031,2024-12-22,Expensify,Software,50.00,2024
10027,2024-12-22,FedEx,Shipping,106.81,2024
10028,2024-12-22,Mailchimp,Marketing,299.00,2024
10032,2024-12-22,Marriott,Travel,224.20,2024
10034,2024-12-22,Microsoft,Software,381.00,2024
10029,2024-12-22,Stripe,Software,59.00,2024
10030,2024-12-22,Zoom,Software,149.00,2024
10036,2024-12-23,"LinkedIn Ads",Marketing,1540.69,2024
10039,2024-12-23,Marriott,Travel,NULL,2024
10037,2024-12-23,Microsoft,Software,204.20,2024
10035,2024-12-23,"Office Depot","Office Supplies",NULL,2024
10038,2024-12-23,WeWork,Rent,3200.00,2024
10041,2024-12-24,Amazon,"Office Supplies",1193.72,2024
10044,2024-12-24,Dropbox,Software,24.05,2024
10042,2024-12-24,QuickBooks,Software,97.10,2024
10043,2024-12-24,Salesforce,Software,800.00,2024
10040,2024-12-24,Slack,Software,87.00,2024
10045,2024-12-25,Amazon,"Office Supplies",933.34,2024
10047,2024-12-25,DHL,Shipping,164.12,2024
10052,2024-12-25,Dropbox,Software,22.00,2024
10051,2024-12-25,Expensify,Software,50.00,2024
10049,2024-12-25,"Google Ads",Marketing,2018.50,2024
10048,2024-12-25,Marriott,Travel,502.40,2024
10046,2024-12-25,Staples,"Office Supplies",115.85,2024
10050,2024-12-25,Zoom,Software,149.00,2024
10056,2024-12-26,"Delta Airlines",Travel,1217.60,2024
10057,2024-12-26,"Google Ads",Marketing,3468.10,2024
10053,2024-12-26,HubSpot,Marketing,1175.60,2024
10058,2024-12-26,"LinkedIn Ads",Marketing,1256.95,2024
10054,2024-12-26,"Office Depot","Office Supplies",168.00,2024
10055,2024-12-26,Stripe,Software,59.00,2024
10061,2024-12-27,"Delta Airlines",Travel,466.41,2024
10064,2024-12-27,"Delta Airlines",Travel,739.35,2024
10065,2024-12-27,Dropbox,Software,15.00,2024
10066,2024-12-27,HubSpot,Marketing,1054.20,2024
10063,2024-12-27,Mailchimp,Marketing,299.00,2024
10060,2024-12-27,QuickBooks,Software,115.18,2024
10059,2024-12-27,Salesforce,Software,800.00,2024
10062,2024-12-27,Slack,Software,87.00,2024
10069,2024-12-28,"Delta Airlines",Travel,458.32,2024
10067,2024-12-28,HubSpot,Marketing,NULL,2024
10068,2024-12-28,Mailchimp,Marketing,299.00,2024
10070,2024-12-28,Notion,Software,16.00,2024
10071,2024-12-29,Mailchimp,Marketing,NULL,2024
10074,2024-12-29,Mailchimp,Marketing,299.00,2024
10072,2024-12-29,Notion,Software,NULL,2024
10073,2024-12-29,"Office Depot","Office Supplies",230.36,2024
10075,2024-12-29,Staples,"Office Supplies",63.26,2024
10076,2024-12-29,Zoom,Software,149.00,2024
10078,2024-12-30,"LinkedIn Ads",Marketing,NULL,2024
10079,2024-12-30,"Office Depot","Office Supplies",NULL,2024
10077,2024-12-30,Salesforce,Software,800.00,2024
10080,2024-12-30,Zoom,Software,149.00,2024
10082,2024-12-31,QuickBooks,Software,52.30,2024
10081,2024-12-31,Salesforce,Software,800.00,2024
10083,2024-12-31,Uber,Travel,182.00,2024
